solid OpenSCAD_Model
  facet normal -0.0436163 -0.999048 0
    outer loop
      vertex 5.65138 1.01522 9
      vertex 6 1 105
      vertex 5.65138 1.01522 105
    endloop
  endfacet
  facet normal -0.0436163 -0.999048 -0
    outer loop
      vertex 6 1 105
      vertex 5.65138 1.01522 9
      vertex 6 1 9
    endloop
  endfacet
  facet normal 0.5373 -0.843391 0
    outer loop
      vertex 8 1.5359 9
      vertex 8.2943 1.72339 105
      vertex 8 1.5359 105
    endloop
  endfacet
  facet normal 0.5373 -0.843391 0
    outer loop
      vertex 8.2943 1.72339 105
      vertex 8 1.5359 9
      vertex 8.2943 1.72339 9
    endloop
  endfacet
  facet normal 0.991444 0.130532 0
    outer loop
      vertex 9.98478 5.34862 105
      vertex 9.93923 5.69459 3
      vertex 9.93923 5.69459 105
    endloop
  endfacet
  facet normal 0.991444 0.130532 0
    outer loop
      vertex 9.93923 5.69459 3
      vertex 9.98478 5.34862 105
      vertex 9.98478 5.34862 3
    endloop
  endfacet
  facet normal 0.999048 0.0436163 0
    outer loop
      vertex 10 5 105
      vertex 9.98478 5.34862 3
      vertex 9.98478 5.34862 105
    endloop
  endfacet
  facet normal 0.999048 0.0436163 0
    outer loop
      vertex 9.98478 5.34862 3
      vertex 10 5 105
      vertex 10 5 3
    endloop
  endfacet
  facet normal 0.976295 0.216442 0
    outer loop
      vertex 9.93923 5.69459 105
      vertex 9.8637 6.03528 3
      vertex 9.8637 6.03528 105
    endloop
  endfacet
  facet normal 0.976295 0.216442 0
    outer loop
      vertex 9.8637 6.03528 3
      vertex 9.93923 5.69459 105
      vertex 9.93923 5.69459 3
    endloop
  endfacet
  facet normal 0 0 1
    outer loop
      vertex 9.98478 5.34862 105
      vertex 9.98478 4.65138 105
      vertex 10 5 105
    endloop
  endfacet
  facet normal 0 0 1
    outer loop
      vertex 9.93923 5.69459 105
      vertex 9.98478 4.65138 105
      vertex 9.98478 5.34862 105
    endloop
  endfacet
  facet normal 0 0 1
    outer loop
      vertex 9.93923 5.69459 105
      vertex 9.93923 4.30541 105
      vertex 9.98478 4.65138 105
    endloop
  endfacet
  facet normal 0 0 1
    outer loop
      vertex 9.8637 6.03528 105
      vertex 9.93923 4.30541 105
      vertex 9.93923 5.69459 105
    endloop
  endfacet
  facet normal 0 0 1
    outer loop
      vertex 9.8637 6.03528 105
      vertex 9.8637 3.96472 105
      vertex 9.93923 4.30541 105
    endloop
  endfacet
  facet normal 0 0 1
    outer loop
      vertex 9.75877 6.36808 105
      vertex 9.8637 3.96472 105
      vertex 9.8637 6.03528 105
    endloop
  endfacet
  facet normal 0 0 1
    outer loop
      vertex 9.75877 6.36808 105
      vertex 9.75877 3.63192 105
      vertex 9.8637 3.96472 105
    endloop
  endfacet
  facet normal 0 0 1
    outer loop
      vertex 9.62523 6.69047 105
      vertex 9.75877 3.63192 105
      vertex 9.75877 6.36808 105
    endloop
  endfacet
  facet normal 0 0 1
    outer loop
      vertex 9.62523 6.69047 105
      vertex 9.62523 3.30953 105
      vertex 9.75877 3.63192 105
    endloop
  endfacet
  facet normal 0 0 1
    outer loop
      vertex 9.4641 7 105
      vertex 9.62523 3.30953 105
      vertex 9.62523 6.69047 105
    endloop
  endfacet
  facet normal 0 0 1
    outer loop
      vertex 9.4641 7 105
      vertex 9.4641 3 105
      vertex 9.62523 3.30953 105
    endloop
  endfacet
  facet normal 0 0 1
    outer loop
      vertex 9.27661 7.2943 105
      vertex 9.4641 3 105
      vertex 9.4641 7 105
    endloop
  endfacet
  facet normal 0 0 1
    outer loop
      vertex 9.27661 7.2943 105
      vertex 9.27661 2.70569 105
      vertex 9.4641 3 105
    endloop
  endfacet
  facet normal 0 0 1
    outer loop
      vertex 9.06418 7.57115 105
      vertex 9.27661 2.70569 105
      vertex 9.27661 7.2943 105
    endloop
  endfacet
  facet normal 0 0 1
    outer loop
      vertex 9.06418 7.57115 105
      vertex 9.06418 2.42885 105
      vertex 9.27661 2.70569 105
    endloop
  endfacet
  facet normal 0 0 1
    outer loop
      vertex 8.82843 7.82843 105
      vertex 9.06418 2.42885 105
      vertex 9.06418 7.57115 105
    endloop
  endfacet
  facet normal 0 0 1
    outer loop
      vertex 8.82843 7.82843 105
      vertex 8.82843 2.17157 105
      vertex 9.06418 2.42885 105
    endloop
  endfacet
  facet normal 0 0 1
    outer loop
      vertex 8.57115 8.06418 105
      vertex 8.82843 2.17157 105
      vertex 8.82843 7.82843 105
    endloop
  endfacet
  facet normal 0 0 1
    outer loop
      vertex 8.57115 8.06418 105
      vertex 8.57115 1.93582 105
      vertex 8.82843 2.17157 105
    endloop
  endfacet
  facet normal 0 0 1
    outer loop
      vertex 8.2943 8.27661 105
      vertex 8.57115 1.93582 105
      vertex 8.57115 8.06418 105
    endloop
  endfacet
  facet normal 0 0 1
    outer loop
      vertex 8.2943 8.27661 105
      vertex 8.2943 1.72339 105
      vertex 8.57115 1.93582 105
    endloop
  endfacet
  facet normal 0 0 1
    outer loop
      vertex 8 8.4641 105
      vertex 8.2943 1.72339 105
      vertex 8.2943 8.27661 105
    endloop
  endfacet
  facet normal 0 0 1
    outer loop
      vertex 8 8.4641 105
      vertex 8 1.5359 105
      vertex 8.2943 1.72339 105
    endloop
  endfacet
  facet normal 0 0 1
    outer loop
      vertex 7.69047 8.62523 105
      vertex 8 1.5359 105
      vertex 8 8.4641 105
    endloop
  endfacet
  facet normal 0 0 1
    outer loop
      vertex 7.69047 8.62523 105
      vertex 7.69047 1.37477 105
      vertex 8 1.5359 105
    endloop
  endfacet
  facet normal 0 0 1
    outer loop
      vertex 7.36808 8.75877 105
      vertex 7.69047 1.37477 105
      vertex 7.69047 8.62523 105
    endloop
  endfacet
  facet normal 0 0 1
    outer loop
      vertex 7.36808 8.75877 105
      vertex 7.36808 1.24123 105
      vertex 7.69047 1.37477 105
    endloop
  endfacet
  facet normal 0 0 1
    outer loop
      vertex 7.03528 8.8637 105
      vertex 7.36808 1.24123 105
      vertex 7.36808 8.75877 105
    endloop
  endfacet
  facet normal 0 0 1
    outer loop
      vertex 7.03528 8.8637 105
      vertex 7.03528 1.1363 105
      vertex 7.36808 1.24123 105
    endloop
  endfacet
  facet normal 0 0 1
    outer loop
      vertex 6.69459 8.93923 105
      vertex 7.03528 1.1363 105
      vertex 7.03528 8.8637 105
    endloop
  endfacet
  facet normal 0 0 1
    outer loop
      vertex 6.69459 8.93923 105
      vertex 6.69459 1.06077 105
      vertex 7.03528 1.1363 105
    endloop
  endfacet
  facet normal 0 0 1
    outer loop
      vertex 6.34862 8.98478 105
      vertex 6.69459 1.06077 105
      vertex 6.69459 8.93923 105
    endloop
  endfacet
  facet normal 0 0 1
    outer loop
      vertex 6.34862 8.98478 105
      vertex 6.34862 1.01522 105
      vertex 6.69459 1.06077 105
    endloop
  endfacet
  facet normal 0 0 1
    outer loop
      vertex 6 9 105
      vertex 6.34862 1.01522 105
      vertex 6.34862 8.98478 105
    endloop
  endfacet
  facet normal 0 0 1
    outer loop
      vertex 6 9 105
      vertex 6 1 105
      vertex 6.34862 1.01522 105
    endloop
  endfacet
  facet normal -0 0 1
    outer loop
      vertex 5.65138 8.98478 105
      vertex 6 1 105
      vertex 6 9 105
    endloop
  endfacet
  facet normal 0 0 1
    outer loop
      vertex 5.65138 8.98478 105
      vertex 5.65138 1.01522 105
      vertex 6 1 105
    endloop
  endfacet
  facet normal -0 0 1
    outer loop
      vertex 5.30541 8.93923 105
      vertex 5.65138 1.01522 105
      vertex 5.65138 8.98478 105
    endloop
  endfacet
  facet normal 0 0 1
    outer loop
      vertex 5.30541 8.93923 105
      vertex 5.30541 1.06077 105
      vertex 5.65138 1.01522 105
    endloop
  endfacet
  facet normal -0 0 1
    outer loop
      vertex 4.96472 8.8637 105
      vertex 5.30541 1.06077 105
      vertex 5.30541 8.93923 105
    endloop
  endfacet
  facet normal 0 0 1
    outer loop
      vertex 4.96472 8.8637 105
      vertex 4.96472 1.1363 105
      vertex 5.30541 1.06077 105
    endloop
  endfacet
  facet normal -0 0 1
    outer loop
      vertex 4.63192 8.75877 105
      vertex 4.96472 1.1363 105
      vertex 4.96472 8.8637 105
    endloop
  endfacet
  facet normal 0 0 1
    outer loop
      vertex 4.63192 8.75877 105
      vertex 4.63192 1.24123 105
      vertex 4.96472 1.1363 105
    endloop
  endfacet
  facet normal -0 0 1
    outer loop
      vertex 4.30953 8.62523 105
      vertex 4.63192 1.24123 105
      vertex 4.63192 8.75877 105
    endloop
  endfacet
  facet normal 0 0 1
    outer loop
      vertex 4.30953 8.62523 105
      vertex 4.30953 1.37477 105
      vertex 4.63192 1.24123 105
    endloop
  endfacet
  facet normal -0 0 1
    outer loop
      vertex 4 8.4641 105
      vertex 4.30953 1.37477 105
      vertex 4.30953 8.62523 105
    endloop
  endfacet
  facet normal 0 0 1
    outer loop
      vertex 4 8.4641 105
      vertex 4 1.5359 105
      vertex 4.30953 1.37477 105
    endloop
  endfacet
  facet normal -0 0 1
    outer loop
      vertex 3.70569 8.27661 105
      vertex 4 1.5359 105
      vertex 4 8.4641 105
    endloop
  endfacet
  facet normal 0 0 1
    outer loop
      vertex 3.70569 8.27661 105
      vertex 3.70569 1.72339 105
      vertex 4 1.5359 105
    endloop
  endfacet
  facet normal -0 0 1
    outer loop
      vertex 3.42885 8.06418 105
      vertex 3.70569 1.72339 105
      vertex 3.70569 8.27661 105
    endloop
  endfacet
  facet normal 0 0 1
    outer loop
      vertex 3.42885 8.06418 105
      vertex 3.42885 1.93582 105
      vertex 3.70569 1.72339 105
    endloop
  endfacet
  facet normal 0 0 1
    outer loop
      vertex 3 7.64119 105
      vertex 3.42885 8.06418 105
      vertex 3.17157 7.82843 105
    endloop
  endfacet
  facet normal 0 0 1
    outer loop
      vertex 3.42885 8.06418 105
      vertex 3 7.64119 105
      vertex 3.42885 1.93582 105
    endloop
  endfacet
  facet normal -0 0 1
    outer loop
      vertex 3 2.35881 105
      vertex 3.42885 1.93582 105
      vertex 3 7.64119 105
    endloop
  endfacet
  facet normal 0 0 1
    outer loop
      vertex 3.42885 1.93582 105
      vertex 3 2.35881 105
      vertex 3.17157 2.17157 105
    endloop
  endfacet
  facet normal 0.130532 0.991444 -0
    outer loop
      vertex 6.69459 8.93923 3
      vertex 6.34862 8.98478 105
      vertex 6.69459 8.93923 105
    endloop
  endfacet
  facet normal 0.130532 0.991444 0
    outer loop
      vertex 6.34862 8.98478 105
      vertex 6.69459 8.93923 3
      vertex 6.34862 8.98478 3
    endloop
  endfacet
  facet normal 0.999048 -0.0436163 0
    outer loop
      vertex 9.98478 4.65138 105
      vertex 10 5 3
      vertex 10 5 105
    endloop
  endfacet
  facet normal 0.999048 -0.0436163 0
    outer loop
      vertex 10 5 3
      vertex 9.98478 4.65138 105
      vertex 9.98478 4.65138 3
    endloop
  endfacet
  facet normal -0.537287 0.843399 0
    outer loop
      vertex 4 8.4641 3
      vertex 3.70569 8.27661 105
      vertex 4 8.4641 105
    endloop
  endfacet
  facet normal -0.537287 0.843399 0
    outer loop
      vertex 3.70569 8.27661 105
      vertex 4 8.4641 3
      vertex 3.70569 8.27661 3
    endloop
  endfacet
  facet normal 0.0436163 -0.999048 0
    outer loop
      vertex 6 1 9
      vertex 6.34862 1.01522 105
      vertex 6 1 105
    endloop
  endfacet
  facet normal 0.0436163 -0.999048 0
    outer loop
      vertex 6.34862 1.01522 105
      vertex 6 1 9
      vertex 6.34862 1.01522 9
    endloop
  endfacet
  facet normal -0.461746 0.887012 0
    outer loop
      vertex 4.30953 8.62523 3
      vertex 4 8.4641 105
      vertex 4.30953 8.62523 105
    endloop
  endfacet
  facet normal -0.461746 0.887012 0
    outer loop
      vertex 4 8.4641 105
      vertex 4.30953 8.62523 3
      vertex 4 8.4641 3
    endloop
  endfacet
  facet normal -0.300702 0.953718 0
    outer loop
      vertex 4.96472 8.8637 3
      vertex 4.63192 8.75877 105
      vertex 4.96472 8.8637 105
    endloop
  endfacet
  facet normal -0.300702 0.953718 0
    outer loop
      vertex 4.63192 8.75877 105
      vertex 4.96472 8.8637 3
      vertex 4.63192 8.75877 3
    endloop
  endfacet
  facet normal 0.216442 -0.976295 0
    outer loop
      vertex 6.69459 1.06077 9
      vertex 7.03528 1.1363 105
      vertex 6.69459 1.06077 105
    endloop
  endfacet
  facet normal 0.216442 -0.976295 0
    outer loop
      vertex 7.03528 1.1363 105
      vertex 6.69459 1.06077 9
      vertex 7.03528 1.1363 9
    endloop
  endfacet
  facet normal 0.675584 0.737283 -0
    outer loop
      vertex 8.82843 7.82843 3
      vertex 8.57115 8.06418 105
      vertex 8.82843 7.82843 105
    endloop
  endfacet
  facet normal 0.675584 0.737283 0
    outer loop
      vertex 8.57115 8.06418 105
      vertex 8.82843 7.82843 3
      vertex 8.57115 8.06418 3
    endloop
  endfacet
  facet normal 0.608753 0.79336 -0
    outer loop
      vertex 8.57115 8.06418 3
      vertex 8.2943 8.27661 105
      vertex 8.57115 8.06418 105
    endloop
  endfacet
  facet normal 0.608753 0.79336 0
    outer loop
      vertex 8.2943 8.27661 105
      vertex 8.57115 8.06418 3
      vertex 8.2943 8.27661 3
    endloop
  endfacet
  facet normal 0.793349 -0.608767 0
    outer loop
      vertex 9.06418 2.42885 105
      vertex 9.27661 2.70569 9
      vertex 9.27661 2.70569 105
    endloop
  endfacet
  facet normal 0.793349 -0.608767 0
    outer loop
      vertex 9.27661 2.70569 9
      vertex 9.06418 2.42885 105
      vertex 9.06418 2.42885 9
    endloop
  endfacet
  facet normal 0.976295 -0.216442 0
    outer loop
      vertex 9.8637 3.96472 105
      vertex 9.93923 4.30541 3
      vertex 9.93923 4.30541 105
    endloop
  endfacet
  facet normal 0.976295 -0.216442 0
    outer loop
      vertex 9.93923 4.30541 3
      vertex 9.8637 3.96472 105
      vertex 9.8637 3.96472 3
    endloop
  endfacet
  facet normal 0.608753 -0.79336 0
    outer loop
      vertex 8.2943 1.72339 9
      vertex 8.57115 1.93582 105
      vertex 8.2943 1.72339 105
    endloop
  endfacet
  facet normal 0.608753 -0.79336 0
    outer loop
      vertex 8.57115 1.93582 105
      vertex 8.2943 1.72339 9
      vertex 8.57115 1.93582 9
    endloop
  endfacet
  facet normal -0.737285 -0.675582 0
    outer loop
      vertex 3.17157 2.17157 9
      vertex 3 2.35881 105
      vertex 3 2.35881 9
    endloop
  endfacet
  facet normal -0.737285 -0.675582 0
    outer loop
      vertex 3 2.35881 105
      vertex 3.17157 2.17157 9
      vertex 3.17157 2.17157 105
    endloop
  endfacet
  facet normal 0.461746 0.887012 -0
    outer loop
      vertex 8 8.4641 3
      vertex 7.69047 8.62523 105
      vertex 8 8.4641 105
    endloop
  endfacet
  facet normal 0.461746 0.887012 0
    outer loop
      vertex 7.69047 8.62523 105
      vertex 8 8.4641 3
      vertex 7.69047 8.62523 3
    endloop
  endfacet
  facet normal 0.5373 0.843391 -0
    outer loop
      vertex 8.2943 8.27661 3
      vertex 8 8.4641 105
      vertex 8.2943 8.27661 105
    endloop
  endfacet
  facet normal 0.5373 0.843391 0
    outer loop
      vertex 8 8.4641 105
      vertex 8.2943 8.27661 3
      vertex 8 8.4641 3
    endloop
  endfacet
  facet normal -0.675584 0.737283 0
    outer loop
      vertex 3.42885 8.06418 3
      vertex 3.17157 7.82843 105
      vertex 3.42885 8.06418 105
    endloop
  endfacet
  facet normal -0.675584 0.737283 0
    outer loop
      vertex 3.17157 7.82843 105
      vertex 3.42885 8.06418 3
      vertex 3.17157 7.82843 3
    endloop
  endfacet
  facet normal 0.953718 0.300702 0
    outer loop
      vertex 9.8637 6.03528 105
      vertex 9.75877 6.36808 3
      vertex 9.75877 6.36808 105
    endloop
  endfacet
  facet normal 0.953718 0.300702 0
    outer loop
      vertex 9.75877 6.36808 3
      vertex 9.8637 6.03528 105
      vertex 9.8637 6.03528 3
    endloop
  endfacet
  facet normal 0.923878 -0.382688 0
    outer loop
      vertex 9.62523 3.30953 105
      vertex 9.75877 3.63192 3
      vertex 9.75877 3.63192 105
    endloop
  endfacet
  facet normal 0.923878 -0.382688 0
    outer loop
      vertex 9.75877 3.63192 3
      vertex 9.62523 3.30953 105
      vertex 9.62523 3.30953 3
    endloop
  endfacet
  facet normal 0.216442 0.976295 -0
    outer loop
      vertex 7.03528 8.8637 3
      vertex 6.69459 8.93923 105
      vertex 7.03528 8.8637 105
    endloop
  endfacet
  facet normal 0.216442 0.976295 0
    outer loop
      vertex 6.69459 8.93923 105
      vertex 7.03528 8.8637 3
      vertex 6.69459 8.93923 3
    endloop
  endfacet
  facet normal 0.382688 0.923878 -0
    outer loop
      vertex 7.69047 8.62523 3
      vertex 7.36808 8.75877 105
      vertex 7.69047 8.62523 105
    endloop
  endfacet
  facet normal 0.382688 0.923878 0
    outer loop
      vertex 7.36808 8.75877 105
      vertex 7.69047 8.62523 3
      vertex 7.36808 8.75877 3
    endloop
  endfacet
  facet normal 0.675584 -0.737283 0
    outer loop
      vertex 8.57115 1.93582 9
      vertex 8.82843 2.17157 105
      vertex 8.57115 1.93582 105
    endloop
  endfacet
  facet normal 0.675584 -0.737283 0
    outer loop
      vertex 8.82843 2.17157 105
      vertex 8.57115 1.93582 9
      vertex 8.82843 2.17157 9
    endloop
  endfacet
  facet normal 0.843391 0.5373 0
    outer loop
      vertex 9.4641 7 105
      vertex 9.27661 7.2943 3
      vertex 9.27661 7.2943 105
    endloop
  endfacet
  facet normal 0.843391 0.5373 0
    outer loop
      vertex 9.27661 7.2943 3
      vertex 9.4641 7 105
      vertex 9.4641 7 3
    endloop
  endfacet
  facet normal 0.461746 -0.887012 0
    outer loop
      vertex 7.69047 1.37477 9
      vertex 8 1.5359 105
      vertex 7.69047 1.37477 105
    endloop
  endfacet
  facet normal 0.461746 -0.887012 0
    outer loop
      vertex 8 1.5359 105
      vertex 7.69047 1.37477 9
      vertex 8 1.5359 9
    endloop
  endfacet
  facet normal 0.79336 0.608753 0
    outer loop
      vertex 9.27661 7.2943 105
      vertex 9.06418 7.57115 3
      vertex 9.06418 7.57115 105
    endloop
  endfacet
  facet normal 0.79336 0.608753 0
    outer loop
      vertex 9.06418 7.57115 3
      vertex 9.27661 7.2943 105
      vertex 9.27661 7.2943 3
    endloop
  endfacet
  facet normal 0.130532 -0.991444 0
    outer loop
      vertex 6.34862 1.01522 9
      vertex 6.69459 1.06077 105
      vertex 6.34862 1.01522 105
    endloop
  endfacet
  facet normal 0.130532 -0.991444 0
    outer loop
      vertex 6.69459 1.06077 105
      vertex 6.34862 1.01522 9
      vertex 6.69459 1.06077 9
    endloop
  endfacet
  facet normal 0.953718 -0.300702 0
    outer loop
      vertex 9.75877 3.63192 105
      vertex 9.8637 3.96472 3
      vertex 9.8637 3.96472 105
    endloop
  endfacet
  facet normal 0.953718 -0.300702 0
    outer loop
      vertex 9.8637 3.96472 3
      vertex 9.75877 3.63192 105
      vertex 9.75877 3.63192 3
    endloop
  endfacet
  facet normal 0.843399 -0.537287 0
    outer loop
      vertex 9.27661 2.70569 105
      vertex 9.4641 3 9
      vertex 9.4641 3 105
    endloop
  endfacet
  facet normal 0.843399 -0.537287 0
    outer loop
      vertex 9.4641 3 9
      vertex 9.27661 2.70569 105
      vertex 9.27661 2.70569 9
    endloop
  endfacet
  facet normal -0.537287 -0.843399 0
    outer loop
      vertex 3.70569 1.72339 9
      vertex 4 1.5359 105
      vertex 3.70569 1.72339 105
    endloop
  endfacet
  facet normal -0.537287 -0.843399 -0
    outer loop
      vertex 4 1.5359 105
      vertex 3.70569 1.72339 9
      vertex 4 1.5359 9
    endloop
  endfacet
  facet normal -0.216442 0.976295 0
    outer loop
      vertex 5.30541 8.93923 3
      vertex 4.96472 8.8637 105
      vertex 5.30541 8.93923 105
    endloop
  endfacet
  facet normal -0.216442 0.976295 0
    outer loop
      vertex 4.96472 8.8637 105
      vertex 5.30541 8.93923 3
      vertex 4.96472 8.8637 3
    endloop
  endfacet
  facet normal 0.991444 -0.130532 0
    outer loop
      vertex 9.93923 4.30541 105
      vertex 9.98478 4.65138 3
      vertex 9.98478 4.65138 105
    endloop
  endfacet
  facet normal 0.991444 -0.130532 0
    outer loop
      vertex 9.98478 4.65138 3
      vertex 9.93923 4.30541 105
      vertex 9.93923 4.30541 3
    endloop
  endfacet
  facet normal 0.923878 0.382688 0
    outer loop
      vertex 9.75877 6.36808 105
      vertex 9.62523 6.69047 3
      vertex 9.62523 6.69047 105
    endloop
  endfacet
  facet normal 0.923878 0.382688 0
    outer loop
      vertex 9.62523 6.69047 3
      vertex 9.75877 6.36808 105
      vertex 9.75877 6.36808 3
    endloop
  endfacet
  facet normal 0.887012 0.461746 0
    outer loop
      vertex 9.62523 6.69047 105
      vertex 9.4641 7 3
      vertex 9.4641 7 105
    endloop
  endfacet
  facet normal 0.887012 0.461746 0
    outer loop
      vertex 9.4641 7 3
      vertex 9.62523 6.69047 105
      vertex 9.62523 6.69047 3
    endloop
  endfacet
  facet normal -0.461746 -0.887012 0
    outer loop
      vertex 4 1.5359 9
      vertex 4.30953 1.37477 105
      vertex 4 1.5359 105
    endloop
  endfacet
  facet normal -0.461746 -0.887012 -0
    outer loop
      vertex 4.30953 1.37477 105
      vertex 4 1.5359 9
      vertex 4.30953 1.37477 9
    endloop
  endfacet
  facet normal -0.737285 0.675582 0
    outer loop
      vertex 3 7.64119 3
      vertex 3.17157 7.82843 105
      vertex 3.17157 7.82843 3
    endloop
  endfacet
  facet normal -0.737285 0.675582 0
    outer loop
      vertex 3.17157 7.82843 105
      vertex 3 7.64119 3
      vertex 3 7.64119 105
    endloop
  endfacet
  facet normal -0.130532 -0.991444 0
    outer loop
      vertex 5.30541 1.06077 9
      vertex 5.65138 1.01522 105
      vertex 5.30541 1.06077 105
    endloop
  endfacet
  facet normal -0.130532 -0.991444 -0
    outer loop
      vertex 5.65138 1.01522 105
      vertex 5.30541 1.06077 9
      vertex 5.65138 1.01522 9
    endloop
  endfacet
  facet normal -0.0436163 0.999048 0
    outer loop
      vertex 6 9 3
      vertex 5.65138 8.98478 105
      vertex 6 9 105
    endloop
  endfacet
  facet normal -0.0436163 0.999048 0
    outer loop
      vertex 5.65138 8.98478 105
      vertex 6 9 3
      vertex 5.65138 8.98478 3
    endloop
  endfacet
  facet normal -0.382688 0.923878 0
    outer loop
      vertex 4.63192 8.75877 3
      vertex 4.30953 8.62523 105
      vertex 4.63192 8.75877 105
    endloop
  endfacet
  facet normal -0.382688 0.923878 0
    outer loop
      vertex 4.30953 8.62523 105
      vertex 4.63192 8.75877 3
      vertex 4.30953 8.62523 3
    endloop
  endfacet
  facet normal -0.216442 -0.976295 0
    outer loop
      vertex 4.96472 1.1363 9
      vertex 5.30541 1.06077 105
      vertex 4.96472 1.1363 105
    endloop
  endfacet
  facet normal -0.216442 -0.976295 -0
    outer loop
      vertex 5.30541 1.06077 105
      vertex 4.96472 1.1363 9
      vertex 5.30541 1.06077 9
    endloop
  endfacet
  facet normal -0.130532 0.991444 0
    outer loop
      vertex 5.65138 8.98478 3
      vertex 5.30541 8.93923 105
      vertex 5.65138 8.98478 105
    endloop
  endfacet
  facet normal -0.130532 0.991444 0
    outer loop
      vertex 5.30541 8.93923 105
      vertex 5.65138 8.98478 3
      vertex 5.30541 8.93923 3
    endloop
  endfacet
  facet normal 0.737283 0.675584 0
    outer loop
      vertex 9.06418 7.57115 105
      vertex 8.82843 7.82843 3
      vertex 8.82843 7.82843 105
    endloop
  endfacet
  facet normal 0.737283 0.675584 0
    outer loop
      vertex 8.82843 7.82843 3
      vertex 9.06418 7.57115 105
      vertex 9.06418 7.57115 3
    endloop
  endfacet
  facet normal 0.382688 -0.923878 0
    outer loop
      vertex 7.36808 1.24123 9
      vertex 7.69047 1.37477 105
      vertex 7.36808 1.24123 105
    endloop
  endfacet
  facet normal 0.382688 -0.923878 0
    outer loop
      vertex 7.69047 1.37477 105
      vertex 7.36808 1.24123 9
      vertex 7.69047 1.37477 9
    endloop
  endfacet
  facet normal 0.300702 -0.953718 0
    outer loop
      vertex 7.03528 1.1363 9
      vertex 7.36808 1.24123 105
      vertex 7.03528 1.1363 105
    endloop
  endfacet
  facet normal 0.300702 -0.953718 0
    outer loop
      vertex 7.36808 1.24123 105
      vertex 7.03528 1.1363 9
      vertex 7.36808 1.24123 9
    endloop
  endfacet
  facet normal -0.675584 -0.737283 0
    outer loop
      vertex 3.17157 2.17157 9
      vertex 3.42885 1.93582 105
      vertex 3.17157 2.17157 105
    endloop
  endfacet
  facet normal -0.675584 -0.737283 -0
    outer loop
      vertex 3.42885 1.93582 105
      vertex 3.17157 2.17157 9
      vertex 3.42885 1.93582 9
    endloop
  endfacet
  facet normal -0.608767 0.793349 0
    outer loop
      vertex 3.70569 8.27661 3
      vertex 3.42885 8.06418 105
      vertex 3.70569 8.27661 105
    endloop
  endfacet
  facet normal -0.608767 0.793349 0
    outer loop
      vertex 3.42885 8.06418 105
      vertex 3.70569 8.27661 3
      vertex 3.42885 8.06418 3
    endloop
  endfacet
  facet normal 0.887012 -0.461746 0
    outer loop
      vertex 9.4641 3 9
      vertex 9.62523 3.30953 105
      vertex 9.4641 3 105
    endloop
  endfacet
  facet normal 0.887012 -0.461746 0
    outer loop
      vertex 9.62523 3.30953 105
      vertex 9.4641 3 9
      vertex 9.62523 3.30953 3
    endloop
  endfacet
  facet normal 0.887012 -0.461746 0
    outer loop
      vertex 9.62523 3.30953 3
      vertex 9.4641 3 9
      vertex 9.4641 3 3
    endloop
  endfacet
  facet normal -0.608767 -0.793349 0
    outer loop
      vertex 3.42885 1.93582 9
      vertex 3.70569 1.72339 105
      vertex 3.42885 1.93582 105
    endloop
  endfacet
  facet normal -0.608767 -0.793349 -0
    outer loop
      vertex 3.70569 1.72339 105
      vertex 3.42885 1.93582 9
      vertex 3.70569 1.72339 9
    endloop
  endfacet
  facet normal 0.0436163 0.999048 -0
    outer loop
      vertex 6.34862 8.98478 3
      vertex 6 9 105
      vertex 6.34862 8.98478 105
    endloop
  endfacet
  facet normal 0.0436163 0.999048 0
    outer loop
      vertex 6 9 105
      vertex 6.34862 8.98478 3
      vertex 6 9 3
    endloop
  endfacet
  facet normal -0.300702 -0.953718 0
    outer loop
      vertex 4.63192 1.24123 9
      vertex 4.96472 1.1363 105
      vertex 4.63192 1.24123 105
    endloop
  endfacet
  facet normal -0.300702 -0.953718 -0
    outer loop
      vertex 4.96472 1.1363 105
      vertex 4.63192 1.24123 9
      vertex 4.96472 1.1363 9
    endloop
  endfacet
  facet normal 0.300702 0.953718 -0
    outer loop
      vertex 7.36808 8.75877 3
      vertex 7.03528 8.8637 105
      vertex 7.36808 8.75877 105
    endloop
  endfacet
  facet normal 0.300702 0.953718 0
    outer loop
      vertex 7.03528 8.8637 105
      vertex 7.36808 8.75877 3
      vertex 7.03528 8.8637 3
    endloop
  endfacet
  facet normal 0.737283 -0.675584 0
    outer loop
      vertex 8.82843 2.17157 105
      vertex 9.06418 2.42885 9
      vertex 9.06418 2.42885 105
    endloop
  endfacet
  facet normal 0.737283 -0.675584 0
    outer loop
      vertex 9.06418 2.42885 9
      vertex 8.82843 2.17157 105
      vertex 8.82843 2.17157 9
    endloop
  endfacet
  facet normal -0.382688 -0.923878 0
    outer loop
      vertex 4.30953 1.37477 9
      vertex 4.63192 1.24123 105
      vertex 4.30953 1.37477 105
    endloop
  endfacet
  facet normal -0.382688 -0.923878 -0
    outer loop
      vertex 4.63192 1.24123 105
      vertex 4.30953 1.37477 9
      vertex 4.63192 1.24123 9
    endloop
  endfacet
  facet normal 0 0 1
    outer loop
      vertex 240.044 140.583 3
      vertex 233.321 26.9242 3
      vertex 233.578 26.6884 3
    endloop
  endfacet
  facet normal 0 0 1
    outer loop
      vertex 233.765 143.511 3
      vertex 229.864 130.075 3
      vertex 233.321 26.9242 3
    endloop
  endfacet
  facet normal -0 0 1
    outer loop
      vertex 229.759 129.742 3
      vertex 233.321 26.9242 3
      vertex 229.864 130.075 3
    endloop
  endfacet
  facet normal -0 0 1
    outer loop
      vertex 229.625 129.42 3
      vertex 233.321 26.9242 3
      vertex 229.759 129.742 3
    endloop
  endfacet
  facet normal -0 0 1
    outer loop
      vertex 229.464 129.11 3
      vertex 233.321 26.9242 3
      vertex 229.625 129.42 3
    endloop
  endfacet
  facet normal -0 0 1
    outer loop
      vertex 229.277 128.816 3
      vertex 233.321 26.9242 3
      vertex 229.464 129.11 3
    endloop
  endfacet
  facet normal -0 0 1
    outer loop
      vertex 229.064 128.539 3
      vertex 233.321 26.9242 3
      vertex 229.277 128.816 3
    endloop
  endfacet
  facet normal -0 0 1
    outer loop
      vertex 228.828 128.282 3
      vertex 233.321 26.9242 3
      vertex 229.064 128.539 3
    endloop
  endfacet
  facet normal 0 0 1
    outer loop
      vertex 233.321 26.9242 3
      vertex 228.828 128.282 3
      vertex 233.044 27.1366 3
    endloop
  endfacet
  facet normal -0 0 1
    outer loop
      vertex 228.571 128.046 3
      vertex 233.044 27.1366 3
      vertex 228.828 128.282 3
    endloop
  endfacet
  facet normal 0 0 1
    outer loop
      vertex 233.044 27.1366 3
      vertex 228.571 128.046 3
      vertex 232.75 27.3241 3
    endloop
  endfacet
  facet normal 0 0 1
    outer loop
      vertex 233.765 143.511 3
      vertex 230 131.11 3
      vertex 229.985 130.761 3
    endloop
  endfacet
  facet normal 0 0 1
    outer loop
      vertex 225.651 135.095 3
      vertex 233.75 143.86 3
      vertex 233.765 144.209 3
    endloop
  endfacet
  facet normal 0 0 1
    outer loop
      vertex 225.305 135.049 3
      vertex 233.765 144.209 3
      vertex 233.811 144.555 3
    endloop
  endfacet
  facet normal 0 0 1
    outer loop
      vertex 224.965 134.974 3
      vertex 233.811 144.555 3
      vertex 233.886 144.895 3
    endloop
  endfacet
  facet normal 0 0 1
    outer loop
      vertex 233.765 143.511 3
      vertex 229.985 131.459 3
      vertex 230 131.11 3
    endloop
  endfacet
  facet normal 0 0 1
    outer loop
      vertex 233.765 143.511 3
      vertex 229.939 131.805 3
      vertex 229.985 131.459 3
    endloop
  endfacet
  facet normal 0 0 1
    outer loop
      vertex 233.765 143.511 3
      vertex 229.864 132.145 3
      vertex 229.939 131.805 3
    endloop
  endfacet
  facet normal 0 0 1
    outer loop
      vertex 224.632 134.869 3
      vertex 233.886 144.895 3
      vertex 233.991 145.228 3
    endloop
  endfacet
  facet normal 0 0 1
    outer loop
      vertex 233.765 143.511 3
      vertex 229.759 132.478 3
      vertex 229.864 132.145 3
    endloop
  endfacet
  facet normal 0 0 1
    outer loop
      vertex 233.765 143.511 3
      vertex 229.625 132.8 3
      vertex 229.759 132.478 3
    endloop
  endfacet
  facet normal 0 0 1
    outer loop
      vertex 233.765 143.511 3
      vertex 229.464 133.11 3
      vertex 229.625 132.8 3
    endloop
  endfacet
  facet normal 0 0 1
    outer loop
      vertex 233.765 143.511 3
      vertex 229.277 133.404 3
      vertex 229.464 133.11 3
    endloop
  endfacet
  facet normal 0 0 1
    outer loop
      vertex 233.765 143.511 3
      vertex 229.064 133.681 3
      vertex 229.277 133.404 3
    endloop
  endfacet
  facet normal 0 0 1
    outer loop
      vertex 224.31 134.735 3
      vertex 233.991 145.228 3
      vertex 234.125 145.55 3
    endloop
  endfacet
  facet normal 0 0 1
    outer loop
      vertex 233.765 143.511 3
      vertex 228.828 133.938 3
      vertex 229.064 133.681 3
    endloop
  endfacet
  facet normal 0 0 1
    outer loop
      vertex 233.765 143.511 3
      vertex 228.571 134.174 3
      vertex 228.828 133.938 3
    endloop
  endfacet
  facet normal 0 0 1
    outer loop
      vertex 233.765 143.511 3
      vertex 228.294 134.387 3
      vertex 228.571 134.174 3
    endloop
  endfacet
  facet normal 0 0 1
    outer loop
      vertex 224 134.574 3
      vertex 234.125 145.55 3
      vertex 234.286 145.86 3
    endloop
  endfacet
  facet normal 0 0 1
    outer loop
      vertex 233.765 143.511 3
      vertex 228 134.574 3
      vertex 228.294 134.387 3
    endloop
  endfacet
  facet normal 0 0 1
    outer loop
      vertex 233.765 143.511 3
      vertex 227.69 134.735 3
      vertex 228 134.574 3
    endloop
  endfacet
  facet normal 0 0 1
    outer loop
      vertex 233.765 143.511 3
      vertex 227.368 134.869 3
      vertex 227.69 134.735 3
    endloop
  endfacet
  facet normal 0 0 1
    outer loop
      vertex 233.765 143.511 3
      vertex 227.035 134.974 3
      vertex 227.368 134.869 3
    endloop
  endfacet
  facet normal 0 0 1
    outer loop
      vertex 233.765 143.511 3
      vertex 226.695 135.049 3
      vertex 227.035 134.974 3
    endloop
  endfacet
  facet normal 0 0 1
    outer loop
      vertex 233.765 143.511 3
      vertex 226.349 135.095 3
      vertex 226.695 135.049 3
    endloop
  endfacet
  facet normal 0 0 1
    outer loop
      vertex 233.765 143.511 3
      vertex 226 135.11 3
      vertex 226.349 135.095 3
    endloop
  endfacet
  facet normal 0 0 1
    outer loop
      vertex 233.75 143.86 3
      vertex 225.651 135.095 3
      vertex 226 135.11 3
    endloop
  endfacet
  facet normal 0 0 1
    outer loop
      vertex 233.765 144.209 3
      vertex 225.305 135.049 3
      vertex 225.651 135.095 3
    endloop
  endfacet
  facet normal 0 0 1
    outer loop
      vertex 233.811 144.555 3
      vertex 224.965 134.974 3
      vertex 225.305 135.049 3
    endloop
  endfacet
  facet normal 0 0 1
    outer loop
      vertex 233.886 144.895 3
      vertex 224.632 134.869 3
      vertex 224.965 134.974 3
    endloop
  endfacet
  facet normal 0 0 1
    outer loop
      vertex 233.991 145.228 3
      vertex 224.31 134.735 3
      vertex 224.632 134.869 3
    endloop
  endfacet
  facet normal 0 0 1
    outer loop
      vertex 234.125 145.55 3
      vertex 224 134.574 3
      vertex 224.31 134.735 3
    endloop
  endfacet
  facet normal 0 0 1
    outer loop
      vertex 234.286 145.86 3
      vertex 223.706 134.387 3
      vertex 224 134.574 3
    endloop
  endfacet
  facet normal 0 0 1
    outer loop
      vertex 234.286 145.86 3
      vertex 223.429 134.174 3
      vertex 223.706 134.387 3
    endloop
  endfacet
  facet normal 0 0 1
    outer loop
      vertex 234.286 145.86 3
      vertex 223.172 133.938 3
      vertex 223.429 134.174 3
    endloop
  endfacet
  facet normal 0 0 1
    outer loop
      vertex 222.015 131.459 3
      vertex 22 131.36 3
      vertex 222 131.11 3
    endloop
  endfacet
  facet normal -0 0 1
    outer loop
      vertex 21.9848 131.709 3
      vertex 222.015 131.459 3
      vertex 222.061 131.805 3
    endloop
  endfacet
  facet normal -0 0 1
    outer loop
      vertex 21.9392 132.055 3
      vertex 222.061 131.805 3
      vertex 222.136 132.145 3
    endloop
  endfacet
  facet normal -0 0 1
    outer loop
      vertex 21.8637 132.395 3
      vertex 222.136 132.145 3
      vertex 222.241 132.478 3
    endloop
  endfacet
  facet normal -0 0 1
    outer loop
      vertex 21.7588 132.728 3
      vertex 222.241 132.478 3
      vertex 222.375 132.8 3
    endloop
  endfacet
  facet normal -0 0 1
    outer loop
      vertex 21.6252 133.05 3
      vertex 222.375 132.8 3
      vertex 222.536 133.11 3
    endloop
  endfacet
  facet normal -0 0 1
    outer loop
      vertex 21.4641 133.36 3
      vertex 222.536 133.11 3
      vertex 222.723 133.404 3
    endloop
  endfacet
  facet normal -0 0 1
    outer loop
      vertex 21.2766 133.654 3
      vertex 222.723 133.404 3
      vertex 222.936 133.681 3
    endloop
  endfacet
  facet normal -0 0 1
    outer loop
      vertex 21.0642 133.931 3
      vertex 222.936 133.681 3
      vertex 223.172 133.938 3
    endloop
  endfacet
  facet normal -0 0 1
    outer loop
      vertex 20.8284 134.188 3
      vertex 223.172 133.938 3
      vertex 234.286 145.86 3
    endloop
  endfacet
  facet normal 0 0 1
    outer loop
      vertex 222.015 131.459 3
      vertex 21.9848 131.709 3
      vertex 22 131.36 3
    endloop
  endfacet
  facet normal 0 0 1
    outer loop
      vertex 222.061 131.805 3
      vertex 21.9392 132.055 3
      vertex 21.9848 131.709 3
    endloop
  endfacet
  facet normal 0 0 1
    outer loop
      vertex 222.136 132.145 3
      vertex 21.8637 132.395 3
      vertex 21.9392 132.055 3
    endloop
  endfacet
  facet normal 0 0 1
    outer loop
      vertex 222.241 132.478 3
      vertex 21.7588 132.728 3
      vertex 21.8637 132.395 3
    endloop
  endfacet
  facet normal 0 0 1
    outer loop
      vertex 222.375 132.8 3
      vertex 21.6252 133.05 3
      vertex 21.7588 132.728 3
    endloop
  endfacet
  facet normal 0 0 1
    outer loop
      vertex 222.536 133.11 3
      vertex 21.4641 133.36 3
      vertex 21.6252 133.05 3
    endloop
  endfacet
  facet normal 0 0 1
    outer loop
      vertex 222.723 133.404 3
      vertex 21.2766 133.654 3
      vertex 21.4641 133.36 3
    endloop
  endfacet
  facet normal 0 0 1
    outer loop
      vertex 222.936 133.681 3
      vertex 21.0642 133.931 3
      vertex 21.2766 133.654 3
    endloop
  endfacet
  facet normal 0 0 1
    outer loop
      vertex 223.172 133.938 3
      vertex 20.8284 134.188 3
      vertex 21.0642 133.931 3
    endloop
  endfacet
  facet normal 0 0 1
    outer loop
      vertex 234.286 145.86 3
      vertex 20.5711 134.424 3
      vertex 20.8284 134.188 3
    endloop
  endfacet
  facet normal -0 0 1
    outer loop
      vertex 9.4641 145.86 3
      vertex 20.5711 134.424 3
      vertex 234.286 145.86 3
    endloop
  endfacet
  facet normal 0 0 1
    outer loop
      vertex 20.5711 134.424 3
      vertex 9.4641 145.86 3
      vertex 20.2943 134.637 3
    endloop
  endfacet
  facet normal 0 0 1
    outer loop
      vertex 20.2943 134.637 3
      vertex 9.4641 145.86 3
      vertex 20 134.824 3
    endloop
  endfacet
  facet normal -0 -0 1
    outer loop
      vertex 9.62523 145.55 3
      vertex 20 134.824 3
      vertex 9.4641 145.86 3
    endloop
  endfacet
  facet normal 0 0 1
    outer loop
      vertex 20 134.824 3
      vertex 9.62523 145.55 3
      vertex 19.6905 134.985 3
    endloop
  endfacet
  facet normal -0 -0 1
    outer loop
      vertex 9.75877 145.228 3
      vertex 19.6905 134.985 3
      vertex 9.62523 145.55 3
    endloop
  endfacet
  facet normal 0 0 1
    outer loop
      vertex 19.6905 134.985 3
      vertex 9.75877 145.228 3
      vertex 19.3681 135.119 3
    endloop
  endfacet
  facet normal -0 -0 1
    outer loop
      vertex 9.8637 144.895 3
      vertex 19.3681 135.119 3
      vertex 9.75877 145.228 3
    endloop
  endfacet
  facet normal 0 0 1
    outer loop
      vertex 19.3681 135.119 3
      vertex 9.8637 144.895 3
      vertex 19.0353 135.224 3
    endloop
  endfacet
  facet normal 0 0 1
    outer loop
      vertex 15.4289 128.296 3
      vertex 13.6789 27.1742 3
      vertex 13.9557 27.3866 3
    endloop
  endfacet
  facet normal 0 0 1
    outer loop
      vertex 14.0152 131.011 3
      vertex 13.4216 26.9384 3
      vertex 13.6789 27.1742 3
    endloop
  endfacet
  facet normal 0 0 1
    outer loop
      vertex 14.0152 131.011 3
      vertex 3.70569 140.583 3
      vertex 13.4216 26.9384 3
    endloop
  endfacet
  facet normal 0 0 1
    outer loop
      vertex 13.4216 26.9384 3
      vertex 3.70569 140.583 3
      vertex 13.1858 26.6812 3
    endloop
  endfacet
  facet normal 0 0 1
    outer loop
      vertex 3.42885 140.796 3
      vertex 13.1858 26.6812 3
      vertex 3.70569 140.583 3
    endloop
  endfacet
  facet normal 0 0 1
    outer loop
      vertex 13.1858 26.6812 3
      vertex 3.42885 140.796 3
      vertex 12.9734 26.4043 3
    endloop
  endfacet
  facet normal 0 0 1
    outer loop
      vertex 3.17157 141.032 3
      vertex 12.9734 26.4043 3
      vertex 3.42885 140.796 3
    endloop
  endfacet
  facet normal 0 0 1
    outer loop
      vertex 12.9734 26.4043 3
      vertex 3.17157 141.032 3
      vertex 12.7859 26.11 3
    endloop
  endfacet
  facet normal 0 0 1
    outer loop
      vertex 3 141.219 3
      vertex 12.7859 26.11 3
      vertex 3.17157 141.032 3
    endloop
  endfacet
  facet normal 0 0 1
    outer loop
      vertex 12.7859 26.11 3
      vertex 3 141.219 3
      vertex 12.6248 25.8005 3
    endloop
  endfacet
  facet normal 0 0 1
    outer loop
      vertex 3 7.64119 3
      vertex 12.6248 25.8005 3
      vertex 3 141.219 3
    endloop
  endfacet
  facet normal -0 0 1
    outer loop
      vertex 8.57115 140.796 3
      vertex 15.1716 134.188 3
      vertex 8.82843 141.032 3
    endloop
  endfacet
  facet normal 0 0 1
    outer loop
      vertex 15.4289 134.424 3
      vertex 8.82843 141.032 3
      vertex 15.1716 134.188 3
    endloop
  endfacet
  facet normal -0 0 1
    outer loop
      vertex 8.82843 141.032 3
      vertex 15.4289 134.424 3
      vertex 9.06418 141.289 3
    endloop
  endfacet
  facet normal 0 0 1
    outer loop
      vertex 15.7057 134.637 3
      vertex 9.06418 141.289 3
      vertex 15.4289 134.424 3
    endloop
  endfacet
  facet normal -0 0 1
    outer loop
      vertex 9.06418 141.289 3
      vertex 15.7057 134.637 3
      vertex 9.27661 141.566 3
    endloop
  endfacet
  facet normal 0 0 1
    outer loop
      vertex 16 134.824 3
      vertex 9.27661 141.566 3
      vertex 15.7057 134.637 3
    endloop
  endfacet
  facet normal -0 0 1
    outer loop
      vertex 9.27661 141.566 3
      vertex 16 134.824 3
      vertex 9.4641 141.86 3
    endloop
  endfacet
  facet normal 0 0 1
    outer loop
      vertex 16.3095 134.985 3
      vertex 9.4641 141.86 3
      vertex 16 134.824 3
    endloop
  endfacet
  facet normal -0 0 1
    outer loop
      vertex 9.4641 141.86 3
      vertex 16.3095 134.985 3
      vertex 9.62523 142.17 3
    endloop
  endfacet
  facet normal 0 0 1
    outer loop
      vertex 16.6319 135.119 3
      vertex 9.62523 142.17 3
      vertex 16.3095 134.985 3
    endloop
  endfacet
  facet normal -0 0 1
    outer loop
      vertex 9.62523 142.17 3
      vertex 16.6319 135.119 3
      vertex 9.75877 142.492 3
    endloop
  endfacet
  facet normal 0 0 1
    outer loop
      vertex 16.9647 135.224 3
      vertex 9.75877 142.492 3
      vertex 16.6319 135.119 3
    endloop
  endfacet
  facet normal -0 0 1
    outer loop
      vertex 9.75877 142.492 3
      vertex 16.9647 135.224 3
      vertex 9.8637 142.825 3
    endloop
  endfacet
  facet normal 0 0 1
    outer loop
      vertex 17.3054 135.299 3
      vertex 9.8637 142.825 3
      vertex 16.9647 135.224 3
    endloop
  endfacet
  facet normal -0 0 1
    outer loop
      vertex 9.8637 142.825 3
      vertex 17.3054 135.299 3
      vertex 9.93923 143.165 3
    endloop
  endfacet
  facet normal 0 0 1
    outer loop
      vertex 17.6514 135.345 3
      vertex 9.93923 143.165 3
      vertex 17.3054 135.299 3
    endloop
  endfacet
  facet normal -0 0 1
    outer loop
      vertex 9.93923 143.165 3
      vertex 17.6514 135.345 3
      vertex 9.98478 143.511 3
    endloop
  endfacet
  facet normal 0 0 1
    outer loop
      vertex 18 135.36 3
      vertex 9.98478 143.511 3
      vertex 17.6514 135.345 3
    endloop
  endfacet
  facet normal -0 -0 1
    outer loop
      vertex 9.93923 144.555 3
      vertex 19.0353 135.224 3
      vertex 9.8637 144.895 3
    endloop
  endfacet
  facet normal -0 0 1
    outer loop
      vertex 9.98478 143.511 3
      vertex 18 135.36 3
      vertex 10 143.86 3
    endloop
  endfacet
  facet normal 0 0 1
    outer loop
      vertex 18.3486 135.345 3
      vertex 10 143.86 3
      vertex 18 135.36 3
    endloop
  endfacet
  facet normal -0 -0 1
    outer loop
      vertex 10 143.86 3
      vertex 18.3486 135.345 3
      vertex 9.98478 144.209 3
    endloop
  endfacet
  facet normal 0 0 1
    outer loop
      vertex 18.6946 135.299 3
      vertex 9.98478 144.209 3
      vertex 18.3486 135.345 3
    endloop
  endfacet
  facet normal -0 -0 1
    outer loop
      vertex 9.98478 144.209 3
      vertex 18.6946 135.299 3
      vertex 9.93923 144.555 3
    endloop
  endfacet
  facet normal 0 0 1
    outer loop
      vertex 19.0353 135.224 3
      vertex 9.93923 144.555 3
      vertex 18.6946 135.299 3
    endloop
  endfacet
  facet normal 0 0 1
    outer loop
      vertex 234.027 26.1543 3
      vertex 240.75 141.219 3
      vertex 240.578 141.032 3
    endloop
  endfacet
  facet normal 0 0 1
    outer loop
      vertex 240.75 141.219 3
      vertex 234.614 24.8953 3
      vertex 240.75 7.64119 3
    endloop
  endfacet
  facet normal 0 0 1
    outer loop
      vertex 233.814 26.4312 3
      vertex 240.578 141.032 3
      vertex 240.321 140.796 3
    endloop
  endfacet
  facet normal -0 -0 1
    outer loop
      vertex 234.689 24.5546 3
      vertex 240.75 7.64119 3
      vertex 234.614 24.8953 3
    endloop
  endfacet
  facet normal 0 0 1
    outer loop
      vertex 233.578 26.6884 3
      vertex 240.321 140.796 3
      vertex 240.044 140.583 3
    endloop
  endfacet
  facet normal -0 -0 1
    outer loop
      vertex 234.735 24.2086 3
      vertex 240.75 7.64119 3
      vertex 234.689 24.5546 3
    endloop
  endfacet
  facet normal 0 0 1
    outer loop
      vertex 233.321 26.9242 3
      vertex 240.044 140.583 3
      vertex 239.75 140.396 3
    endloop
  endfacet
  facet normal -0 -0 1
    outer loop
      vertex 234.75 23.86 3
      vertex 240.75 7.64119 3
      vertex 234.735 24.2086 3
    endloop
  endfacet
  facet normal 0 0 1
    outer loop
      vertex 233.321 26.9242 3
      vertex 239.75 140.396 3
      vertex 239.44 140.235 3
    endloop
  endfacet
  facet normal 0 0 1
    outer loop
      vertex 240.75 7.64119 3
      vertex 234.75 23.86 3
      vertex 240.578 7.82843 3
    endloop
  endfacet
  facet normal 0 0 1
    outer loop
      vertex 233.321 26.9242 3
      vertex 239.44 140.235 3
      vertex 239.118 140.101 3
    endloop
  endfacet
  facet normal -0 0 1
    outer loop
      vertex 234.735 23.5114 3
      vertex 240.578 7.82843 3
      vertex 234.75 23.86 3
    endloop
  endfacet
  facet normal 0 0 1
    outer loop
      vertex 233.321 26.9242 3
      vertex 239.118 140.101 3
      vertex 238.785 139.996 3
    endloop
  endfacet
  facet normal 0 0 1
    outer loop
      vertex 240.578 7.82843 3
      vertex 234.735 23.5114 3
      vertex 240.321 8.06418 3
    endloop
  endfacet
  facet normal 0 0 1
    outer loop
      vertex 233.321 26.9242 3
      vertex 238.785 139.996 3
      vertex 238.445 139.921 3
    endloop
  endfacet
  facet normal 0 0 1
    outer loop
      vertex 240.321 8.06418 3
      vertex 234.689 23.1654 3
      vertex 240.044 8.27661 3
    endloop
  endfacet
  facet normal 0 0 1
    outer loop
      vertex 233.321 26.9242 3
      vertex 238.445 139.921 3
      vertex 238.099 139.875 3
    endloop
  endfacet
  facet normal -0 0 1
    outer loop
      vertex 234.614 22.8247 3
      vertex 240.044 8.27661 3
      vertex 234.689 23.1654 3
    endloop
  endfacet
  facet normal 0 0 1
    outer loop
      vertex 233.321 26.9242 3
      vertex 238.099 139.875 3
      vertex 237.75 139.86 3
    endloop
  endfacet
  facet normal 0 0 1
    outer loop
      vertex 240.044 8.27661 3
      vertex 234.614 22.8247 3
      vertex 239.75 8.4641 3
    endloop
  endfacet
  facet normal 0 0 1
    outer loop
      vertex 233.321 26.9242 3
      vertex 237.75 139.86 3
      vertex 237.401 139.875 3
    endloop
  endfacet
  facet normal -0 0 1
    outer loop
      vertex 234.509 22.4919 3
      vertex 239.75 8.4641 3
      vertex 234.614 22.8247 3
    endloop
  endfacet
  facet normal 0 0 1
    outer loop
      vertex 233.321 26.9242 3
      vertex 237.401 139.875 3
      vertex 237.055 139.921 3
    endloop
  endfacet
  facet normal 0 0 1
    outer loop
      vertex 239.75 8.4641 3
      vertex 234.509 22.4919 3
      vertex 239.44 8.62523 3
    endloop
  endfacet
  facet normal 0 0 1
    outer loop
      vertex 233.321 26.9242 3
      vertex 237.055 139.921 3
      vertex 236.715 139.996 3
    endloop
  endfacet
  facet normal 0 0 1
    outer loop
      vertex 239.44 8.62523 3
      vertex 234.375 22.1695 3
      vertex 239.118 8.75877 3
    endloop
  endfacet
  facet normal 0 0 1
    outer loop
      vertex 233.321 26.9242 3
      vertex 236.715 139.996 3
      vertex 236.382 140.101 3
    endloop
  endfacet
  facet normal -0 0 1
    outer loop
      vertex 234.214 21.86 3
      vertex 239.118 8.75877 3
      vertex 234.375 22.1695 3
    endloop
  endfacet
  facet normal 0 0 1
    outer loop
      vertex 233.321 26.9242 3
      vertex 236.382 140.101 3
      vertex 236.06 140.235 3
    endloop
  endfacet
  facet normal 0 0 1
    outer loop
      vertex 239.118 8.75877 3
      vertex 234.214 21.86 3
      vertex 238.785 8.8637 3
    endloop
  endfacet
  facet normal 0 0 1
    outer loop
      vertex 233.321 26.9242 3
      vertex 236.06 140.235 3
      vertex 235.75 140.396 3
    endloop
  endfacet
  facet normal -0 0 1
    outer loop
      vertex 234.027 21.5657 3
      vertex 238.785 8.8637 3
      vertex 234.214 21.86 3
    endloop
  endfacet
  facet normal 0 0 1
    outer loop
      vertex 233.321 26.9242 3
      vertex 235.75 140.396 3
      vertex 235.456 140.583 3
    endloop
  endfacet
  facet normal 0 0 1
    outer loop
      vertex 238.785 8.8637 3
      vertex 234.027 21.5657 3
      vertex 238.445 8.93923 3
    endloop
  endfacet
  facet normal 0 0 1
    outer loop
      vertex 233.321 26.9242 3
      vertex 235.456 140.583 3
      vertex 235.179 140.796 3
    endloop
  endfacet
  facet normal 0 0 1
    outer loop
      vertex 238.445 8.93923 3
      vertex 233.814 21.2889 3
      vertex 238.099 8.98478 3
    endloop
  endfacet
  facet normal 0 0 1
    outer loop
      vertex 233.321 26.9242 3
      vertex 235.179 140.796 3
      vertex 234.922 141.032 3
    endloop
  endfacet
  facet normal -0 0 1
    outer loop
      vertex 233.578 21.0316 3
      vertex 238.099 8.98478 3
      vertex 233.814 21.2889 3
    endloop
  endfacet
  facet normal 0 0 1
    outer loop
      vertex 238.099 8.98478 3
      vertex 233.578 21.0316 3
      vertex 237.75 9 3
    endloop
  endfacet
  facet normal -0 0 1
    outer loop
      vertex 233.814 21.2889 3
      vertex 238.445 8.93923 3
      vertex 234.027 21.5657 3
    endloop
  endfacet
  facet normal -0 0 1
    outer loop
      vertex 234.375 22.1695 3
      vertex 239.44 8.62523 3
      vertex 234.509 22.4919 3
    endloop
  endfacet
  facet normal 0 0 1
    outer loop
      vertex 233.321 26.9242 3
      vertex 234.922 141.032 3
      vertex 234.686 141.289 3
    endloop
  endfacet
  facet normal -0 0 1
    outer loop
      vertex 234.689 23.1654 3
      vertex 240.321 8.06418 3
      vertex 234.735 23.5114 3
    endloop
  endfacet
  facet normal 0 0 1
    outer loop
      vertex 240.75 141.219 3
      vertex 234.509 25.2281 3
      vertex 234.614 24.8953 3
    endloop
  endfacet
  facet normal 0 0 1
    outer loop
      vertex 233.321 26.9242 3
      vertex 234.686 141.289 3
      vertex 234.473 141.566 3
    endloop
  endfacet
  facet normal 0 0 1
    outer loop
      vertex 240.75 141.219 3
      vertex 234.375 25.5505 3
      vertex 234.509 25.2281 3
    endloop
  endfacet
  facet normal 0 0 1
    outer loop
      vertex 233.321 26.9242 3
      vertex 234.473 141.566 3
      vertex 234.286 141.86 3
    endloop
  endfacet
  facet normal 0 0 1
    outer loop
      vertex 240.75 141.219 3
      vertex 234.214 25.86 3
      vertex 234.375 25.5505 3
    endloop
  endfacet
  facet normal 0 0 1
    outer loop
      vertex 233.321 26.9242 3
      vertex 234.286 141.86 3
      vertex 234.125 142.17 3
    endloop
  endfacet
  facet normal 0 0 1
    outer loop
      vertex 240.75 141.219 3
      vertex 234.027 26.1543 3
      vertex 234.214 25.86 3
    endloop
  endfacet
  facet normal 0 0 1
    outer loop
      vertex 233.321 26.9242 3
      vertex 234.125 142.17 3
      vertex 233.991 142.492 3
    endloop
  endfacet
  facet normal 0 0 1
    outer loop
      vertex 233.321 26.9242 3
      vertex 233.991 142.492 3
      vertex 233.886 142.825 3
    endloop
  endfacet
  facet normal 0 0 1
    outer loop
      vertex 240.578 141.032 3
      vertex 233.814 26.4312 3
      vertex 234.027 26.1543 3
    endloop
  endfacet
  facet normal 0 0 1
    outer loop
      vertex 233.321 26.9242 3
      vertex 233.886 142.825 3
      vertex 233.811 143.165 3
    endloop
  endfacet
  facet normal 0 0 1
    outer loop
      vertex 233.321 26.9242 3
      vertex 233.811 143.165 3
      vertex 233.765 143.511 3
    endloop
  endfacet
  facet normal 0 0 1
    outer loop
      vertex 226 135.11 3
      vertex 233.765 143.511 3
      vertex 233.75 143.86 3
    endloop
  endfacet
  facet normal 0 0 1
    outer loop
      vertex 240.321 140.796 3
      vertex 233.578 26.6884 3
      vertex 233.814 26.4312 3
    endloop
  endfacet
  facet normal -0 0 1
    outer loop
      vertex 233.321 20.7958 3
      vertex 237.75 9 3
      vertex 233.578 21.0316 3
    endloop
  endfacet
  facet normal 0 0 1
    outer loop
      vertex 237.75 9 3
      vertex 233.321 20.7958 3
      vertex 237.401 8.98478 3
    endloop
  endfacet
  facet normal -0 0 1
    outer loop
      vertex 233.044 20.5834 3
      vertex 237.401 8.98478 3
      vertex 233.321 20.7958 3
    endloop
  endfacet
  facet normal 0 0 1
    outer loop
      vertex 237.401 8.98478 3
      vertex 233.044 20.5834 3
      vertex 237.055 8.93923 3
    endloop
  endfacet
  facet normal -0 0 1
    outer loop
      vertex 232.75 20.3959 3
      vertex 237.055 8.93923 3
      vertex 233.044 20.5834 3
    endloop
  endfacet
  facet normal 0 0 1
    outer loop
      vertex 237.055 8.93923 3
      vertex 232.75 20.3959 3
      vertex 236.715 8.8637 3
    endloop
  endfacet
  facet normal -0 0 1
    outer loop
      vertex 232.44 20.2348 3
      vertex 236.715 8.8637 3
      vertex 232.75 20.3959 3
    endloop
  endfacet
  facet normal 0 0 1
    outer loop
      vertex 236.715 8.8637 3
      vertex 232.44 20.2348 3
      vertex 236.382 8.75877 3
    endloop
  endfacet
  facet normal -0 0 1
    outer loop
      vertex 232.118 20.1012 3
      vertex 236.382 8.75877 3
      vertex 232.44 20.2348 3
    endloop
  endfacet
  facet normal 0 0 1
    outer loop
      vertex 236.382 8.75877 3
      vertex 232.118 20.1012 3
      vertex 236.06 8.62523 3
    endloop
  endfacet
  facet normal -0 0 1
    outer loop
      vertex 231.785 19.9963 3
      vertex 236.06 8.62523 3
      vertex 232.118 20.1012 3
    endloop
  endfacet
  facet normal 0 0 1
    outer loop
      vertex 236.06 8.62523 3
      vertex 231.785 19.9963 3
      vertex 235.75 8.4641 3
    endloop
  endfacet
  facet normal -0 0 1
    outer loop
      vertex 231.445 19.9208 3
      vertex 235.75 8.4641 3
      vertex 231.785 19.9963 3
    endloop
  endfacet
  facet normal 0 0 1
    outer loop
      vertex 235.75 8.4641 3
      vertex 231.445 19.9208 3
      vertex 235.456 8.27661 3
    endloop
  endfacet
  facet normal -0 0 1
    outer loop
      vertex 231.099 19.8752 3
      vertex 235.456 8.27661 3
      vertex 231.445 19.9208 3
    endloop
  endfacet
  facet normal 0 0 1
    outer loop
      vertex 235.456 8.27661 3
      vertex 231.099 19.8752 3
      vertex 235.179 8.06418 3
    endloop
  endfacet
  facet normal -0 0 1
    outer loop
      vertex 230.75 19.86 3
      vertex 235.179 8.06418 3
      vertex 231.099 19.8752 3
    endloop
  endfacet
  facet normal 0 0 1
    outer loop
      vertex 235.179 8.06418 3
      vertex 230.75 19.86 3
      vertex 234.922 7.82843 3
    endloop
  endfacet
  facet normal 0 0 1
    outer loop
      vertex 230.401 19.8752 3
      vertex 234.922 7.82843 3
      vertex 230.75 19.86 3
    endloop
  endfacet
  facet normal 0 0 1
    outer loop
      vertex 234.922 7.82843 3
      vertex 230.401 19.8752 3
      vertex 234.686 7.57115 3
    endloop
  endfacet
  facet normal 0 0 1
    outer loop
      vertex 230.055 19.9208 3
      vertex 234.686 7.57115 3
      vertex 230.401 19.8752 3
    endloop
  endfacet
  facet normal 0 0 1
    outer loop
      vertex 234.686 7.57115 3
      vertex 230.055 19.9208 3
      vertex 234.473 7.2943 3
    endloop
  endfacet
  facet normal 0 0 1
    outer loop
      vertex 229.715 19.9963 3
      vertex 234.473 7.2943 3
      vertex 230.055 19.9208 3
    endloop
  endfacet
  facet normal 0 0 1
    outer loop
      vertex 234.473 7.2943 3
      vertex 229.715 19.9963 3
      vertex 234.286 7 3
    endloop
  endfacet
  facet normal 0 0 1
    outer loop
      vertex 229.382 20.1012 3
      vertex 234.286 7 3
      vertex 229.715 19.9963 3
    endloop
  endfacet
  facet normal 0 0 1
    outer loop
      vertex 234.286 7 3
      vertex 229.382 20.1012 3
      vertex 234.125 6.69047 3
    endloop
  endfacet
  facet normal 0 0 1
    outer loop
      vertex 229.06 20.2348 3
      vertex 234.125 6.69047 3
      vertex 229.382 20.1012 3
    endloop
  endfacet
  facet normal 0 0 1
    outer loop
      vertex 234.125 6.69047 3
      vertex 229.06 20.2348 3
      vertex 233.991 6.36808 3
    endloop
  endfacet
  facet normal 0 0 1
    outer loop
      vertex 228.75 20.3959 3
      vertex 233.991 6.36808 3
      vertex 229.06 20.2348 3
    endloop
  endfacet
  facet normal 0 0 1
    outer loop
      vertex 233.991 6.36808 3
      vertex 228.75 20.3959 3
      vertex 233.886 6.03528 3
    endloop
  endfacet
  facet normal 0 0 1
    outer loop
      vertex 228.456 20.5834 3
      vertex 233.886 6.03528 3
      vertex 228.75 20.3959 3
    endloop
  endfacet
  facet normal 0 0 1
    outer loop
      vertex 233.886 6.03528 3
      vertex 228.456 20.5834 3
      vertex 233.811 5.69459 3
    endloop
  endfacet
  facet normal 0 0 1
    outer loop
      vertex 228.179 20.7958 3
      vertex 233.811 5.69459 3
      vertex 228.456 20.5834 3
    endloop
  endfacet
  facet normal 0 0 1
    outer loop
      vertex 233.811 5.69459 3
      vertex 228.179 20.7958 3
      vertex 233.765 5.34862 3
    endloop
  endfacet
  facet normal 0 0 1
    outer loop
      vertex 227.922 21.0316 3
      vertex 233.765 5.34862 3
      vertex 228.179 20.7958 3
    endloop
  endfacet
  facet normal 0 0 1
    outer loop
      vertex 233.765 5.34862 3
      vertex 227.922 21.0316 3
      vertex 233.75 5 3
    endloop
  endfacet
  facet normal 0 0 1
    outer loop
      vertex 227.686 21.2889 3
      vertex 233.75 5 3
      vertex 227.922 21.0316 3
    endloop
  endfacet
  facet normal 0 0 1
    outer loop
      vertex 233.75 5 3
      vertex 227.686 21.2889 3
      vertex 233.765 4.65138 3
    endloop
  endfacet
  facet normal 0 0 1
    outer loop
      vertex 227.473 21.5657 3
      vertex 233.765 4.65138 3
      vertex 227.686 21.2889 3
    endloop
  endfacet
  facet normal 0 0 1
    outer loop
      vertex 233.765 4.65138 3
      vertex 227.473 21.5657 3
      vertex 233.811 4.30541 3
    endloop
  endfacet
  facet normal 0 0 1
    outer loop
      vertex 227.286 21.86 3
      vertex 233.811 4.30541 3
      vertex 227.473 21.5657 3
    endloop
  endfacet
  facet normal 0 0 1
    outer loop
      vertex 233.811 4.30541 3
      vertex 227.286 21.86 3
      vertex 233.886 3.96472 3
    endloop
  endfacet
  facet normal 0 0 1
    outer loop
      vertex 227.125 22.1695 3
      vertex 233.886 3.96472 3
      vertex 227.286 21.86 3
    endloop
  endfacet
  facet normal 0 0 1
    outer loop
      vertex 19.8752 22.4195 3
      vertex 233.886 3.96472 3
      vertex 227.125 22.1695 3
    endloop
  endfacet
  facet normal -0 0 1
    outer loop
      vertex 19.8752 22.4195 3
      vertex 227.125 22.1695 3
      vertex 226.991 22.4919 3
    endloop
  endfacet
  facet normal 0 0 1
    outer loop
      vertex 223.429 128.046 3
      vertex 227.922 26.6884 3
      vertex 223.706 127.833 3
    endloop
  endfacet
  facet normal 0 0 1
    outer loop
      vertex 227.922 26.6884 3
      vertex 223.429 128.046 3
      vertex 227.686 26.4312 3
    endloop
  endfacet
  facet normal 0 0 1
    outer loop
      vertex 223.172 128.282 3
      vertex 227.686 26.4312 3
      vertex 223.429 128.046 3
    endloop
  endfacet
  facet normal 0 0 1
    outer loop
      vertex 227.686 26.4312 3
      vertex 223.172 128.282 3
      vertex 227.473 26.1543 3
    endloop
  endfacet
  facet normal 0 0 1
    outer loop
      vertex 222.936 128.539 3
      vertex 227.473 26.1543 3
      vertex 223.172 128.282 3
    endloop
  endfacet
  facet normal 0 0 1
    outer loop
      vertex 227.473 26.1543 3
      vertex 222.936 128.539 3
      vertex 227.286 25.86 3
    endloop
  endfacet
  facet normal 0 0 1
    outer loop
      vertex 222.723 128.816 3
      vertex 227.286 25.86 3
      vertex 222.936 128.539 3
    endloop
  endfacet
  facet normal 0 0 1
    outer loop
      vertex 227.286 25.86 3
      vertex 222.723 128.816 3
      vertex 227.125 25.5505 3
    endloop
  endfacet
  facet normal 0 0 1
    outer loop
      vertex 222.536 129.11 3
      vertex 227.125 25.5505 3
      vertex 222.723 128.816 3
    endloop
  endfacet
  facet normal -0 0 1
    outer loop
      vertex 19.8752 25.8005 3
      vertex 227.125 25.5505 3
      vertex 222.536 129.11 3
    endloop
  endfacet
  facet normal 0 0 1
    outer loop
      vertex 227.125 25.5505 3
      vertex 19.8752 25.8005 3
      vertex 226.991 25.2281 3
    endloop
  endfacet
  facet normal -0 -0 1
    outer loop
      vertex 20.0088 25.4781 3
      vertex 226.991 25.2281 3
      vertex 19.8752 25.8005 3
    endloop
  endfacet
  facet normal 0 0 1
    outer loop
      vertex 226.991 25.2281 3
      vertex 20.0088 25.4781 3
      vertex 226.886 24.8953 3
    endloop
  endfacet
  facet normal -0 -0 1
    outer loop
      vertex 20.1137 25.1453 3
      vertex 226.886 24.8953 3
      vertex 20.0088 25.4781 3
    endloop
  endfacet
  facet normal 0 0 1
    outer loop
      vertex 19.8752 25.8005 3
      vertex 222.536 129.11 3
      vertex 222.375 129.42 3
    endloop
  endfacet
  facet normal -0 0 1
    outer loop
      vertex 21.6252 129.67 3
      vertex 222.375 129.42 3
      vertex 222.241 129.742 3
    endloop
  endfacet
  facet normal -0 0 1
    outer loop
      vertex 21.7588 129.992 3
      vertex 222.241 129.742 3
      vertex 222.136 130.075 3
    endloop
  endfacet
  facet normal -0 0 1
    outer loop
      vertex 21.8637 130.325 3
      vertex 222.136 130.075 3
      vertex 222.061 130.415 3
    endloop
  endfacet
  facet normal 0 0 1
    outer loop
      vertex 226.886 24.8953 3
      vertex 20.1137 25.1453 3
      vertex 226.811 24.5546 3
    endloop
  endfacet
  facet normal -0 0 1
    outer loop
      vertex 21.9392 130.665 3
      vertex 222.061 130.415 3
      vertex 222.015 130.761 3
    endloop
  endfacet
  facet normal 0 0 1
    outer loop
      vertex 22 131.36 3
      vertex 222.015 130.761 3
      vertex 222 131.11 3
    endloop
  endfacet
  facet normal -0 0 1
    outer loop
      vertex 21.9848 131.011 3
      vertex 222.015 130.761 3
      vertex 22 131.36 3
    endloop
  endfacet
  facet normal 0 0 1
    outer loop
      vertex 21.9392 130.665 3
      vertex 222.015 130.761 3
      vertex 21.9848 131.011 3
    endloop
  endfacet
  facet normal 0 0 1
    outer loop
      vertex 222.061 130.415 3
      vertex 21.9392 130.665 3
      vertex 21.8637 130.325 3
    endloop
  endfacet
  facet normal 0 0 1
    outer loop
      vertex 222.136 130.075 3
      vertex 21.8637 130.325 3
      vertex 21.7588 129.992 3
    endloop
  endfacet
  facet normal 0 0 1
    outer loop
      vertex 222.241 129.742 3
      vertex 21.7588 129.992 3
      vertex 21.6252 129.67 3
    endloop
  endfacet
  facet normal 0 0 1
    outer loop
      vertex 222.375 129.42 3
      vertex 21.6252 129.67 3
      vertex 19.8752 25.8005 3
    endloop
  endfacet
  facet normal -0 -0 1
    outer loop
      vertex 20.1892 24.8046 3
      vertex 226.811 24.5546 3
      vertex 20.1137 25.1453 3
    endloop
  endfacet
  facet normal 0 0 1
    outer loop
      vertex 226.811 24.5546 3
      vertex 20.1892 24.8046 3
      vertex 226.765 24.2086 3
    endloop
  endfacet
  facet normal -0 -0 1
    outer loop
      vertex 20.2348 24.4586 3
      vertex 226.765 24.2086 3
      vertex 20.1892 24.8046 3
    endloop
  endfacet
  facet normal 0 0 1
    outer loop
      vertex 226.765 24.2086 3
      vertex 20.2348 24.4586 3
      vertex 226.75 23.86 3
    endloop
  endfacet
  facet normal -0 -0 1
    outer loop
      vertex 20.25 24.11 3
      vertex 226.75 23.86 3
      vertex 20.2348 24.4586 3
    endloop
  endfacet
  facet normal 0 0 1
    outer loop
      vertex 226.75 23.86 3
      vertex 20.25 24.11 3
      vertex 226.765 23.5114 3
    endloop
  endfacet
  facet normal 0 0 1
    outer loop
      vertex 19.8752 25.8005 3
      vertex 21.6252 129.67 3
      vertex 21.4641 129.36 3
    endloop
  endfacet
  facet normal 0 0 1
    outer loop
      vertex 19.7141 26.11 3
      vertex 21.4641 129.36 3
      vertex 21.2766 129.066 3
    endloop
  endfacet
  facet normal 0 0 1
    outer loop
      vertex 19.5266 26.4043 3
      vertex 21.2766 129.066 3
      vertex 21.0642 128.789 3
    endloop
  endfacet
  facet normal 0 0 1
    outer loop
      vertex 19.3142 26.6812 3
      vertex 21.0642 128.789 3
      vertex 20.8284 128.532 3
    endloop
  endfacet
  facet normal 0 0 1
    outer loop
      vertex 19.0784 26.9384 3
      vertex 20.8284 128.532 3
      vertex 20.5711 128.296 3
    endloop
  endfacet
  facet normal 0 0 1
    outer loop
      vertex 18.8211 27.1742 3
      vertex 20.5711 128.296 3
      vertex 20.2943 128.083 3
    endloop
  endfacet
  facet normal -0 0 1
    outer loop
      vertex 20.2348 23.7614 3
      vertex 226.765 23.5114 3
      vertex 20.25 24.11 3
    endloop
  endfacet
  facet normal -0 0 1
    outer loop
      vertex 20.0088 22.7419 3
      vertex 226.991 22.4919 3
      vertex 20.1137 23.0747 3
    endloop
  endfacet
  facet normal 0 0 1
    outer loop
      vertex 19.8752 22.4195 3
      vertex 226.991 22.4919 3
      vertex 20.0088 22.7419 3
    endloop
  endfacet
  facet normal 0 0 1
    outer loop
      vertex 233.886 3.96472 3
      vertex 19.8752 22.4195 3
      vertex 233.991 3.63192 3
    endloop
  endfacet
  facet normal -0 0 1
    outer loop
      vertex 19.7141 22.11 3
      vertex 233.991 3.63192 3
      vertex 19.8752 22.4195 3
    endloop
  endfacet
  facet normal 0 0 1
    outer loop
      vertex 233.991 3.63192 3
      vertex 19.7141 22.11 3
      vertex 234.125 3.30953 3
    endloop
  endfacet
  facet normal -0 0 1
    outer loop
      vertex 19.5266 21.8157 3
      vertex 234.125 3.30953 3
      vertex 19.7141 22.11 3
    endloop
  endfacet
  facet normal 0 0 1
    outer loop
      vertex 9.62523 3.30953 3
      vertex 234.125 3.30953 3
      vertex 19.5266 21.8157 3
    endloop
  endfacet
  facet normal 0 0 1
    outer loop
      vertex 9.75877 3.63192 3
      vertex 19.5266 21.8157 3
      vertex 19.3142 21.5389 3
    endloop
  endfacet
  facet normal 0 0 1
    outer loop
      vertex 9.8637 3.96472 3
      vertex 19.3142 21.5389 3
      vertex 19.0784 21.2816 3
    endloop
  endfacet
  facet normal 0 0 1
    outer loop
      vertex 9.93923 4.30541 3
      vertex 19.0784 21.2816 3
      vertex 18.8211 21.0458 3
    endloop
  endfacet
  facet normal 0 0 1
    outer loop
      vertex 9.98478 4.65138 3
      vertex 18.8211 21.0458 3
      vertex 18.5443 20.8334 3
    endloop
  endfacet
  facet normal 0 0 1
    outer loop
      vertex 10 5 3
      vertex 18.5443 20.8334 3
      vertex 18.25 20.6459 3
    endloop
  endfacet
  facet normal 0 0 1
    outer loop
      vertex 9.98478 5.34862 3
      vertex 18.25 20.6459 3
      vertex 17.9405 20.4848 3
    endloop
  endfacet
  facet normal 0 0 1
    outer loop
      vertex 9.98478 5.34862 3
      vertex 17.9405 20.4848 3
      vertex 17.6181 20.3512 3
    endloop
  endfacet
  facet normal 0 0 1
    outer loop
      vertex 9.98478 5.34862 3
      vertex 17.6181 20.3512 3
      vertex 17.2853 20.2463 3
    endloop
  endfacet
  facet normal 0 0 1
    outer loop
      vertex 9.98478 5.34862 3
      vertex 17.2853 20.2463 3
      vertex 16.9446 20.1708 3
    endloop
  endfacet
  facet normal 0 0 1
    outer loop
      vertex 9.98478 5.34862 3
      vertex 16.9446 20.1708 3
      vertex 16.5986 20.1252 3
    endloop
  endfacet
  facet normal 0 0 1
    outer loop
      vertex 9.98478 5.34862 3
      vertex 16.5986 20.1252 3
      vertex 16.25 20.11 3
    endloop
  endfacet
  facet normal 0 0 1
    outer loop
      vertex 9.98478 5.34862 3
      vertex 16.25 20.11 3
      vertex 15.9014 20.1252 3
    endloop
  endfacet
  facet normal 0 0 1
    outer loop
      vertex 15.1716 134.188 3
      vertex 8.57115 140.796 3
      vertex 14.9358 133.931 3
    endloop
  endfacet
  facet normal 0 0 1
    outer loop
      vertex 9.98478 5.34862 3
      vertex 12.2652 23.7614 3
      vertex 12.25 24.11 3
    endloop
  endfacet
  facet normal 0 0 1
    outer loop
      vertex 9.98478 5.34862 3
      vertex 12.3108 23.4154 3
      vertex 12.2652 23.7614 3
    endloop
  endfacet
  facet normal 0 0 1
    outer loop
      vertex 9.98478 5.34862 3
      vertex 12.3863 23.0747 3
      vertex 12.3108 23.4154 3
    endloop
  endfacet
  facet normal 0 0 1
    outer loop
      vertex 9.98478 5.34862 3
      vertex 12.4912 22.7419 3
      vertex 12.3863 23.0747 3
    endloop
  endfacet
  facet normal 0 0 1
    outer loop
      vertex 9.98478 5.34862 3
      vertex 12.6248 22.4195 3
      vertex 12.4912 22.7419 3
    endloop
  endfacet
  facet normal 0 0 1
    outer loop
      vertex 9.98478 5.34862 3
      vertex 12.7859 22.11 3
      vertex 12.6248 22.4195 3
    endloop
  endfacet
  facet normal 0 0 1
    outer loop
      vertex 9.98478 5.34862 3
      vertex 12.9734 21.8157 3
      vertex 12.7859 22.11 3
    endloop
  endfacet
  facet normal 0 0 1
    outer loop
      vertex 9.98478 5.34862 3
      vertex 13.1858 21.5389 3
      vertex 12.9734 21.8157 3
    endloop
  endfacet
  facet normal 0 0 1
    outer loop
      vertex 9.98478 5.34862 3
      vertex 13.4216 21.2816 3
      vertex 13.1858 21.5389 3
    endloop
  endfacet
  facet normal 0 0 1
    outer loop
      vertex 9.98478 5.34862 3
      vertex 13.6789 21.0458 3
      vertex 13.4216 21.2816 3
    endloop
  endfacet
  facet normal 0 0 1
    outer loop
      vertex 9.98478 5.34862 3
      vertex 13.9557 20.8334 3
      vertex 13.6789 21.0458 3
    endloop
  endfacet
  facet normal 0 0 1
    outer loop
      vertex 9.98478 5.34862 3
      vertex 14.25 20.6459 3
      vertex 13.9557 20.8334 3
    endloop
  endfacet
  facet normal 0 0 1
    outer loop
      vertex 9.98478 5.34862 3
      vertex 14.5595 20.4848 3
      vertex 14.25 20.6459 3
    endloop
  endfacet
  facet normal 0 0 1
    outer loop
      vertex 9.98478 5.34862 3
      vertex 14.8819 20.3512 3
      vertex 14.5595 20.4848 3
    endloop
  endfacet
  facet normal 0 0 1
    outer loop
      vertex 9.98478 5.34862 3
      vertex 15.2147 20.2463 3
      vertex 14.8819 20.3512 3
    endloop
  endfacet
  facet normal 0 0 1
    outer loop
      vertex 9.98478 5.34862 3
      vertex 15.5554 20.1708 3
      vertex 15.2147 20.2463 3
    endloop
  endfacet
  facet normal 0 0 1
    outer loop
      vertex 9.98478 5.34862 3
      vertex 15.9014 20.1252 3
      vertex 15.5554 20.1708 3
    endloop
  endfacet
  facet normal 0 0 1
    outer loop
      vertex 18.5443 20.8334 3
      vertex 10 5 3
      vertex 9.98478 4.65138 3
    endloop
  endfacet
  facet normal 0 0 1
    outer loop
      vertex 18.8211 21.0458 3
      vertex 9.98478 4.65138 3
      vertex 9.93923 4.30541 3
    endloop
  endfacet
  facet normal 0 0 1
    outer loop
      vertex 19.0784 21.2816 3
      vertex 9.93923 4.30541 3
      vertex 9.8637 3.96472 3
    endloop
  endfacet
  facet normal 0 0 1
    outer loop
      vertex 19.3142 21.5389 3
      vertex 9.8637 3.96472 3
      vertex 9.75877 3.63192 3
    endloop
  endfacet
  facet normal 0 0 1
    outer loop
      vertex 19.5266 21.8157 3
      vertex 9.75877 3.63192 3
      vertex 9.62523 3.30953 3
    endloop
  endfacet
  facet normal 0 0 1
    outer loop
      vertex 234.125 3.30953 3
      vertex 9.62523 3.30953 3
      vertex 234.286 3 3
    endloop
  endfacet
  facet normal 0 0 1
    outer loop
      vertex 234.286 3 3
      vertex 9.62523 3.30953 3
      vertex 9.4641 3 3
    endloop
  endfacet
  facet normal -0 0 1
    outer loop
      vertex 8.2943 140.583 3
      vertex 14.9358 133.931 3
      vertex 8.57115 140.796 3
    endloop
  endfacet
  facet normal 0 0 1
    outer loop
      vertex 18.25 20.6459 3
      vertex 9.98478 5.34862 3
      vertex 10 5 3
    endloop
  endfacet
  facet normal 0 0 1
    outer loop
      vertex 14.9358 133.931 3
      vertex 8.2943 140.583 3
      vertex 14.7234 133.654 3
    endloop
  endfacet
  facet normal 0 0 1
    outer loop
      vertex 12.25 24.11 3
      vertex 9.93923 5.69459 3
      vertex 9.98478 5.34862 3
    endloop
  endfacet
  facet normal -0 0 1
    outer loop
      vertex 8 140.396 3
      vertex 14.7234 133.654 3
      vertex 8.2943 140.583 3
    endloop
  endfacet
  facet normal 0 0 1
    outer loop
      vertex 12.25 24.11 3
      vertex 9.8637 6.03528 3
      vertex 9.93923 5.69459 3
    endloop
  endfacet
  facet normal 0 0 1
    outer loop
      vertex 14.7234 133.654 3
      vertex 8 140.396 3
      vertex 14.5359 133.36 3
    endloop
  endfacet
  facet normal 0 0 1
    outer loop
      vertex 12.25 24.11 3
      vertex 9.75877 6.36808 3
      vertex 9.8637 6.03528 3
    endloop
  endfacet
  facet normal -0 0 1
    outer loop
      vertex 7.69047 140.235 3
      vertex 14.5359 133.36 3
      vertex 8 140.396 3
    endloop
  endfacet
  facet normal 0 0 1
    outer loop
      vertex 12.25 24.11 3
      vertex 9.62523 6.69047 3
      vertex 9.75877 6.36808 3
    endloop
  endfacet
  facet normal 0 0 1
    outer loop
      vertex 14.5359 133.36 3
      vertex 7.69047 140.235 3
      vertex 14.3748 133.05 3
    endloop
  endfacet
  facet normal 0 0 1
    outer loop
      vertex 12.25 24.11 3
      vertex 9.4641 7 3
      vertex 9.62523 6.69047 3
    endloop
  endfacet
  facet normal -0 0 1
    outer loop
      vertex 7.36808 140.101 3
      vertex 14.3748 133.05 3
      vertex 7.69047 140.235 3
    endloop
  endfacet
  facet normal 0 0 1
    outer loop
      vertex 12.25 24.11 3
      vertex 9.27661 7.2943 3
      vertex 9.4641 7 3
    endloop
  endfacet
  facet normal 0 0 1
    outer loop
      vertex 14.3748 133.05 3
      vertex 7.36808 140.101 3
      vertex 14.2412 132.728 3
    endloop
  endfacet
  facet normal 0 0 1
    outer loop
      vertex 12.25 24.11 3
      vertex 9.06418 7.57115 3
      vertex 9.27661 7.2943 3
    endloop
  endfacet
  facet normal -0 0 1
    outer loop
      vertex 7.03528 139.996 3
      vertex 14.2412 132.728 3
      vertex 7.36808 140.101 3
    endloop
  endfacet
  facet normal 0 0 1
    outer loop
      vertex 12.25 24.11 3
      vertex 8.82843 7.82843 3
      vertex 9.06418 7.57115 3
    endloop
  endfacet
  facet normal 0 0 1
    outer loop
      vertex 14.2412 132.728 3
      vertex 7.03528 139.996 3
      vertex 14.1363 132.395 3
    endloop
  endfacet
  facet normal 0 0 1
    outer loop
      vertex 12.25 24.11 3
      vertex 8.57115 8.06418 3
      vertex 8.82843 7.82843 3
    endloop
  endfacet
  facet normal -0 0 1
    outer loop
      vertex 6.69459 139.921 3
      vertex 14.1363 132.395 3
      vertex 7.03528 139.996 3
    endloop
  endfacet
  facet normal 0 0 1
    outer loop
      vertex 12.25 24.11 3
      vertex 8.2943 8.27661 3
      vertex 8.57115 8.06418 3
    endloop
  endfacet
  facet normal 0 0 1
    outer loop
      vertex 14.1363 132.395 3
      vertex 6.69459 139.921 3
      vertex 14.0608 132.055 3
    endloop
  endfacet
  facet normal 0 0 1
    outer loop
      vertex 12.25 24.11 3
      vertex 8 8.4641 3
      vertex 8.2943 8.27661 3
    endloop
  endfacet
  facet normal -0 0 1
    outer loop
      vertex 6.34862 139.875 3
      vertex 14.0608 132.055 3
      vertex 6.69459 139.921 3
    endloop
  endfacet
  facet normal 0 0 1
    outer loop
      vertex 12.25 24.11 3
      vertex 7.69047 8.62523 3
      vertex 8 8.4641 3
    endloop
  endfacet
  facet normal 0 0 1
    outer loop
      vertex 14.0608 132.055 3
      vertex 6.34862 139.875 3
      vertex 14.0152 131.709 3
    endloop
  endfacet
  facet normal 0 0 1
    outer loop
      vertex 12.25 24.11 3
      vertex 7.36808 8.75877 3
      vertex 7.69047 8.62523 3
    endloop
  endfacet
  facet normal -0 0 1
    outer loop
      vertex 6 139.86 3
      vertex 14.0152 131.709 3
      vertex 6.34862 139.875 3
    endloop
  endfacet
  facet normal 0 0 1
    outer loop
      vertex 12.25 24.11 3
      vertex 7.03528 8.8637 3
      vertex 7.36808 8.75877 3
    endloop
  endfacet
  facet normal 0 0 1
    outer loop
      vertex 14.0152 131.709 3
      vertex 6 139.86 3
      vertex 14 131.36 3
    endloop
  endfacet
  facet normal 0 0 1
    outer loop
      vertex 12.25 24.11 3
      vertex 6.69459 8.93923 3
      vertex 7.03528 8.8637 3
    endloop
  endfacet
  facet normal 0 0 1
    outer loop
      vertex 5.65138 139.875 3
      vertex 14 131.36 3
      vertex 6 139.86 3
    endloop
  endfacet
  facet normal 0 0 1
    outer loop
      vertex 12.25 24.11 3
      vertex 6.34862 8.98478 3
      vertex 6.69459 8.93923 3
    endloop
  endfacet
  facet normal 0 0 1
    outer loop
      vertex 14.0152 131.011 3
      vertex 5.65138 139.875 3
      vertex 5.30541 139.921 3
    endloop
  endfacet
  facet normal 0 0 1
    outer loop
      vertex 12.25 24.11 3
      vertex 6 9 3
      vertex 6.34862 8.98478 3
    endloop
  endfacet
  facet normal 0 0 1
    outer loop
      vertex 14.0152 131.011 3
      vertex 5.30541 139.921 3
      vertex 4.96472 139.996 3
    endloop
  endfacet
  facet normal 0 0 1
    outer loop
      vertex 12.25 24.11 3
      vertex 5.65138 8.98478 3
      vertex 6 9 3
    endloop
  endfacet
  facet normal 0 0 1
    outer loop
      vertex 14.0152 131.011 3
      vertex 4.96472 139.996 3
      vertex 4.63192 140.101 3
    endloop
  endfacet
  facet normal 0 0 1
    outer loop
      vertex 12.25 24.11 3
      vertex 5.30541 8.93923 3
      vertex 5.65138 8.98478 3
    endloop
  endfacet
  facet normal 0 0 1
    outer loop
      vertex 14.0152 131.011 3
      vertex 4.63192 140.101 3
      vertex 4.30953 140.235 3
    endloop
  endfacet
  facet normal 0 0 1
    outer loop
      vertex 12.25 24.11 3
      vertex 4.96472 8.8637 3
      vertex 5.30541 8.93923 3
    endloop
  endfacet
  facet normal 0 0 1
    outer loop
      vertex 14.0152 131.011 3
      vertex 4.30953 140.235 3
      vertex 4 140.396 3
    endloop
  endfacet
  facet normal 0 0 1
    outer loop
      vertex 12.25 24.11 3
      vertex 4.63192 8.75877 3
      vertex 4.96472 8.8637 3
    endloop
  endfacet
  facet normal 0 0 1
    outer loop
      vertex 14.0152 131.011 3
      vertex 4 140.396 3
      vertex 3.70569 140.583 3
    endloop
  endfacet
  facet normal 0 0 1
    outer loop
      vertex 12.25 24.11 3
      vertex 4.30953 8.62523 3
      vertex 4.63192 8.75877 3
    endloop
  endfacet
  facet normal 0 0 1
    outer loop
      vertex 12.6248 25.8005 3
      vertex 3 7.64119 3
      vertex 12.4912 25.4781 3
    endloop
  endfacet
  facet normal 0 0 1
    outer loop
      vertex 12.25 24.11 3
      vertex 4 8.4641 3
      vertex 4.30953 8.62523 3
    endloop
  endfacet
  facet normal 0 0 1
    outer loop
      vertex 12.4912 25.4781 3
      vertex 3 7.64119 3
      vertex 12.3863 25.1453 3
    endloop
  endfacet
  facet normal 0 0 1
    outer loop
      vertex 12.25 24.11 3
      vertex 3.70569 8.27661 3
      vertex 4 8.4641 3
    endloop
  endfacet
  facet normal 0 -0 1
    outer loop
      vertex 3.17157 7.82843 3
      vertex 12.3863 25.1453 3
      vertex 3 7.64119 3
    endloop
  endfacet
  facet normal 0 0 1
    outer loop
      vertex 12.2652 24.4586 3
      vertex 3.70569 8.27661 3
      vertex 12.25 24.11 3
    endloop
  endfacet
  facet normal 0 0 1
    outer loop
      vertex 12.3863 25.1453 3
      vertex 3.17157 7.82843 3
      vertex 12.3108 24.8046 3
    endloop
  endfacet
  facet normal 0 -0 1
    outer loop
      vertex 3.70569 8.27661 3
      vertex 12.2652 24.4586 3
      vertex 3.42885 8.06418 3
    endloop
  endfacet
  facet normal 0 -0 1
    outer loop
      vertex 3.42885 8.06418 3
      vertex 12.3108 24.8046 3
      vertex 3.17157 7.82843 3
    endloop
  endfacet
  facet normal 0 0 1
    outer loop
      vertex 12.3108 24.8046 3
      vertex 3.42885 8.06418 3
      vertex 12.2652 24.4586 3
    endloop
  endfacet
  facet normal 0 0 1
    outer loop
      vertex 226.886 22.8247 3
      vertex 20.1137 23.0747 3
      vertex 226.991 22.4919 3
    endloop
  endfacet
  facet normal -0 0 1
    outer loop
      vertex 20.1137 23.0747 3
      vertex 226.886 22.8247 3
      vertex 20.1892 23.4154 3
    endloop
  endfacet
  facet normal 0 0 1
    outer loop
      vertex 226.811 23.1654 3
      vertex 20.1892 23.4154 3
      vertex 226.886 22.8247 3
    endloop
  endfacet
  facet normal -0 0 1
    outer loop
      vertex 20.1892 23.4154 3
      vertex 226.811 23.1654 3
      vertex 20.2348 23.7614 3
    endloop
  endfacet
  facet normal 0 0 1
    outer loop
      vertex 18.5443 27.3866 3
      vertex 20.2943 128.083 3
      vertex 20 127.896 3
    endloop
  endfacet
  facet normal 0 0 1
    outer loop
      vertex 226.765 23.5114 3
      vertex 20.2348 23.7614 3
      vertex 226.811 23.1654 3
    endloop
  endfacet
  facet normal 0 0 1
    outer loop
      vertex 21.4641 129.36 3
      vertex 19.7141 26.11 3
      vertex 19.8752 25.8005 3
    endloop
  endfacet
  facet normal 0 0 1
    outer loop
      vertex 18.25 27.5741 3
      vertex 20 127.896 3
      vertex 19.6905 127.735 3
    endloop
  endfacet
  facet normal 0 0 1
    outer loop
      vertex 21.2766 129.066 3
      vertex 19.5266 26.4043 3
      vertex 19.7141 26.11 3
    endloop
  endfacet
  facet normal 0 0 1
    outer loop
      vertex 17.9405 27.7352 3
      vertex 19.6905 127.735 3
      vertex 19.3681 127.601 3
    endloop
  endfacet
  facet normal 0 0 1
    outer loop
      vertex 21.0642 128.789 3
      vertex 19.3142 26.6812 3
      vertex 19.5266 26.4043 3
    endloop
  endfacet
  facet normal 0 0 1
    outer loop
      vertex 20.8284 128.532 3
      vertex 19.0784 26.9384 3
      vertex 19.3142 26.6812 3
    endloop
  endfacet
  facet normal 0 0 1
    outer loop
      vertex 17.6181 27.8688 3
      vertex 19.3681 127.601 3
      vertex 19.0353 127.496 3
    endloop
  endfacet
  facet normal 0 0 1
    outer loop
      vertex 20.5711 128.296 3
      vertex 18.8211 27.1742 3
      vertex 19.0784 26.9384 3
    endloop
  endfacet
  facet normal 0 0 1
    outer loop
      vertex 17.2853 27.9737 3
      vertex 19.0353 127.496 3
      vertex 18.6946 127.421 3
    endloop
  endfacet
  facet normal 0 0 1
    outer loop
      vertex 20.2943 128.083 3
      vertex 18.5443 27.3866 3
      vertex 18.8211 27.1742 3
    endloop
  endfacet
  facet normal 0 0 1
    outer loop
      vertex 16.9446 28.0492 3
      vertex 18.6946 127.421 3
      vertex 18.3486 127.375 3
    endloop
  endfacet
  facet normal 0 0 1
    outer loop
      vertex 20 127.896 3
      vertex 18.25 27.5741 3
      vertex 18.5443 27.3866 3
    endloop
  endfacet
  facet normal 0 0 1
    outer loop
      vertex 16.5986 28.0948 3
      vertex 18.3486 127.375 3
      vertex 18 127.36 3
    endloop
  endfacet
  facet normal 0 0 1
    outer loop
      vertex 19.6905 127.735 3
      vertex 17.9405 27.7352 3
      vertex 18.25 27.5741 3
    endloop
  endfacet
  facet normal 0 0 1
    outer loop
      vertex 16.25 28.11 3
      vertex 18 127.36 3
      vertex 17.6514 127.375 3
    endloop
  endfacet
  facet normal 0 0 1
    outer loop
      vertex 19.3681 127.601 3
      vertex 17.6181 27.8688 3
      vertex 17.9405 27.7352 3
    endloop
  endfacet
  facet normal 0 0 1
    outer loop
      vertex 15.9014 28.0948 3
      vertex 17.6514 127.375 3
      vertex 17.3054 127.421 3
    endloop
  endfacet
  facet normal 0 0 1
    outer loop
      vertex 19.0353 127.496 3
      vertex 17.2853 27.9737 3
      vertex 17.6181 27.8688 3
    endloop
  endfacet
  facet normal 0 0 1
    outer loop
      vertex 15.5554 28.0492 3
      vertex 17.3054 127.421 3
      vertex 16.9647 127.496 3
    endloop
  endfacet
  facet normal 0 0 1
    outer loop
      vertex 18.6946 127.421 3
      vertex 16.9446 28.0492 3
      vertex 17.2853 27.9737 3
    endloop
  endfacet
  facet normal 0 0 1
    outer loop
      vertex 15.2147 27.9737 3
      vertex 16.9647 127.496 3
      vertex 16.6319 127.601 3
    endloop
  endfacet
  facet normal 0 0 1
    outer loop
      vertex 18.3486 127.375 3
      vertex 16.5986 28.0948 3
      vertex 16.9446 28.0492 3
    endloop
  endfacet
  facet normal 0 0 1
    outer loop
      vertex 14.8819 27.8688 3
      vertex 16.6319 127.601 3
      vertex 16.3095 127.735 3
    endloop
  endfacet
  facet normal 0 0 1
    outer loop
      vertex 18 127.36 3
      vertex 16.25 28.11 3
      vertex 16.5986 28.0948 3
    endloop
  endfacet
  facet normal 0 0 1
    outer loop
      vertex 14.5595 27.7352 3
      vertex 16.3095 127.735 3
      vertex 16 127.896 3
    endloop
  endfacet
  facet normal 0 0 1
    outer loop
      vertex 17.6514 127.375 3
      vertex 15.9014 28.0948 3
      vertex 16.25 28.11 3
    endloop
  endfacet
  facet normal 0 0 1
    outer loop
      vertex 14.25 27.5741 3
      vertex 16 127.896 3
      vertex 15.7057 128.083 3
    endloop
  endfacet
  facet normal 0 0 1
    outer loop
      vertex 17.3054 127.421 3
      vertex 15.5554 28.0492 3
      vertex 15.9014 28.0948 3
    endloop
  endfacet
  facet normal 0 0 1
    outer loop
      vertex 13.9557 27.3866 3
      vertex 15.7057 128.083 3
      vertex 15.4289 128.296 3
    endloop
  endfacet
  facet normal 0 0 1
    outer loop
      vertex 16.9647 127.496 3
      vertex 15.2147 27.9737 3
      vertex 15.5554 28.0492 3
    endloop
  endfacet
  facet normal 0 0 1
    outer loop
      vertex 13.6789 27.1742 3
      vertex 15.4289 128.296 3
      vertex 15.1716 128.532 3
    endloop
  endfacet
  facet normal 0 0 1
    outer loop
      vertex 13.6789 27.1742 3
      vertex 15.1716 128.532 3
      vertex 14.9358 128.789 3
    endloop
  endfacet
  facet normal 0 0 1
    outer loop
      vertex 16.6319 127.601 3
      vertex 14.8819 27.8688 3
      vertex 15.2147 27.9737 3
    endloop
  endfacet
  facet normal 0 0 1
    outer loop
      vertex 13.6789 27.1742 3
      vertex 14.9358 128.789 3
      vertex 14.7234 129.066 3
    endloop
  endfacet
  facet normal 0 0 1
    outer loop
      vertex 16.3095 127.735 3
      vertex 14.5595 27.7352 3
      vertex 14.8819 27.8688 3
    endloop
  endfacet
  facet normal 0 0 1
    outer loop
      vertex 13.6789 27.1742 3
      vertex 14.7234 129.066 3
      vertex 14.5359 129.36 3
    endloop
  endfacet
  facet normal 0 0 1
    outer loop
      vertex 13.6789 27.1742 3
      vertex 14.5359 129.36 3
      vertex 14.3748 129.67 3
    endloop
  endfacet
  facet normal 0 0 1
    outer loop
      vertex 16 127.896 3
      vertex 14.25 27.5741 3
      vertex 14.5595 27.7352 3
    endloop
  endfacet
  facet normal 0 0 1
    outer loop
      vertex 13.6789 27.1742 3
      vertex 14.3748 129.67 3
      vertex 14.2412 129.992 3
    endloop
  endfacet
  facet normal 0 0 1
    outer loop
      vertex 13.6789 27.1742 3
      vertex 14.2412 129.992 3
      vertex 14.1363 130.325 3
    endloop
  endfacet
  facet normal 0 0 1
    outer loop
      vertex 13.6789 27.1742 3
      vertex 14.1363 130.325 3
      vertex 14.0608 130.665 3
    endloop
  endfacet
  facet normal 0 0 1
    outer loop
      vertex 13.6789 27.1742 3
      vertex 14.0608 130.665 3
      vertex 14.0152 131.011 3
    endloop
  endfacet
  facet normal 0 0 1
    outer loop
      vertex 5.65138 139.875 3
      vertex 14.0152 131.011 3
      vertex 14 131.36 3
    endloop
  endfacet
  facet normal 0 0 1
    outer loop
      vertex 15.7057 128.083 3
      vertex 13.9557 27.3866 3
      vertex 14.25 27.5741 3
    endloop
  endfacet
  facet normal 0 0 1
    outer loop
      vertex 233.765 143.511 3
      vertex 229.985 130.761 3
      vertex 229.939 130.415 3
    endloop
  endfacet
  facet normal 0 0 1
    outer loop
      vertex 233.765 143.511 3
      vertex 229.939 130.415 3
      vertex 229.864 130.075 3
    endloop
  endfacet
  facet normal -0 0 1
    outer loop
      vertex 228.294 127.833 3
      vertex 232.75 27.3241 3
      vertex 228.571 128.046 3
    endloop
  endfacet
  facet normal 0 0 1
    outer loop
      vertex 232.75 27.3241 3
      vertex 228.294 127.833 3
      vertex 232.44 27.4852 3
    endloop
  endfacet
  facet normal -0 0 1
    outer loop
      vertex 228 127.646 3
      vertex 232.44 27.4852 3
      vertex 228.294 127.833 3
    endloop
  endfacet
  facet normal 0 0 1
    outer loop
      vertex 232.44 27.4852 3
      vertex 228 127.646 3
      vertex 232.118 27.6188 3
    endloop
  endfacet
  facet normal -0 0 1
    outer loop
      vertex 227.69 127.485 3
      vertex 232.118 27.6188 3
      vertex 228 127.646 3
    endloop
  endfacet
  facet normal 0 0 1
    outer loop
      vertex 232.118 27.6188 3
      vertex 227.69 127.485 3
      vertex 231.785 27.7237 3
    endloop
  endfacet
  facet normal -0 0 1
    outer loop
      vertex 227.368 127.351 3
      vertex 231.785 27.7237 3
      vertex 227.69 127.485 3
    endloop
  endfacet
  facet normal 0 0 1
    outer loop
      vertex 231.785 27.7237 3
      vertex 227.368 127.351 3
      vertex 231.445 27.7992 3
    endloop
  endfacet
  facet normal -0 0 1
    outer loop
      vertex 227.035 127.246 3
      vertex 231.445 27.7992 3
      vertex 227.368 127.351 3
    endloop
  endfacet
  facet normal 0 0 1
    outer loop
      vertex 231.445 27.7992 3
      vertex 227.035 127.246 3
      vertex 231.099 27.8448 3
    endloop
  endfacet
  facet normal -0 0 1
    outer loop
      vertex 226.695 127.171 3
      vertex 231.099 27.8448 3
      vertex 227.035 127.246 3
    endloop
  endfacet
  facet normal 0 0 1
    outer loop
      vertex 231.099 27.8448 3
      vertex 226.695 127.171 3
      vertex 230.75 27.86 3
    endloop
  endfacet
  facet normal -0 0 1
    outer loop
      vertex 226.349 127.125 3
      vertex 230.75 27.86 3
      vertex 226.695 127.171 3
    endloop
  endfacet
  facet normal 0 0 1
    outer loop
      vertex 230.75 27.86 3
      vertex 226.349 127.125 3
      vertex 230.401 27.8448 3
    endloop
  endfacet
  facet normal -0 0 1
    outer loop
      vertex 226 127.11 3
      vertex 230.401 27.8448 3
      vertex 226.349 127.125 3
    endloop
  endfacet
  facet normal 0 0 1
    outer loop
      vertex 230.401 27.8448 3
      vertex 226 127.11 3
      vertex 230.055 27.7992 3
    endloop
  endfacet
  facet normal 0 0 1
    outer loop
      vertex 225.651 127.125 3
      vertex 230.055 27.7992 3
      vertex 226 127.11 3
    endloop
  endfacet
  facet normal 0 0 1
    outer loop
      vertex 230.055 27.7992 3
      vertex 225.651 127.125 3
      vertex 229.715 27.7237 3
    endloop
  endfacet
  facet normal 0 0 1
    outer loop
      vertex 225.305 127.171 3
      vertex 229.715 27.7237 3
      vertex 225.651 127.125 3
    endloop
  endfacet
  facet normal 0 0 1
    outer loop
      vertex 229.715 27.7237 3
      vertex 225.305 127.171 3
      vertex 229.382 27.6188 3
    endloop
  endfacet
  facet normal 0 0 1
    outer loop
      vertex 224.965 127.246 3
      vertex 229.382 27.6188 3
      vertex 225.305 127.171 3
    endloop
  endfacet
  facet normal 0 0 1
    outer loop
      vertex 229.382 27.6188 3
      vertex 224.965 127.246 3
      vertex 229.06 27.4852 3
    endloop
  endfacet
  facet normal 0 0 1
    outer loop
      vertex 224.632 127.351 3
      vertex 229.06 27.4852 3
      vertex 224.965 127.246 3
    endloop
  endfacet
  facet normal 0 0 1
    outer loop
      vertex 229.06 27.4852 3
      vertex 224.632 127.351 3
      vertex 228.75 27.3241 3
    endloop
  endfacet
  facet normal 0 0 1
    outer loop
      vertex 224.31 127.485 3
      vertex 228.75 27.3241 3
      vertex 224.632 127.351 3
    endloop
  endfacet
  facet normal 0 0 1
    outer loop
      vertex 228.75 27.3241 3
      vertex 224.31 127.485 3
      vertex 228.456 27.1366 3
    endloop
  endfacet
  facet normal 0 0 1
    outer loop
      vertex 224 127.646 3
      vertex 228.456 27.1366 3
      vertex 224.31 127.485 3
    endloop
  endfacet
  facet normal 0 0 1
    outer loop
      vertex 228.456 27.1366 3
      vertex 224 127.646 3
      vertex 228.179 26.9242 3
    endloop
  endfacet
  facet normal 0 0 1
    outer loop
      vertex 223.706 127.833 3
      vertex 228.179 26.9242 3
      vertex 224 127.646 3
    endloop
  endfacet
  facet normal 0 0 1
    outer loop
      vertex 228.179 26.9242 3
      vertex 223.706 127.833 3
      vertex 227.922 26.6884 3
    endloop
  endfacet
  facet normal 0 0 1
    outer loop
      vertex 17.8439 24.2494 3
      vertex 17.8439 23.9706 3
      vertex 17.85 24.11 3
    endloop
  endfacet
  facet normal 0 0 1
    outer loop
      vertex 17.8257 24.3878 3
      vertex 17.8439 23.9706 3
      vertex 17.8439 24.2494 3
    endloop
  endfacet
  facet normal 0 0 1
    outer loop
      vertex 17.8257 24.3878 3
      vertex 17.8257 23.8322 3
      vertex 17.8439 23.9706 3
    endloop
  endfacet
  facet normal 0 0 1
    outer loop
      vertex 17.7955 24.5241 3
      vertex 17.8257 23.8322 3
      vertex 17.8257 24.3878 3
    endloop
  endfacet
  facet normal 0 0 1
    outer loop
      vertex 17.7955 24.5241 3
      vertex 17.7955 23.6959 3
      vertex 17.8257 23.8322 3
    endloop
  endfacet
  facet normal 0 0 1
    outer loop
      vertex 17.7535 24.6572 3
      vertex 17.7955 23.6959 3
      vertex 17.7955 24.5241 3
    endloop
  endfacet
  facet normal 0 0 1
    outer loop
      vertex 17.7535 24.6572 3
      vertex 17.7535 23.5628 3
      vertex 17.7955 23.6959 3
    endloop
  endfacet
  facet normal 0 0 1
    outer loop
      vertex 17.7001 24.7862 3
      vertex 17.7535 23.5628 3
      vertex 17.7535 24.6572 3
    endloop
  endfacet
  facet normal 0 0 1
    outer loop
      vertex 17.7001 24.7862 3
      vertex 17.7001 23.4338 3
      vertex 17.7535 23.5628 3
    endloop
  endfacet
  facet normal 0 0 1
    outer loop
      vertex 17.6356 24.91 3
      vertex 17.7001 23.4338 3
      vertex 17.7001 24.7862 3
    endloop
  endfacet
  facet normal 0 0 1
    outer loop
      vertex 17.6356 24.91 3
      vertex 17.6356 23.31 3
      vertex 17.7001 23.4338 3
    endloop
  endfacet
  facet normal 0 0 1
    outer loop
      vertex 17.5606 25.0277 3
      vertex 17.6356 23.31 3
      vertex 17.6356 24.91 3
    endloop
  endfacet
  facet normal 0 0 1
    outer loop
      vertex 17.5606 25.0277 3
      vertex 17.5606 23.1923 3
      vertex 17.6356 23.31 3
    endloop
  endfacet
  facet normal 0 0 1
    outer loop
      vertex 17.4757 25.1385 3
      vertex 17.5606 23.1923 3
      vertex 17.5606 25.0277 3
    endloop
  endfacet
  facet normal 0 0 1
    outer loop
      vertex 17.4757 25.1385 3
      vertex 17.4757 23.0815 3
      vertex 17.5606 23.1923 3
    endloop
  endfacet
  facet normal 0 0 1
    outer loop
      vertex 17.3814 25.2414 3
      vertex 17.4757 23.0815 3
      vertex 17.4757 25.1385 3
    endloop
  endfacet
  facet normal 0 0 1
    outer loop
      vertex 17.3814 25.2414 3
      vertex 17.3814 22.9786 3
      vertex 17.4757 23.0815 3
    endloop
  endfacet
  facet normal 0 0 1
    outer loop
      vertex 17.2785 25.3357 3
      vertex 17.3814 22.9786 3
      vertex 17.3814 25.2414 3
    endloop
  endfacet
  facet normal 0 0 1
    outer loop
      vertex 17.2785 25.3357 3
      vertex 17.2785 22.8843 3
      vertex 17.3814 22.9786 3
    endloop
  endfacet
  facet normal 0 0 1
    outer loop
      vertex 17.1677 25.4206 3
      vertex 17.2785 22.8843 3
      vertex 17.2785 25.3357 3
    endloop
  endfacet
  facet normal 0 0 1
    outer loop
      vertex 17.1677 25.4206 3
      vertex 17.1677 22.7994 3
      vertex 17.2785 22.8843 3
    endloop
  endfacet
  facet normal 0 0 1
    outer loop
      vertex 17.05 25.4956 3
      vertex 17.1677 22.7994 3
      vertex 17.1677 25.4206 3
    endloop
  endfacet
  facet normal 0 0 1
    outer loop
      vertex 17.05 25.4956 3
      vertex 17.05 22.7244 3
      vertex 17.1677 22.7994 3
    endloop
  endfacet
  facet normal 0 0 1
    outer loop
      vertex 16.9262 25.5601 3
      vertex 17.05 22.7244 3
      vertex 17.05 25.4956 3
    endloop
  endfacet
  facet normal 0 0 1
    outer loop
      vertex 16.9262 25.5601 3
      vertex 16.9262 22.6599 3
      vertex 17.05 22.7244 3
    endloop
  endfacet
  facet normal 0 0 1
    outer loop
      vertex 16.7972 25.6135 3
      vertex 16.9262 22.6599 3
      vertex 16.9262 25.5601 3
    endloop
  endfacet
  facet normal 0 0 1
    outer loop
      vertex 16.7972 25.6135 3
      vertex 16.7972 22.6065 3
      vertex 16.9262 22.6599 3
    endloop
  endfacet
  facet normal 0 0 1
    outer loop
      vertex 16.6641 25.6555 3
      vertex 16.7972 22.6065 3
      vertex 16.7972 25.6135 3
    endloop
  endfacet
  facet normal 0 0 1
    outer loop
      vertex 16.6641 25.6555 3
      vertex 16.6641 22.5645 3
      vertex 16.7972 22.6065 3
    endloop
  endfacet
  facet normal 0 0 1
    outer loop
      vertex 16.5278 25.6857 3
      vertex 16.6641 22.5645 3
      vertex 16.6641 25.6555 3
    endloop
  endfacet
  facet normal 0 0 1
    outer loop
      vertex 16.5278 25.6857 3
      vertex 16.5278 22.5343 3
      vertex 16.6641 22.5645 3
    endloop
  endfacet
  facet normal 0 0 1
    outer loop
      vertex 16.3895 25.7039 3
      vertex 16.5278 22.5343 3
      vertex 16.5278 25.6857 3
    endloop
  endfacet
  facet normal 0 0 1
    outer loop
      vertex 16.3895 25.7039 3
      vertex 16.3895 22.5161 3
      vertex 16.5278 22.5343 3
    endloop
  endfacet
  facet normal 0 0 1
    outer loop
      vertex 16.25 25.71 3
      vertex 16.3895 22.5161 3
      vertex 16.3895 25.7039 3
    endloop
  endfacet
  facet normal 0 0 1
    outer loop
      vertex 16.25 25.71 3
      vertex 16.25 22.51 3
      vertex 16.3895 22.5161 3
    endloop
  endfacet
  facet normal -0 0 1
    outer loop
      vertex 16.1105 25.7039 3
      vertex 16.25 22.51 3
      vertex 16.25 25.71 3
    endloop
  endfacet
  facet normal 0 0 1
    outer loop
      vertex 16.1105 25.7039 3
      vertex 16.1105 22.5161 3
      vertex 16.25 22.51 3
    endloop
  endfacet
  facet normal -0 0 1
    outer loop
      vertex 15.9722 25.6857 3
      vertex 16.1105 22.5161 3
      vertex 16.1105 25.7039 3
    endloop
  endfacet
  facet normal 0 0 1
    outer loop
      vertex 15.9722 25.6857 3
      vertex 15.9722 22.5343 3
      vertex 16.1105 22.5161 3
    endloop
  endfacet
  facet normal -0 0 1
    outer loop
      vertex 15.8359 25.6555 3
      vertex 15.9722 22.5343 3
      vertex 15.9722 25.6857 3
    endloop
  endfacet
  facet normal 0 0 1
    outer loop
      vertex 15.8359 25.6555 3
      vertex 15.8359 22.5645 3
      vertex 15.9722 22.5343 3
    endloop
  endfacet
  facet normal -0 0 1
    outer loop
      vertex 15.7028 25.6135 3
      vertex 15.8359 22.5645 3
      vertex 15.8359 25.6555 3
    endloop
  endfacet
  facet normal 0 0 1
    outer loop
      vertex 15.7028 25.6135 3
      vertex 15.7028 22.6065 3
      vertex 15.8359 22.5645 3
    endloop
  endfacet
  facet normal -0 0 1
    outer loop
      vertex 15.5738 25.5601 3
      vertex 15.7028 22.6065 3
      vertex 15.7028 25.6135 3
    endloop
  endfacet
  facet normal 0 0 1
    outer loop
      vertex 15.5738 25.5601 3
      vertex 15.5738 22.6599 3
      vertex 15.7028 22.6065 3
    endloop
  endfacet
  facet normal -0 0 1
    outer loop
      vertex 15.45 25.4956 3
      vertex 15.5738 22.6599 3
      vertex 15.5738 25.5601 3
    endloop
  endfacet
  facet normal 0 0 1
    outer loop
      vertex 15.45 25.4956 3
      vertex 15.45 22.7244 3
      vertex 15.5738 22.6599 3
    endloop
  endfacet
  facet normal -0 0 1
    outer loop
      vertex 15.3323 25.4206 3
      vertex 15.45 22.7244 3
      vertex 15.45 25.4956 3
    endloop
  endfacet
  facet normal 0 0 1
    outer loop
      vertex 15.3323 25.4206 3
      vertex 15.3323 22.7994 3
      vertex 15.45 22.7244 3
    endloop
  endfacet
  facet normal -0 0 1
    outer loop
      vertex 15.2215 25.3357 3
      vertex 15.3323 22.7994 3
      vertex 15.3323 25.4206 3
    endloop
  endfacet
  facet normal 0 0 1
    outer loop
      vertex 15.2215 25.3357 3
      vertex 15.2215 22.8843 3
      vertex 15.3323 22.7994 3
    endloop
  endfacet
  facet normal -0 0 1
    outer loop
      vertex 15.1186 25.2414 3
      vertex 15.2215 22.8843 3
      vertex 15.2215 25.3357 3
    endloop
  endfacet
  facet normal 0 0 1
    outer loop
      vertex 15.1186 25.2414 3
      vertex 15.1186 22.9786 3
      vertex 15.2215 22.8843 3
    endloop
  endfacet
  facet normal -0 0 1
    outer loop
      vertex 15.0243 25.1385 3
      vertex 15.1186 22.9786 3
      vertex 15.1186 25.2414 3
    endloop
  endfacet
  facet normal 0 0 1
    outer loop
      vertex 15.0243 25.1385 3
      vertex 15.0243 23.0815 3
      vertex 15.1186 22.9786 3
    endloop
  endfacet
  facet normal -0 0 1
    outer loop
      vertex 14.9394 25.0277 3
      vertex 15.0243 23.0815 3
      vertex 15.0243 25.1385 3
    endloop
  endfacet
  facet normal 0 0 1
    outer loop
      vertex 14.9394 25.0277 3
      vertex 14.9394 23.1923 3
      vertex 15.0243 23.0815 3
    endloop
  endfacet
  facet normal -0 0 1
    outer loop
      vertex 14.8644 24.91 3
      vertex 14.9394 23.1923 3
      vertex 14.9394 25.0277 3
    endloop
  endfacet
  facet normal 0 0 1
    outer loop
      vertex 14.8644 24.91 3
      vertex 14.8644 23.31 3
      vertex 14.9394 23.1923 3
    endloop
  endfacet
  facet normal -0 0 1
    outer loop
      vertex 14.7999 24.7862 3
      vertex 14.8644 23.31 3
      vertex 14.8644 24.91 3
    endloop
  endfacet
  facet normal 0 0 1
    outer loop
      vertex 14.7999 24.7862 3
      vertex 14.7999 23.4338 3
      vertex 14.8644 23.31 3
    endloop
  endfacet
  facet normal -0 0 1
    outer loop
      vertex 14.7465 24.6572 3
      vertex 14.7999 23.4338 3
      vertex 14.7999 24.7862 3
    endloop
  endfacet
  facet normal 0 0 1
    outer loop
      vertex 14.7465 24.6572 3
      vertex 14.7465 23.5628 3
      vertex 14.7999 23.4338 3
    endloop
  endfacet
  facet normal -0 0 1
    outer loop
      vertex 14.7045 24.5241 3
      vertex 14.7465 23.5628 3
      vertex 14.7465 24.6572 3
    endloop
  endfacet
  facet normal 0 0 1
    outer loop
      vertex 14.7045 24.5241 3
      vertex 14.7045 23.6959 3
      vertex 14.7465 23.5628 3
    endloop
  endfacet
  facet normal -0 0 1
    outer loop
      vertex 14.6743 24.3878 3
      vertex 14.7045 23.6959 3
      vertex 14.7045 24.5241 3
    endloop
  endfacet
  facet normal 0 0 1
    outer loop
      vertex 14.6743 24.3878 3
      vertex 14.6743 23.8322 3
      vertex 14.7045 23.6959 3
    endloop
  endfacet
  facet normal -0 0 1
    outer loop
      vertex 14.6561 24.2494 3
      vertex 14.6743 23.8322 3
      vertex 14.6743 24.3878 3
    endloop
  endfacet
  facet normal 0 0 1
    outer loop
      vertex 14.6561 24.2494 3
      vertex 14.6561 23.9706 3
      vertex 14.6743 23.8322 3
    endloop
  endfacet
  facet normal 0 -0 1
    outer loop
      vertex 14.6561 23.9706 3
      vertex 14.6561 24.2494 3
      vertex 14.65 24.11 3
    endloop
  endfacet
  facet normal 0 0 1
    outer loop
      vertex 19.5939 131.499 3
      vertex 19.5939 131.221 3
      vertex 19.6 131.36 3
    endloop
  endfacet
  facet normal 0 0 1
    outer loop
      vertex 19.5757 131.638 3
      vertex 19.5939 131.221 3
      vertex 19.5939 131.499 3
    endloop
  endfacet
  facet normal 0 0 1
    outer loop
      vertex 19.5757 131.638 3
      vertex 19.5757 131.082 3
      vertex 19.5939 131.221 3
    endloop
  endfacet
  facet normal 0 0 1
    outer loop
      vertex 19.5455 131.774 3
      vertex 19.5757 131.082 3
      vertex 19.5757 131.638 3
    endloop
  endfacet
  facet normal 0 0 1
    outer loop
      vertex 19.5455 131.774 3
      vertex 19.5455 130.946 3
      vertex 19.5757 131.082 3
    endloop
  endfacet
  facet normal 0 0 1
    outer loop
      vertex 19.5035 131.907 3
      vertex 19.5455 130.946 3
      vertex 19.5455 131.774 3
    endloop
  endfacet
  facet normal 0 0 1
    outer loop
      vertex 19.5035 131.907 3
      vertex 19.5035 130.813 3
      vertex 19.5455 130.946 3
    endloop
  endfacet
  facet normal 0 0 1
    outer loop
      vertex 19.4501 132.036 3
      vertex 19.5035 130.813 3
      vertex 19.5035 131.907 3
    endloop
  endfacet
  facet normal 0 0 1
    outer loop
      vertex 19.4501 132.036 3
      vertex 19.4501 130.684 3
      vertex 19.5035 130.813 3
    endloop
  endfacet
  facet normal 0 0 1
    outer loop
      vertex 19.3856 132.16 3
      vertex 19.4501 130.684 3
      vertex 19.4501 132.036 3
    endloop
  endfacet
  facet normal 0 0 1
    outer loop
      vertex 19.3856 132.16 3
      vertex 19.3856 130.56 3
      vertex 19.4501 130.684 3
    endloop
  endfacet
  facet normal 0 0 1
    outer loop
      vertex 19.3106 132.278 3
      vertex 19.3856 130.56 3
      vertex 19.3856 132.16 3
    endloop
  endfacet
  facet normal 0 0 1
    outer loop
      vertex 19.3106 132.278 3
      vertex 19.3106 130.442 3
      vertex 19.3856 130.56 3
    endloop
  endfacet
  facet normal 0 0 1
    outer loop
      vertex 19.2257 132.388 3
      vertex 19.3106 130.442 3
      vertex 19.3106 132.278 3
    endloop
  endfacet
  facet normal 0 0 1
    outer loop
      vertex 19.2257 132.388 3
      vertex 19.2257 130.332 3
      vertex 19.3106 130.442 3
    endloop
  endfacet
  facet normal 0 0 1
    outer loop
      vertex 19.1314 132.491 3
      vertex 19.2257 130.332 3
      vertex 19.2257 132.388 3
    endloop
  endfacet
  facet normal 0 0 1
    outer loop
      vertex 19.1314 132.491 3
      vertex 19.1314 130.229 3
      vertex 19.2257 130.332 3
    endloop
  endfacet
  facet normal 0 0 1
    outer loop
      vertex 19.0285 132.586 3
      vertex 19.1314 130.229 3
      vertex 19.1314 132.491 3
    endloop
  endfacet
  facet normal 0 0 1
    outer loop
      vertex 19.0285 132.586 3
      vertex 19.0285 130.134 3
      vertex 19.1314 130.229 3
    endloop
  endfacet
  facet normal 0 0 1
    outer loop
      vertex 18.9177 132.671 3
      vertex 19.0285 130.134 3
      vertex 19.0285 132.586 3
    endloop
  endfacet
  facet normal 0 0 1
    outer loop
      vertex 18.9177 132.671 3
      vertex 18.9177 130.049 3
      vertex 19.0285 130.134 3
    endloop
  endfacet
  facet normal 0 0 1
    outer loop
      vertex 18.8 132.746 3
      vertex 18.9177 130.049 3
      vertex 18.9177 132.671 3
    endloop
  endfacet
  facet normal 0 0 1
    outer loop
      vertex 18.8 132.746 3
      vertex 18.8 129.974 3
      vertex 18.9177 130.049 3
    endloop
  endfacet
  facet normal 0 0 1
    outer loop
      vertex 18.6762 132.81 3
      vertex 18.8 129.974 3
      vertex 18.8 132.746 3
    endloop
  endfacet
  facet normal 0 0 1
    outer loop
      vertex 18.6762 132.81 3
      vertex 18.6762 129.91 3
      vertex 18.8 129.974 3
    endloop
  endfacet
  facet normal 0 0 1
    outer loop
      vertex 18.5472 132.864 3
      vertex 18.6762 129.91 3
      vertex 18.6762 132.81 3
    endloop
  endfacet
  facet normal 0 0 1
    outer loop
      vertex 18.5472 132.864 3
      vertex 18.5472 129.856 3
      vertex 18.6762 129.91 3
    endloop
  endfacet
  facet normal 0 0 1
    outer loop
      vertex 18.4141 132.905 3
      vertex 18.5472 129.856 3
      vertex 18.5472 132.864 3
    endloop
  endfacet
  facet normal 0 0 1
    outer loop
      vertex 18.4141 132.905 3
      vertex 18.4141 129.815 3
      vertex 18.5472 129.856 3
    endloop
  endfacet
  facet normal 0 0 1
    outer loop
      vertex 18.2778 132.936 3
      vertex 18.4141 129.815 3
      vertex 18.4141 132.905 3
    endloop
  endfacet
  facet normal 0 0 1
    outer loop
      vertex 18.2778 132.936 3
      vertex 18.2778 129.784 3
      vertex 18.4141 129.815 3
    endloop
  endfacet
  facet normal 0 0 1
    outer loop
      vertex 18.1395 132.954 3
      vertex 18.2778 129.784 3
      vertex 18.2778 132.936 3
    endloop
  endfacet
  facet normal 0 0 1
    outer loop
      vertex 18.1395 132.954 3
      vertex 18.1395 129.766 3
      vertex 18.2778 129.784 3
    endloop
  endfacet
  facet normal 0 0 1
    outer loop
      vertex 18 132.96 3
      vertex 18.1395 129.766 3
      vertex 18.1395 132.954 3
    endloop
  endfacet
  facet normal 0 0 1
    outer loop
      vertex 18 132.96 3
      vertex 18 129.76 3
      vertex 18.1395 129.766 3
    endloop
  endfacet
  facet normal -0 0 1
    outer loop
      vertex 17.8605 132.954 3
      vertex 18 129.76 3
      vertex 18 132.96 3
    endloop
  endfacet
  facet normal 0 0 1
    outer loop
      vertex 17.8605 132.954 3
      vertex 17.8605 129.766 3
      vertex 18 129.76 3
    endloop
  endfacet
  facet normal -0 0 1
    outer loop
      vertex 17.7222 132.936 3
      vertex 17.8605 129.766 3
      vertex 17.8605 132.954 3
    endloop
  endfacet
  facet normal 0 0 1
    outer loop
      vertex 17.7222 132.936 3
      vertex 17.7222 129.784 3
      vertex 17.8605 129.766 3
    endloop
  endfacet
  facet normal -0 0 1
    outer loop
      vertex 17.5859 132.905 3
      vertex 17.7222 129.784 3
      vertex 17.7222 132.936 3
    endloop
  endfacet
  facet normal 0 0 1
    outer loop
      vertex 17.5859 132.905 3
      vertex 17.5859 129.815 3
      vertex 17.7222 129.784 3
    endloop
  endfacet
  facet normal -0 0 1
    outer loop
      vertex 17.4528 132.864 3
      vertex 17.5859 129.815 3
      vertex 17.5859 132.905 3
    endloop
  endfacet
  facet normal 0 0 1
    outer loop
      vertex 17.4528 132.864 3
      vertex 17.4528 129.856 3
      vertex 17.5859 129.815 3
    endloop
  endfacet
  facet normal -0 0 1
    outer loop
      vertex 17.3238 132.81 3
      vertex 17.4528 129.856 3
      vertex 17.4528 132.864 3
    endloop
  endfacet
  facet normal 0 0 1
    outer loop
      vertex 17.3238 132.81 3
      vertex 17.3238 129.91 3
      vertex 17.4528 129.856 3
    endloop
  endfacet
  facet normal -0 0 1
    outer loop
      vertex 17.2 132.746 3
      vertex 17.3238 129.91 3
      vertex 17.3238 132.81 3
    endloop
  endfacet
  facet normal 0 0 1
    outer loop
      vertex 17.2 132.746 3
      vertex 17.2 129.974 3
      vertex 17.3238 129.91 3
    endloop
  endfacet
  facet normal -0 0 1
    outer loop
      vertex 17.0823 132.671 3
      vertex 17.2 129.974 3
      vertex 17.2 132.746 3
    endloop
  endfacet
  facet normal 0 0 1
    outer loop
      vertex 17.0823 132.671 3
      vertex 17.0823 130.049 3
      vertex 17.2 129.974 3
    endloop
  endfacet
  facet normal -0 0 1
    outer loop
      vertex 16.9715 132.586 3
      vertex 17.0823 130.049 3
      vertex 17.0823 132.671 3
    endloop
  endfacet
  facet normal 0 0 1
    outer loop
      vertex 16.9715 132.586 3
      vertex 16.9715 130.134 3
      vertex 17.0823 130.049 3
    endloop
  endfacet
  facet normal -0 0 1
    outer loop
      vertex 16.8686 132.491 3
      vertex 16.9715 130.134 3
      vertex 16.9715 132.586 3
    endloop
  endfacet
  facet normal 0 0 1
    outer loop
      vertex 16.8686 132.491 3
      vertex 16.8686 130.229 3
      vertex 16.9715 130.134 3
    endloop
  endfacet
  facet normal -0 0 1
    outer loop
      vertex 16.7743 132.388 3
      vertex 16.8686 130.229 3
      vertex 16.8686 132.491 3
    endloop
  endfacet
  facet normal 0 0 1
    outer loop
      vertex 16.7743 132.388 3
      vertex 16.7743 130.332 3
      vertex 16.8686 130.229 3
    endloop
  endfacet
  facet normal -0 0 1
    outer loop
      vertex 16.6894 132.278 3
      vertex 16.7743 130.332 3
      vertex 16.7743 132.388 3
    endloop
  endfacet
  facet normal 0 0 1
    outer loop
      vertex 16.6894 132.278 3
      vertex 16.6894 130.442 3
      vertex 16.7743 130.332 3
    endloop
  endfacet
  facet normal -0 0 1
    outer loop
      vertex 16.6144 132.16 3
      vertex 16.6894 130.442 3
      vertex 16.6894 132.278 3
    endloop
  endfacet
  facet normal 0 0 1
    outer loop
      vertex 16.6144 132.16 3
      vertex 16.6144 130.56 3
      vertex 16.6894 130.442 3
    endloop
  endfacet
  facet normal -0 0 1
    outer loop
      vertex 16.5499 132.036 3
      vertex 16.6144 130.56 3
      vertex 16.6144 132.16 3
    endloop
  endfacet
  facet normal 0 0 1
    outer loop
      vertex 16.5499 132.036 3
      vertex 16.5499 130.684 3
      vertex 16.6144 130.56 3
    endloop
  endfacet
  facet normal -0 0 1
    outer loop
      vertex 16.4965 131.907 3
      vertex 16.5499 130.684 3
      vertex 16.5499 132.036 3
    endloop
  endfacet
  facet normal 0 0 1
    outer loop
      vertex 16.4965 131.907 3
      vertex 16.4965 130.813 3
      vertex 16.5499 130.684 3
    endloop
  endfacet
  facet normal -0 0 1
    outer loop
      vertex 16.4545 131.774 3
      vertex 16.4965 130.813 3
      vertex 16.4965 131.907 3
    endloop
  endfacet
  facet normal 0 0 1
    outer loop
      vertex 16.4545 131.774 3
      vertex 16.4545 130.946 3
      vertex 16.4965 130.813 3
    endloop
  endfacet
  facet normal -0 0 1
    outer loop
      vertex 16.4243 131.638 3
      vertex 16.4545 130.946 3
      vertex 16.4545 131.774 3
    endloop
  endfacet
  facet normal 0 0 1
    outer loop
      vertex 16.4243 131.638 3
      vertex 16.4243 131.082 3
      vertex 16.4545 130.946 3
    endloop
  endfacet
  facet normal -0 0 1
    outer loop
      vertex 16.4061 131.499 3
      vertex 16.4243 131.082 3
      vertex 16.4243 131.638 3
    endloop
  endfacet
  facet normal 0 0 1
    outer loop
      vertex 16.4061 131.499 3
      vertex 16.4061 131.221 3
      vertex 16.4243 131.082 3
    endloop
  endfacet
  facet normal 0 -0 1
    outer loop
      vertex 16.4061 131.221 3
      vertex 16.4061 131.499 3
      vertex 16.4 131.36 3
    endloop
  endfacet
  facet normal 0 0 1
    outer loop
      vertex 232.344 23.9994 3
      vertex 232.344 23.7206 3
      vertex 232.35 23.86 3
    endloop
  endfacet
  facet normal 0 0 1
    outer loop
      vertex 232.326 24.1378 3
      vertex 232.344 23.7206 3
      vertex 232.344 23.9994 3
    endloop
  endfacet
  facet normal 0 0 1
    outer loop
      vertex 232.326 24.1378 3
      vertex 232.326 23.5822 3
      vertex 232.344 23.7206 3
    endloop
  endfacet
  facet normal 0 0 1
    outer loop
      vertex 232.295 24.2741 3
      vertex 232.326 23.5822 3
      vertex 232.326 24.1378 3
    endloop
  endfacet
  facet normal 0 0 1
    outer loop
      vertex 232.295 24.2741 3
      vertex 232.295 23.4459 3
      vertex 232.326 23.5822 3
    endloop
  endfacet
  facet normal 0 0 1
    outer loop
      vertex 232.254 24.4072 3
      vertex 232.295 23.4459 3
      vertex 232.295 24.2741 3
    endloop
  endfacet
  facet normal 0 0 1
    outer loop
      vertex 232.254 24.4072 3
      vertex 232.254 23.3128 3
      vertex 232.295 23.4459 3
    endloop
  endfacet
  facet normal 0 0 1
    outer loop
      vertex 232.2 24.5362 3
      vertex 232.254 23.3128 3
      vertex 232.254 24.4072 3
    endloop
  endfacet
  facet normal 0 0 1
    outer loop
      vertex 232.2 24.5362 3
      vertex 232.2 23.1838 3
      vertex 232.254 23.3128 3
    endloop
  endfacet
  facet normal 0 0 1
    outer loop
      vertex 232.136 24.66 3
      vertex 232.2 23.1838 3
      vertex 232.2 24.5362 3
    endloop
  endfacet
  facet normal 0 0 1
    outer loop
      vertex 232.136 24.66 3
      vertex 232.136 23.06 3
      vertex 232.2 23.1838 3
    endloop
  endfacet
  facet normal 0 0 1
    outer loop
      vertex 232.061 24.7777 3
      vertex 232.136 23.06 3
      vertex 232.136 24.66 3
    endloop
  endfacet
  facet normal 0 0 1
    outer loop
      vertex 232.061 24.7777 3
      vertex 232.061 22.9423 3
      vertex 232.136 23.06 3
    endloop
  endfacet
  facet normal 0 0 1
    outer loop
      vertex 231.976 24.8885 3
      vertex 232.061 22.9423 3
      vertex 232.061 24.7777 3
    endloop
  endfacet
  facet normal 0 0 1
    outer loop
      vertex 231.976 24.8885 3
      vertex 231.976 22.8315 3
      vertex 232.061 22.9423 3
    endloop
  endfacet
  facet normal 0 0 1
    outer loop
      vertex 231.881 24.9914 3
      vertex 231.976 22.8315 3
      vertex 231.976 24.8885 3
    endloop
  endfacet
  facet normal 0 0 1
    outer loop
      vertex 231.881 24.9914 3
      vertex 231.881 22.7286 3
      vertex 231.976 22.8315 3
    endloop
  endfacet
  facet normal 0 0 1
    outer loop
      vertex 231.778 25.0857 3
      vertex 231.881 22.7286 3
      vertex 231.881 24.9914 3
    endloop
  endfacet
  facet normal 0 0 1
    outer loop
      vertex 231.778 25.0857 3
      vertex 231.778 22.6343 3
      vertex 231.881 22.7286 3
    endloop
  endfacet
  facet normal 0 0 1
    outer loop
      vertex 231.668 25.1706 3
      vertex 231.778 22.6343 3
      vertex 231.778 25.0857 3
    endloop
  endfacet
  facet normal 0 0 1
    outer loop
      vertex 231.668 25.1706 3
      vertex 231.668 22.5494 3
      vertex 231.778 22.6343 3
    endloop
  endfacet
  facet normal 0 0 1
    outer loop
      vertex 231.55 25.2456 3
      vertex 231.668 22.5494 3
      vertex 231.668 25.1706 3
    endloop
  endfacet
  facet normal 0 0 1
    outer loop
      vertex 231.55 25.2456 3
      vertex 231.55 22.4744 3
      vertex 231.668 22.5494 3
    endloop
  endfacet
  facet normal 0 0 1
    outer loop
      vertex 231.426 25.3101 3
      vertex 231.55 22.4744 3
      vertex 231.55 25.2456 3
    endloop
  endfacet
  facet normal 0 0 1
    outer loop
      vertex 231.426 25.3101 3
      vertex 231.426 22.4099 3
      vertex 231.55 22.4744 3
    endloop
  endfacet
  facet normal 0 0 1
    outer loop
      vertex 231.297 25.3635 3
      vertex 231.426 22.4099 3
      vertex 231.426 25.3101 3
    endloop
  endfacet
  facet normal 0 0 1
    outer loop
      vertex 231.297 25.3635 3
      vertex 231.297 22.3565 3
      vertex 231.426 22.4099 3
    endloop
  endfacet
  facet normal 0 0 1
    outer loop
      vertex 231.164 25.4055 3
      vertex 231.297 22.3565 3
      vertex 231.297 25.3635 3
    endloop
  endfacet
  facet normal 0 0 1
    outer loop
      vertex 231.164 25.4055 3
      vertex 231.164 22.3145 3
      vertex 231.297 22.3565 3
    endloop
  endfacet
  facet normal 0 0 1
    outer loop
      vertex 231.028 25.4357 3
      vertex 231.164 22.3145 3
      vertex 231.164 25.4055 3
    endloop
  endfacet
  facet normal 0 0 1
    outer loop
      vertex 231.028 25.4357 3
      vertex 231.028 22.2843 3
      vertex 231.164 22.3145 3
    endloop
  endfacet
  facet normal 0 0 1
    outer loop
      vertex 230.889 25.4539 3
      vertex 231.028 22.2843 3
      vertex 231.028 25.4357 3
    endloop
  endfacet
  facet normal 0 0 1
    outer loop
      vertex 230.889 25.4539 3
      vertex 230.889 22.2661 3
      vertex 231.028 22.2843 3
    endloop
  endfacet
  facet normal 0 0 1
    outer loop
      vertex 230.75 25.46 3
      vertex 230.889 22.2661 3
      vertex 230.889 25.4539 3
    endloop
  endfacet
  facet normal 0 0 1
    outer loop
      vertex 230.75 25.46 3
      vertex 230.75 22.26 3
      vertex 230.889 22.2661 3
    endloop
  endfacet
  facet normal -0 0 1
    outer loop
      vertex 230.611 25.4539 3
      vertex 230.75 22.26 3
      vertex 230.75 25.46 3
    endloop
  endfacet
  facet normal 0 0 1
    outer loop
      vertex 230.611 25.4539 3
      vertex 230.611 22.2661 3
      vertex 230.75 22.26 3
    endloop
  endfacet
  facet normal -0 0 1
    outer loop
      vertex 230.472 25.4357 3
      vertex 230.611 22.2661 3
      vertex 230.611 25.4539 3
    endloop
  endfacet
  facet normal 0 0 1
    outer loop
      vertex 230.472 25.4357 3
      vertex 230.472 22.2843 3
      vertex 230.611 22.2661 3
    endloop
  endfacet
  facet normal -0 0 1
    outer loop
      vertex 230.336 25.4055 3
      vertex 230.472 22.2843 3
      vertex 230.472 25.4357 3
    endloop
  endfacet
  facet normal 0 0 1
    outer loop
      vertex 230.336 25.4055 3
      vertex 230.336 22.3145 3
      vertex 230.472 22.2843 3
    endloop
  endfacet
  facet normal -0 0 1
    outer loop
      vertex 230.203 25.3635 3
      vertex 230.336 22.3145 3
      vertex 230.336 25.4055 3
    endloop
  endfacet
  facet normal 0 0 1
    outer loop
      vertex 230.203 25.3635 3
      vertex 230.203 22.3565 3
      vertex 230.336 22.3145 3
    endloop
  endfacet
  facet normal -0 0 1
    outer loop
      vertex 230.074 25.3101 3
      vertex 230.203 22.3565 3
      vertex 230.203 25.3635 3
    endloop
  endfacet
  facet normal 0 0 1
    outer loop
      vertex 230.074 25.3101 3
      vertex 230.074 22.4099 3
      vertex 230.203 22.3565 3
    endloop
  endfacet
  facet normal -0 0 1
    outer loop
      vertex 229.95 25.2456 3
      vertex 230.074 22.4099 3
      vertex 230.074 25.3101 3
    endloop
  endfacet
  facet normal 0 0 1
    outer loop
      vertex 229.95 25.2456 3
      vertex 229.95 22.4744 3
      vertex 230.074 22.4099 3
    endloop
  endfacet
  facet normal -0 0 1
    outer loop
      vertex 229.832 25.1706 3
      vertex 229.95 22.4744 3
      vertex 229.95 25.2456 3
    endloop
  endfacet
  facet normal 0 0 1
    outer loop
      vertex 229.832 25.1706 3
      vertex 229.832 22.5494 3
      vertex 229.95 22.4744 3
    endloop
  endfacet
  facet normal -0 0 1
    outer loop
      vertex 229.722 25.0857 3
      vertex 229.832 22.5494 3
      vertex 229.832 25.1706 3
    endloop
  endfacet
  facet normal 0 0 1
    outer loop
      vertex 229.722 25.0857 3
      vertex 229.722 22.6343 3
      vertex 229.832 22.5494 3
    endloop
  endfacet
  facet normal -0 0 1
    outer loop
      vertex 229.619 24.9914 3
      vertex 229.722 22.6343 3
      vertex 229.722 25.0857 3
    endloop
  endfacet
  facet normal 0 0 1
    outer loop
      vertex 229.619 24.9914 3
      vertex 229.619 22.7286 3
      vertex 229.722 22.6343 3
    endloop
  endfacet
  facet normal -0 0 1
    outer loop
      vertex 229.524 24.8885 3
      vertex 229.619 22.7286 3
      vertex 229.619 24.9914 3
    endloop
  endfacet
  facet normal 0 0 1
    outer loop
      vertex 229.524 24.8885 3
      vertex 229.524 22.8315 3
      vertex 229.619 22.7286 3
    endloop
  endfacet
  facet normal -0 0 1
    outer loop
      vertex 229.439 24.7777 3
      vertex 229.524 22.8315 3
      vertex 229.524 24.8885 3
    endloop
  endfacet
  facet normal 0 0 1
    outer loop
      vertex 229.439 24.7777 3
      vertex 229.439 22.9423 3
      vertex 229.524 22.8315 3
    endloop
  endfacet
  facet normal -0 0 1
    outer loop
      vertex 229.364 24.66 3
      vertex 229.439 22.9423 3
      vertex 229.439 24.7777 3
    endloop
  endfacet
  facet normal 0 0 1
    outer loop
      vertex 229.364 24.66 3
      vertex 229.364 23.06 3
      vertex 229.439 22.9423 3
    endloop
  endfacet
  facet normal -0 0 1
    outer loop
      vertex 229.3 24.5362 3
      vertex 229.364 23.06 3
      vertex 229.364 24.66 3
    endloop
  endfacet
  facet normal 0 0 1
    outer loop
      vertex 229.3 24.5362 3
      vertex 229.3 23.1838 3
      vertex 229.364 23.06 3
    endloop
  endfacet
  facet normal -0 0 1
    outer loop
      vertex 229.246 24.4072 3
      vertex 229.3 23.1838 3
      vertex 229.3 24.5362 3
    endloop
  endfacet
  facet normal 0 0 1
    outer loop
      vertex 229.246 24.4072 3
      vertex 229.246 23.3128 3
      vertex 229.3 23.1838 3
    endloop
  endfacet
  facet normal -0 0 1
    outer loop
      vertex 229.205 24.2741 3
      vertex 229.246 23.3128 3
      vertex 229.246 24.4072 3
    endloop
  endfacet
  facet normal 0 0 1
    outer loop
      vertex 229.205 24.2741 3
      vertex 229.205 23.4459 3
      vertex 229.246 23.3128 3
    endloop
  endfacet
  facet normal -0 0 1
    outer loop
      vertex 229.174 24.1378 3
      vertex 229.205 23.4459 3
      vertex 229.205 24.2741 3
    endloop
  endfacet
  facet normal 0 0 1
    outer loop
      vertex 229.174 24.1378 3
      vertex 229.174 23.5822 3
      vertex 229.205 23.4459 3
    endloop
  endfacet
  facet normal -0 0 1
    outer loop
      vertex 229.156 23.9994 3
      vertex 229.174 23.5822 3
      vertex 229.174 24.1378 3
    endloop
  endfacet
  facet normal 0 0 1
    outer loop
      vertex 229.156 23.9994 3
      vertex 229.156 23.7206 3
      vertex 229.174 23.5822 3
    endloop
  endfacet
  facet normal 0 -0 1
    outer loop
      vertex 229.156 23.7206 3
      vertex 229.156 23.9994 3
      vertex 229.15 23.86 3
    endloop
  endfacet
  facet normal 0 0 1
    outer loop
      vertex 227.594 131.249 3
      vertex 227.594 130.971 3
      vertex 227.6 131.11 3
    endloop
  endfacet
  facet normal 0 0 1
    outer loop
      vertex 227.576 131.388 3
      vertex 227.594 130.971 3
      vertex 227.594 131.249 3
    endloop
  endfacet
  facet normal 0 0 1
    outer loop
      vertex 227.576 131.388 3
      vertex 227.576 130.832 3
      vertex 227.594 130.971 3
    endloop
  endfacet
  facet normal 0 0 1
    outer loop
      vertex 227.545 131.524 3
      vertex 227.576 130.832 3
      vertex 227.576 131.388 3
    endloop
  endfacet
  facet normal 0 0 1
    outer loop
      vertex 227.545 131.524 3
      vertex 227.545 130.696 3
      vertex 227.576 130.832 3
    endloop
  endfacet
  facet normal 0 0 1
    outer loop
      vertex 227.504 131.657 3
      vertex 227.545 130.696 3
      vertex 227.545 131.524 3
    endloop
  endfacet
  facet normal 0 0 1
    outer loop
      vertex 227.504 131.657 3
      vertex 227.504 130.563 3
      vertex 227.545 130.696 3
    endloop
  endfacet
  facet normal 0 0 1
    outer loop
      vertex 227.45 131.786 3
      vertex 227.504 130.563 3
      vertex 227.504 131.657 3
    endloop
  endfacet
  facet normal 0 0 1
    outer loop
      vertex 227.45 131.786 3
      vertex 227.45 130.434 3
      vertex 227.504 130.563 3
    endloop
  endfacet
  facet normal 0 0 1
    outer loop
      vertex 227.386 131.91 3
      vertex 227.45 130.434 3
      vertex 227.45 131.786 3
    endloop
  endfacet
  facet normal 0 0 1
    outer loop
      vertex 227.386 131.91 3
      vertex 227.386 130.31 3
      vertex 227.45 130.434 3
    endloop
  endfacet
  facet normal 0 0 1
    outer loop
      vertex 227.311 132.028 3
      vertex 227.386 130.31 3
      vertex 227.386 131.91 3
    endloop
  endfacet
  facet normal 0 0 1
    outer loop
      vertex 227.311 132.028 3
      vertex 227.311 130.192 3
      vertex 227.386 130.31 3
    endloop
  endfacet
  facet normal 0 0 1
    outer loop
      vertex 227.226 132.138 3
      vertex 227.311 130.192 3
      vertex 227.311 132.028 3
    endloop
  endfacet
  facet normal 0 0 1
    outer loop
      vertex 227.226 132.138 3
      vertex 227.226 130.082 3
      vertex 227.311 130.192 3
    endloop
  endfacet
  facet normal 0 0 1
    outer loop
      vertex 227.131 132.241 3
      vertex 227.226 130.082 3
      vertex 227.226 132.138 3
    endloop
  endfacet
  facet normal 0 0 1
    outer loop
      vertex 227.131 132.241 3
      vertex 227.131 129.979 3
      vertex 227.226 130.082 3
    endloop
  endfacet
  facet normal 0 0 1
    outer loop
      vertex 227.028 132.336 3
      vertex 227.131 129.979 3
      vertex 227.131 132.241 3
    endloop
  endfacet
  facet normal 0 0 1
    outer loop
      vertex 227.028 132.336 3
      vertex 227.028 129.884 3
      vertex 227.131 129.979 3
    endloop
  endfacet
  facet normal 0 0 1
    outer loop
      vertex 226.918 132.421 3
      vertex 227.028 129.884 3
      vertex 227.028 132.336 3
    endloop
  endfacet
  facet normal 0 0 1
    outer loop
      vertex 226.918 132.421 3
      vertex 226.918 129.799 3
      vertex 227.028 129.884 3
    endloop
  endfacet
  facet normal 0 0 1
    outer loop
      vertex 226.8 132.496 3
      vertex 226.918 129.799 3
      vertex 226.918 132.421 3
    endloop
  endfacet
  facet normal 0 0 1
    outer loop
      vertex 226.8 132.496 3
      vertex 226.8 129.724 3
      vertex 226.918 129.799 3
    endloop
  endfacet
  facet normal 0 0 1
    outer loop
      vertex 226.676 132.56 3
      vertex 226.8 129.724 3
      vertex 226.8 132.496 3
    endloop
  endfacet
  facet normal 0 0 1
    outer loop
      vertex 226.676 132.56 3
      vertex 226.676 129.66 3
      vertex 226.8 129.724 3
    endloop
  endfacet
  facet normal 0 0 1
    outer loop
      vertex 226.547 132.614 3
      vertex 226.676 129.66 3
      vertex 226.676 132.56 3
    endloop
  endfacet
  facet normal 0 0 1
    outer loop
      vertex 226.547 132.614 3
      vertex 226.547 129.606 3
      vertex 226.676 129.66 3
    endloop
  endfacet
  facet normal 0 0 1
    outer loop
      vertex 226.414 132.655 3
      vertex 226.547 129.606 3
      vertex 226.547 132.614 3
    endloop
  endfacet
  facet normal 0 0 1
    outer loop
      vertex 226.414 132.655 3
      vertex 226.414 129.565 3
      vertex 226.547 129.606 3
    endloop
  endfacet
  facet normal 0 0 1
    outer loop
      vertex 226.278 132.686 3
      vertex 226.414 129.565 3
      vertex 226.414 132.655 3
    endloop
  endfacet
  facet normal 0 0 1
    outer loop
      vertex 226.278 132.686 3
      vertex 226.278 129.534 3
      vertex 226.414 129.565 3
    endloop
  endfacet
  facet normal 0 0 1
    outer loop
      vertex 226.139 132.704 3
      vertex 226.278 129.534 3
      vertex 226.278 132.686 3
    endloop
  endfacet
  facet normal 0 0 1
    outer loop
      vertex 226.139 132.704 3
      vertex 226.139 129.516 3
      vertex 226.278 129.534 3
    endloop
  endfacet
  facet normal 0 0 1
    outer loop
      vertex 226 132.71 3
      vertex 226.139 129.516 3
      vertex 226.139 132.704 3
    endloop
  endfacet
  facet normal 0 0 1
    outer loop
      vertex 226 132.71 3
      vertex 226 129.51 3
      vertex 226.139 129.516 3
    endloop
  endfacet
  facet normal -0 0 1
    outer loop
      vertex 225.861 132.704 3
      vertex 226 129.51 3
      vertex 226 132.71 3
    endloop
  endfacet
  facet normal 0 0 1
    outer loop
      vertex 225.861 132.704 3
      vertex 225.861 129.516 3
      vertex 226 129.51 3
    endloop
  endfacet
  facet normal -0 0 1
    outer loop
      vertex 225.722 132.686 3
      vertex 225.861 129.516 3
      vertex 225.861 132.704 3
    endloop
  endfacet
  facet normal 0 0 1
    outer loop
      vertex 225.722 132.686 3
      vertex 225.722 129.534 3
      vertex 225.861 129.516 3
    endloop
  endfacet
  facet normal -0 0 1
    outer loop
      vertex 225.586 132.655 3
      vertex 225.722 129.534 3
      vertex 225.722 132.686 3
    endloop
  endfacet
  facet normal 0 0 1
    outer loop
      vertex 225.586 132.655 3
      vertex 225.586 129.565 3
      vertex 225.722 129.534 3
    endloop
  endfacet
  facet normal -0 0 1
    outer loop
      vertex 225.453 132.614 3
      vertex 225.586 129.565 3
      vertex 225.586 132.655 3
    endloop
  endfacet
  facet normal 0 0 1
    outer loop
      vertex 225.453 132.614 3
      vertex 225.453 129.606 3
      vertex 225.586 129.565 3
    endloop
  endfacet
  facet normal -0 0 1
    outer loop
      vertex 225.324 132.56 3
      vertex 225.453 129.606 3
      vertex 225.453 132.614 3
    endloop
  endfacet
  facet normal 0 0 1
    outer loop
      vertex 225.324 132.56 3
      vertex 225.324 129.66 3
      vertex 225.453 129.606 3
    endloop
  endfacet
  facet normal -0 0 1
    outer loop
      vertex 225.2 132.496 3
      vertex 225.324 129.66 3
      vertex 225.324 132.56 3
    endloop
  endfacet
  facet normal 0 0 1
    outer loop
      vertex 225.2 132.496 3
      vertex 225.2 129.724 3
      vertex 225.324 129.66 3
    endloop
  endfacet
  facet normal -0 0 1
    outer loop
      vertex 225.082 132.421 3
      vertex 225.2 129.724 3
      vertex 225.2 132.496 3
    endloop
  endfacet
  facet normal 0 0 1
    outer loop
      vertex 225.082 132.421 3
      vertex 225.082 129.799 3
      vertex 225.2 129.724 3
    endloop
  endfacet
  facet normal -0 0 1
    outer loop
      vertex 224.972 132.336 3
      vertex 225.082 129.799 3
      vertex 225.082 132.421 3
    endloop
  endfacet
  facet normal 0 0 1
    outer loop
      vertex 224.972 132.336 3
      vertex 224.972 129.884 3
      vertex 225.082 129.799 3
    endloop
  endfacet
  facet normal -0 0 1
    outer loop
      vertex 224.869 132.241 3
      vertex 224.972 129.884 3
      vertex 224.972 132.336 3
    endloop
  endfacet
  facet normal 0 0 1
    outer loop
      vertex 224.869 132.241 3
      vertex 224.869 129.979 3
      vertex 224.972 129.884 3
    endloop
  endfacet
  facet normal -0 0 1
    outer loop
      vertex 224.774 132.138 3
      vertex 224.869 129.979 3
      vertex 224.869 132.241 3
    endloop
  endfacet
  facet normal 0 0 1
    outer loop
      vertex 224.774 132.138 3
      vertex 224.774 130.082 3
      vertex 224.869 129.979 3
    endloop
  endfacet
  facet normal -0 0 1
    outer loop
      vertex 224.689 132.028 3
      vertex 224.774 130.082 3
      vertex 224.774 132.138 3
    endloop
  endfacet
  facet normal 0 0 1
    outer loop
      vertex 224.689 132.028 3
      vertex 224.689 130.192 3
      vertex 224.774 130.082 3
    endloop
  endfacet
  facet normal -0 0 1
    outer loop
      vertex 224.614 131.91 3
      vertex 224.689 130.192 3
      vertex 224.689 132.028 3
    endloop
  endfacet
  facet normal 0 0 1
    outer loop
      vertex 224.614 131.91 3
      vertex 224.614 130.31 3
      vertex 224.689 130.192 3
    endloop
  endfacet
  facet normal -0 0 1
    outer loop
      vertex 224.55 131.786 3
      vertex 224.614 130.31 3
      vertex 224.614 131.91 3
    endloop
  endfacet
  facet normal 0 0 1
    outer loop
      vertex 224.55 131.786 3
      vertex 224.55 130.434 3
      vertex 224.614 130.31 3
    endloop
  endfacet
  facet normal -0 0 1
    outer loop
      vertex 224.496 131.657 3
      vertex 224.55 130.434 3
      vertex 224.55 131.786 3
    endloop
  endfacet
  facet normal 0 0 1
    outer loop
      vertex 224.496 131.657 3
      vertex 224.496 130.563 3
      vertex 224.55 130.434 3
    endloop
  endfacet
  facet normal -0 0 1
    outer loop
      vertex 224.455 131.524 3
      vertex 224.496 130.563 3
      vertex 224.496 131.657 3
    endloop
  endfacet
  facet normal 0 0 1
    outer loop
      vertex 224.455 131.524 3
      vertex 224.455 130.696 3
      vertex 224.496 130.563 3
    endloop
  endfacet
  facet normal -0 0 1
    outer loop
      vertex 224.424 131.388 3
      vertex 224.455 130.696 3
      vertex 224.455 131.524 3
    endloop
  endfacet
  facet normal 0 0 1
    outer loop
      vertex 224.424 131.388 3
      vertex 224.424 130.832 3
      vertex 224.455 130.696 3
    endloop
  endfacet
  facet normal -0 0 1
    outer loop
      vertex 224.406 131.249 3
      vertex 224.424 130.832 3
      vertex 224.424 131.388 3
    endloop
  endfacet
  facet normal 0 0 1
    outer loop
      vertex 224.406 131.249 3
      vertex 224.406 130.971 3
      vertex 224.424 130.832 3
    endloop
  endfacet
  facet normal 0 -0 1
    outer loop
      vertex 224.406 130.971 3
      vertex 224.406 131.249 3
      vertex 224.4 131.11 3
    endloop
  endfacet
  facet normal 0.991446 0.130521 0
    outer loop
      vertex 9.98478 144.209 105
      vertex 9.93923 144.555 3
      vertex 9.93923 144.555 105
    endloop
  endfacet
  facet normal 0.991446 0.130521 0
    outer loop
      vertex 9.93923 144.555 3
      vertex 9.98478 144.209 105
      vertex 9.98478 144.209 3
    endloop
  endfacet
  facet normal 0.99905 0.0435689 0
    outer loop
      vertex 10 143.86 105
      vertex 9.98478 144.209 3
      vertex 9.98478 144.209 105
    endloop
  endfacet
  facet normal 0.99905 0.0435689 0
    outer loop
      vertex 9.98478 144.209 3
      vertex 10 143.86 105
      vertex 10 143.86 3
    endloop
  endfacet
  facet normal 0.976203 0.216861 0
    outer loop
      vertex 9.93923 144.555 105
      vertex 9.8637 144.895 3
      vertex 9.8637 144.895 105
    endloop
  endfacet
  facet normal 0.976203 0.216861 0
    outer loop
      vertex 9.8637 144.895 3
      vertex 9.93923 144.555 105
      vertex 9.93923 144.555 3
    endloop
  endfacet
  facet normal 0.1318 0.991276 -0
    outer loop
      vertex 6.69459 147.799 9
      vertex 6.34862 147.845 105
      vertex 6.69459 147.799 105
    endloop
  endfacet
  facet normal 0.1318 0.991276 0
    outer loop
      vertex 6.34862 147.845 105
      vertex 6.69459 147.799 9
      vertex 6.34862 147.845 9
    endloop
  endfacet
  facet normal -0.383812 -0.923411 0
    outer loop
      vertex 4.30953 140.235 3
      vertex 4.63192 140.101 105
      vertex 4.30953 140.235 105
    endloop
  endfacet
  facet normal -0.383812 -0.923411 -0
    outer loop
      vertex 4.63192 140.101 105
      vertex 4.30953 140.235 3
      vertex 4.63192 140.101 3
    endloop
  endfacet
  facet normal -0.042987 -0.999076 0
    outer loop
      vertex 5.65138 139.875 3
      vertex 6 139.86 105
      vertex 5.65138 139.875 105
    endloop
  endfacet
  facet normal -0.042987 -0.999076 -0
    outer loop
      vertex 6 139.86 105
      vertex 5.65138 139.875 3
      vertex 6 139.86 3
    endloop
  endfacet
  facet normal -0.214994 0.976615 0
    outer loop
      vertex 5.30541 147.799 9
      vertex 4.96472 147.724 105
      vertex 5.30541 147.799 105
    endloop
  endfacet
  facet normal -0.214994 0.976615 0
    outer loop
      vertex 4.96472 147.724 105
      vertex 5.30541 147.799 9
      vertex 4.96472 147.724 9
    endloop
  endfacet
  facet normal -0.383812 0.923411 0
    outer loop
      vertex 4.63192 147.619 9
      vertex 4.30953 147.485 105
      vertex 4.63192 147.619 105
    endloop
  endfacet
  facet normal -0.383812 0.923411 0
    outer loop
      vertex 4.30953 147.485 105
      vertex 4.63192 147.619 9
      vertex 4.30953 147.485 9
    endloop
  endfacet
  facet normal -0.536287 0.844036 0
    outer loop
      vertex 4 147.324 9
      vertex 3.70569 147.137 105
      vertex 4 147.324 105
    endloop
  endfacet
  facet normal -0.536287 0.844036 0
    outer loop
      vertex 3.70569 147.137 105
      vertex 4 147.324 9
      vertex 3.70569 147.137 9
    endloop
  endfacet
  facet normal 0.214994 -0.976615 0
    outer loop
      vertex 6.69459 139.921 3
      vertex 7.03528 139.996 105
      vertex 6.69459 139.921 105
    endloop
  endfacet
  facet normal 0.214994 -0.976615 0
    outer loop
      vertex 7.03528 139.996 105
      vertex 6.69459 139.921 3
      vertex 7.03528 139.996 3
    endloop
  endfacet
  facet normal 0.60978 0.792571 -0
    outer loop
      vertex 8.57115 146.924 9
      vertex 8.2943 147.137 105
      vertex 8.57115 146.924 105
    endloop
  endfacet
  facet normal 0.60978 0.792571 0
    outer loop
      vertex 8.2943 147.137 105
      vertex 8.57115 146.924 9
      vertex 8.2943 147.137 9
    endloop
  endfacet
  facet normal 0.793519 -0.608546 0
    outer loop
      vertex 9.06418 141.289 105
      vertex 9.27661 141.566 3
      vertex 9.27661 141.566 105
    endloop
  endfacet
  facet normal 0.793519 -0.608546 0
    outer loop
      vertex 9.27661 141.566 3
      vertex 9.06418 141.289 105
      vertex 9.06418 141.289 3
    endloop
  endfacet
  facet normal -0.1318 -0.991276 0
    outer loop
      vertex 5.30541 139.921 3
      vertex 5.65138 139.875 105
      vertex 5.30541 139.921 105
    endloop
  endfacet
  facet normal -0.1318 -0.991276 -0
    outer loop
      vertex 5.65138 139.875 105
      vertex 5.30541 139.921 3
      vertex 5.65138 139.875 3
    endloop
  endfacet
  facet normal 0.976203 -0.216861 0
    outer loop
      vertex 9.8637 142.825 105
      vertex 9.93923 143.165 3
      vertex 9.93923 143.165 105
    endloop
  endfacet
  facet normal 0.976203 -0.216861 0
    outer loop
      vertex 9.93923 143.165 3
      vertex 9.8637 142.825 105
      vertex 9.8637 142.825 3
    endloop
  endfacet
  facet normal -0.736853 -0.676053 0
    outer loop
      vertex 3.17157 141.032 3
      vertex 3 141.219 105
      vertex 3 141.219 3
    endloop
  endfacet
  facet normal -0.736853 -0.676053 0
    outer loop
      vertex 3 141.219 105
      vertex 3.17157 141.032 3
      vertex 3.17157 141.032 105
    endloop
  endfacet
  facet normal 0.461453 0.887165 -0
    outer loop
      vertex 8 147.324 9
      vertex 7.69047 147.485 105
      vertex 8 147.324 105
    endloop
  endfacet
  facet normal 0.461453 0.887165 0
    outer loop
      vertex 7.69047 147.485 105
      vertex 8 147.324 9
      vertex 7.69047 147.485 9
    endloop
  endfacet
  facet normal 0 0 1
    outer loop
      vertex 9.98478 144.209 105
      vertex 9.98478 143.511 105
      vertex 10 143.86 105
    endloop
  endfacet
  facet normal 0 0 1
    outer loop
      vertex 9.93923 144.555 105
      vertex 9.98478 143.511 105
      vertex 9.98478 144.209 105
    endloop
  endfacet
  facet normal 0 0 1
    outer loop
      vertex 9.93923 144.555 105
      vertex 9.93923 143.165 105
      vertex 9.98478 143.511 105
    endloop
  endfacet
  facet normal 0 0 1
    outer loop
      vertex 9.8637 144.895 105
      vertex 9.93923 143.165 105
      vertex 9.93923 144.555 105
    endloop
  endfacet
  facet normal 0 0 1
    outer loop
      vertex 9.8637 144.895 105
      vertex 9.8637 142.825 105
      vertex 9.93923 143.165 105
    endloop
  endfacet
  facet normal 0 0 1
    outer loop
      vertex 9.75877 145.228 105
      vertex 9.8637 142.825 105
      vertex 9.8637 144.895 105
    endloop
  endfacet
  facet normal 0 0 1
    outer loop
      vertex 9.75877 145.228 105
      vertex 9.75877 142.492 105
      vertex 9.8637 142.825 105
    endloop
  endfacet
  facet normal 0 0 1
    outer loop
      vertex 9.62523 145.55 105
      vertex 9.75877 142.492 105
      vertex 9.75877 145.228 105
    endloop
  endfacet
  facet normal 0 0 1
    outer loop
      vertex 9.62523 145.55 105
      vertex 9.62523 142.17 105
      vertex 9.75877 142.492 105
    endloop
  endfacet
  facet normal 0 0 1
    outer loop
      vertex 9.4641 145.86 105
      vertex 9.62523 142.17 105
      vertex 9.62523 145.55 105
    endloop
  endfacet
  facet normal 0 0 1
    outer loop
      vertex 9.4641 145.86 105
      vertex 9.4641 141.86 105
      vertex 9.62523 142.17 105
    endloop
  endfacet
  facet normal 0 0 1
    outer loop
      vertex 9.27661 146.154 105
      vertex 9.4641 141.86 105
      vertex 9.4641 145.86 105
    endloop
  endfacet
  facet normal 0 0 1
    outer loop
      vertex 9.27661 146.154 105
      vertex 9.27661 141.566 105
      vertex 9.4641 141.86 105
    endloop
  endfacet
  facet normal 0 0 1
    outer loop
      vertex 9.06418 146.431 105
      vertex 9.27661 141.566 105
      vertex 9.27661 146.154 105
    endloop
  endfacet
  facet normal 0 0 1
    outer loop
      vertex 9.06418 146.431 105
      vertex 9.06418 141.289 105
      vertex 9.27661 141.566 105
    endloop
  endfacet
  facet normal 0 0 1
    outer loop
      vertex 8.82843 146.688 105
      vertex 9.06418 141.289 105
      vertex 9.06418 146.431 105
    endloop
  endfacet
  facet normal 0 0 1
    outer loop
      vertex 8.82843 146.688 105
      vertex 8.82843 141.032 105
      vertex 9.06418 141.289 105
    endloop
  endfacet
  facet normal 0 0 1
    outer loop
      vertex 8.57115 146.924 105
      vertex 8.82843 141.032 105
      vertex 8.82843 146.688 105
    endloop
  endfacet
  facet normal 0 0 1
    outer loop
      vertex 8.57115 146.924 105
      vertex 8.57115 140.796 105
      vertex 8.82843 141.032 105
    endloop
  endfacet
  facet normal 0 0 1
    outer loop
      vertex 8.2943 147.137 105
      vertex 8.57115 140.796 105
      vertex 8.57115 146.924 105
    endloop
  endfacet
  facet normal 0 0 1
    outer loop
      vertex 8.2943 147.137 105
      vertex 8.2943 140.583 105
      vertex 8.57115 140.796 105
    endloop
  endfacet
  facet normal 0 0 1
    outer loop
      vertex 8 147.324 105
      vertex 8.2943 140.583 105
      vertex 8.2943 147.137 105
    endloop
  endfacet
  facet normal 0 0 1
    outer loop
      vertex 8 147.324 105
      vertex 8 140.396 105
      vertex 8.2943 140.583 105
    endloop
  endfacet
  facet normal 0 0 1
    outer loop
      vertex 7.69047 147.485 105
      vertex 8 140.396 105
      vertex 8 147.324 105
    endloop
  endfacet
  facet normal 0 0 1
    outer loop
      vertex 7.69047 147.485 105
      vertex 7.69047 140.235 105
      vertex 8 140.396 105
    endloop
  endfacet
  facet normal 0 0 1
    outer loop
      vertex 7.36808 147.619 105
      vertex 7.69047 140.235 105
      vertex 7.69047 147.485 105
    endloop
  endfacet
  facet normal 0 0 1
    outer loop
      vertex 7.36808 147.619 105
      vertex 7.36808 140.101 105
      vertex 7.69047 140.235 105
    endloop
  endfacet
  facet normal 0 0 1
    outer loop
      vertex 7.03528 147.724 105
      vertex 7.36808 140.101 105
      vertex 7.36808 147.619 105
    endloop
  endfacet
  facet normal 0 0 1
    outer loop
      vertex 7.03528 147.724 105
      vertex 7.03528 139.996 105
      vertex 7.36808 140.101 105
    endloop
  endfacet
  facet normal 0 0 1
    outer loop
      vertex 6.69459 147.799 105
      vertex 7.03528 139.996 105
      vertex 7.03528 147.724 105
    endloop
  endfacet
  facet normal 0 0 1
    outer loop
      vertex 6.69459 147.799 105
      vertex 6.69459 139.921 105
      vertex 7.03528 139.996 105
    endloop
  endfacet
  facet normal 0 0 1
    outer loop
      vertex 6.34862 147.845 105
      vertex 6.69459 139.921 105
      vertex 6.69459 147.799 105
    endloop
  endfacet
  facet normal 0 0 1
    outer loop
      vertex 6.34862 147.845 105
      vertex 6.34862 139.875 105
      vertex 6.69459 139.921 105
    endloop
  endfacet
  facet normal 0 0 1
    outer loop
      vertex 6 147.86 105
      vertex 6.34862 139.875 105
      vertex 6.34862 147.845 105
    endloop
  endfacet
  facet normal 0 0 1
    outer loop
      vertex 6 147.86 105
      vertex 6 139.86 105
      vertex 6.34862 139.875 105
    endloop
  endfacet
  facet normal -0 0 1
    outer loop
      vertex 5.65138 147.845 105
      vertex 6 139.86 105
      vertex 6 147.86 105
    endloop
  endfacet
  facet normal 0 0 1
    outer loop
      vertex 5.65138 147.845 105
      vertex 5.65138 139.875 105
      vertex 6 139.86 105
    endloop
  endfacet
  facet normal -0 0 1
    outer loop
      vertex 5.30541 147.799 105
      vertex 5.65138 139.875 105
      vertex 5.65138 147.845 105
    endloop
  endfacet
  facet normal 0 0 1
    outer loop
      vertex 5.30541 147.799 105
      vertex 5.30541 139.921 105
      vertex 5.65138 139.875 105
    endloop
  endfacet
  facet normal -0 0 1
    outer loop
      vertex 4.96472 147.724 105
      vertex 5.30541 139.921 105
      vertex 5.30541 147.799 105
    endloop
  endfacet
  facet normal 0 0 1
    outer loop
      vertex 4.96472 147.724 105
      vertex 4.96472 139.996 105
      vertex 5.30541 139.921 105
    endloop
  endfacet
  facet normal -0 0 1
    outer loop
      vertex 4.63192 147.619 105
      vertex 4.96472 139.996 105
      vertex 4.96472 147.724 105
    endloop
  endfacet
  facet normal 0 0 1
    outer loop
      vertex 4.63192 147.619 105
      vertex 4.63192 140.101 105
      vertex 4.96472 139.996 105
    endloop
  endfacet
  facet normal -0 0 1
    outer loop
      vertex 4.30953 147.485 105
      vertex 4.63192 140.101 105
      vertex 4.63192 147.619 105
    endloop
  endfacet
  facet normal 0 0 1
    outer loop
      vertex 4.30953 147.485 105
      vertex 4.30953 140.235 105
      vertex 4.63192 140.101 105
    endloop
  endfacet
  facet normal -0 0 1
    outer loop
      vertex 4 147.324 105
      vertex 4.30953 140.235 105
      vertex 4.30953 147.485 105
    endloop
  endfacet
  facet normal 0 0 1
    outer loop
      vertex 4 147.324 105
      vertex 4 140.396 105
      vertex 4.30953 140.235 105
    endloop
  endfacet
  facet normal -0 0 1
    outer loop
      vertex 3.70569 147.137 105
      vertex 4 140.396 105
      vertex 4 147.324 105
    endloop
  endfacet
  facet normal 0 0 1
    outer loop
      vertex 3.70569 147.137 105
      vertex 3.70569 140.583 105
      vertex 4 140.396 105
    endloop
  endfacet
  facet normal -0 0 1
    outer loop
      vertex 3.42885 146.924 105
      vertex 3.70569 140.583 105
      vertex 3.70569 147.137 105
    endloop
  endfacet
  facet normal 0 0 1
    outer loop
      vertex 3.42885 146.924 105
      vertex 3.42885 140.796 105
      vertex 3.70569 140.583 105
    endloop
  endfacet
  facet normal 0 0 1
    outer loop
      vertex 3 146.501 105
      vertex 3.42885 146.924 105
      vertex 3.17157 146.688 105
    endloop
  endfacet
  facet normal 0 0 1
    outer loop
      vertex 3.42885 146.924 105
      vertex 3 146.501 105
      vertex 3.42885 140.796 105
    endloop
  endfacet
  facet normal -0 0 1
    outer loop
      vertex 3 141.219 105
      vertex 3.42885 140.796 105
      vertex 3 146.501 105
    endloop
  endfacet
  facet normal 0 0 1
    outer loop
      vertex 3.42885 140.796 105
      vertex 3 141.219 105
      vertex 3.17157 141.032 105
    endloop
  endfacet
  facet normal -0.461453 -0.887165 0
    outer loop
      vertex 4 140.396 3
      vertex 4.30953 140.235 105
      vertex 4 140.396 105
    endloop
  endfacet
  facet normal -0.461453 -0.887165 -0
    outer loop
      vertex 4.30953 140.235 105
      vertex 4 140.396 3
      vertex 4.30953 140.235 3
    endloop
  endfacet
  facet normal 0.042987 0.999076 -0
    outer loop
      vertex 6.34862 147.845 9
      vertex 6 147.86 105
      vertex 6.34862 147.845 105
    endloop
  endfacet
  facet normal 0.042987 0.999076 0
    outer loop
      vertex 6 147.86 105
      vertex 6.34862 147.845 9
      vertex 6 147.86 9
    endloop
  endfacet
  facet normal 0.5363 0.844027 -0
    outer loop
      vertex 8.2943 147.137 9
      vertex 8 147.324 105
      vertex 8.2943 147.137 105
    endloop
  endfacet
  facet normal 0.5363 0.844027 0
    outer loop
      vertex 8 147.324 105
      vertex 8.2943 147.137 9
      vertex 8 147.324 9
    endloop
  endfacet
  facet normal -0.675974 0.736926 0
    outer loop
      vertex 3.42885 146.924 9
      vertex 3.17157 146.688 105
      vertex 3.42885 146.924 105
    endloop
  endfacet
  facet normal -0.675974 0.736926 0
    outer loop
      vertex 3.17157 146.688 105
      vertex 3.42885 146.924 9
      vertex 3.17157 146.688 9
    endloop
  endfacet
  facet normal 0.95377 0.300538 0
    outer loop
      vertex 9.8637 144.895 105
      vertex 9.75877 145.228 3
      vertex 9.75877 145.228 105
    endloop
  endfacet
  facet normal 0.95377 0.300538 0
    outer loop
      vertex 9.75877 145.228 3
      vertex 9.8637 144.895 105
      vertex 9.8637 144.895 3
    endloop
  endfacet
  facet normal 0.923714 -0.383083 0
    outer loop
      vertex 9.62523 142.17 105
      vertex 9.75877 142.492 3
      vertex 9.75877 142.492 105
    endloop
  endfacet
  facet normal 0.923714 -0.383083 0
    outer loop
      vertex 9.75877 142.492 3
      vertex 9.62523 142.17 105
      vertex 9.62523 142.17 3
    endloop
  endfacet
  facet normal 0.675974 -0.736926 0
    outer loop
      vertex 8.57115 140.796 3
      vertex 8.82843 141.032 105
      vertex 8.57115 140.796 105
    endloop
  endfacet
  facet normal 0.675974 -0.736926 0
    outer loop
      vertex 8.82843 141.032 105
      vertex 8.57115 140.796 3
      vertex 8.82843 141.032 3
    endloop
  endfacet
  facet normal -0.609794 -0.79256 0
    outer loop
      vertex 3.42885 140.796 3
      vertex 3.70569 140.583 105
      vertex 3.42885 140.796 105
    endloop
  endfacet
  facet normal -0.609794 -0.79256 -0
    outer loop
      vertex 3.70569 140.583 105
      vertex 3.42885 140.796 3
      vertex 3.70569 140.583 3
    endloop
  endfacet
  facet normal 0.383812 0.923411 -0
    outer loop
      vertex 7.69047 147.485 9
      vertex 7.36808 147.619 105
      vertex 7.69047 147.485 105
    endloop
  endfacet
  facet normal 0.383812 0.923411 0
    outer loop
      vertex 7.36808 147.619 105
      vertex 7.69047 147.485 9
      vertex 7.36808 147.619 9
    endloop
  endfacet
  facet normal 0.99905 -0.0435689 0
    outer loop
      vertex 9.98478 143.511 105
      vertex 10 143.86 3
      vertex 10 143.86 105
    endloop
  endfacet
  facet normal 0.99905 -0.0435689 0
    outer loop
      vertex 10 143.86 3
      vertex 9.98478 143.511 105
      vertex 9.98478 143.511 3
    endloop
  endfacet
  facet normal -0.609794 0.79256 0
    outer loop
      vertex 3.70569 147.137 9
      vertex 3.42885 146.924 105
      vertex 3.70569 147.137 105
    endloop
  endfacet
  facet normal -0.609794 0.79256 0
    outer loop
      vertex 3.42885 146.924 105
      vertex 3.70569 147.137 9
      vertex 3.42885 146.924 9
    endloop
  endfacet
  facet normal 0.5363 -0.844027 0
    outer loop
      vertex 8 140.396 3
      vertex 8.2943 140.583 105
      vertex 8 140.396 105
    endloop
  endfacet
  facet normal 0.5363 -0.844027 0
    outer loop
      vertex 8.2943 140.583 105
      vertex 8 140.396 3
      vertex 8.2943 140.583 3
    endloop
  endfacet
  facet normal -0.536287 -0.844036 0
    outer loop
      vertex 3.70569 140.583 3
      vertex 4 140.396 105
      vertex 3.70569 140.583 105
    endloop
  endfacet
  facet normal -0.536287 -0.844036 -0
    outer loop
      vertex 4 140.396 105
      vertex 3.70569 140.583 3
      vertex 4 140.396 3
    endloop
  endfacet
  facet normal 0.461453 -0.887165 0
    outer loop
      vertex 7.69047 140.235 3
      vertex 8 140.396 105
      vertex 7.69047 140.235 105
    endloop
  endfacet
  facet normal 0.461453 -0.887165 0
    outer loop
      vertex 8 140.396 105
      vertex 7.69047 140.235 3
      vertex 8 140.396 3
    endloop
  endfacet
  facet normal 0.214994 0.976615 -0
    outer loop
      vertex 7.03528 147.724 9
      vertex 6.69459 147.799 105
      vertex 7.03528 147.724 105
    endloop
  endfacet
  facet normal 0.214994 0.976615 0
    outer loop
      vertex 6.69459 147.799 105
      vertex 7.03528 147.724 9
      vertex 6.69459 147.799 9
    endloop
  endfacet
  facet normal 0.793519 0.608546 0
    outer loop
      vertex 9.27661 146.154 105
      vertex 9.06418 146.431 9
      vertex 9.06418 146.431 105
    endloop
  endfacet
  facet normal 0.793519 0.608546 0
    outer loop
      vertex 9.06418 146.431 9
      vertex 9.27661 146.154 105
      vertex 9.27661 146.154 9
    endloop
  endfacet
  facet normal 0.1318 -0.991276 0
    outer loop
      vertex 6.34862 139.875 3
      vertex 6.69459 139.921 105
      vertex 6.34862 139.875 105
    endloop
  endfacet
  facet normal 0.1318 -0.991276 0
    outer loop
      vertex 6.69459 139.921 105
      vertex 6.34862 139.875 3
      vertex 6.69459 139.921 3
    endloop
  endfacet
  facet normal 0.95377 -0.300538 0
    outer loop
      vertex 9.75877 142.492 105
      vertex 9.8637 142.825 3
      vertex 9.8637 142.825 105
    endloop
  endfacet
  facet normal 0.95377 -0.300538 0
    outer loop
      vertex 9.8637 142.825 3
      vertex 9.75877 142.492 105
      vertex 9.75877 142.492 3
    endloop
  endfacet
  facet normal 0.843143 -0.53769 0
    outer loop
      vertex 9.27661 141.566 105
      vertex 9.4641 141.86 3
      vertex 9.4641 141.86 105
    endloop
  endfacet
  facet normal 0.843143 -0.53769 0
    outer loop
      vertex 9.4641 141.86 3
      vertex 9.27661 141.566 105
      vertex 9.27661 141.566 3
    endloop
  endfacet
  facet normal 0.991446 -0.130521 0
    outer loop
      vertex 9.93923 143.165 105
      vertex 9.98478 143.511 3
      vertex 9.98478 143.511 105
    endloop
  endfacet
  facet normal 0.991446 -0.130521 0
    outer loop
      vertex 9.98478 143.511 3
      vertex 9.93923 143.165 105
      vertex 9.93923 143.165 3
    endloop
  endfacet
  facet normal 0.923714 0.383083 0
    outer loop
      vertex 9.75877 145.228 105
      vertex 9.62523 145.55 3
      vertex 9.62523 145.55 105
    endloop
  endfacet
  facet normal 0.923714 0.383083 0
    outer loop
      vertex 9.62523 145.55 3
      vertex 9.75877 145.228 105
      vertex 9.75877 145.228 3
    endloop
  endfacet
  facet normal 0.887299 0.461195 0
    outer loop
      vertex 9.62523 145.55 105
      vertex 9.4641 145.86 9
      vertex 9.4641 145.86 105
    endloop
  endfacet
  facet normal 0.887299 0.461195 -0
    outer loop
      vertex 9.62523 145.55 3
      vertex 9.4641 145.86 9
      vertex 9.62523 145.55 105
    endloop
  endfacet
  facet normal 0.887299 0.461195 0
    outer loop
      vertex 9.4641 145.86 9
      vertex 9.62523 145.55 3
      vertex 9.4641 145.86 3
    endloop
  endfacet
  facet normal -0.736853 0.676053 0
    outer loop
      vertex 3 146.501 9
      vertex 3.17157 146.688 105
      vertex 3.17157 146.688 9
    endloop
  endfacet
  facet normal -0.736853 0.676053 0
    outer loop
      vertex 3.17157 146.688 105
      vertex 3 146.501 9
      vertex 3 146.501 105
    endloop
  endfacet
  facet normal 0.042987 -0.999076 0
    outer loop
      vertex 6 139.86 3
      vertex 6.34862 139.875 105
      vertex 6 139.86 105
    endloop
  endfacet
  facet normal 0.042987 -0.999076 0
    outer loop
      vertex 6.34862 139.875 105
      vertex 6 139.86 3
      vertex 6.34862 139.875 3
    endloop
  endfacet
  facet normal -0.461453 0.887165 0
    outer loop
      vertex 4.30953 147.485 9
      vertex 4 147.324 105
      vertex 4.30953 147.485 105
    endloop
  endfacet
  facet normal -0.461453 0.887165 0
    outer loop
      vertex 4 147.324 105
      vertex 4.30953 147.485 9
      vertex 4 147.324 9
    endloop
  endfacet
  facet normal -0.300885 -0.953661 0
    outer loop
      vertex 4.63192 140.101 3
      vertex 4.96472 139.996 105
      vertex 4.63192 140.101 105
    endloop
  endfacet
  facet normal -0.300885 -0.953661 -0
    outer loop
      vertex 4.96472 139.996 105
      vertex 4.63192 140.101 3
      vertex 4.96472 139.996 3
    endloop
  endfacet
  facet normal -0.1318 0.991276 0
    outer loop
      vertex 5.65138 147.845 9
      vertex 5.30541 147.799 105
      vertex 5.65138 147.845 105
    endloop
  endfacet
  facet normal -0.1318 0.991276 0
    outer loop
      vertex 5.30541 147.799 105
      vertex 5.65138 147.845 9
      vertex 5.30541 147.799 9
    endloop
  endfacet
  facet normal 0.383812 -0.923411 0
    outer loop
      vertex 7.36808 140.101 3
      vertex 7.69047 140.235 105
      vertex 7.36808 140.101 105
    endloop
  endfacet
  facet normal 0.383812 -0.923411 0
    outer loop
      vertex 7.69047 140.235 105
      vertex 7.36808 140.101 3
      vertex 7.69047 140.235 3
    endloop
  endfacet
  facet normal 0.300885 -0.953661 0
    outer loop
      vertex 7.03528 139.996 3
      vertex 7.36808 140.101 105
      vertex 7.03528 139.996 105
    endloop
  endfacet
  facet normal 0.300885 -0.953661 0
    outer loop
      vertex 7.36808 140.101 105
      vertex 7.03528 139.996 3
      vertex 7.36808 140.101 3
    endloop
  endfacet
  facet normal 0.736916 0.675984 0
    outer loop
      vertex 9.06418 146.431 105
      vertex 8.82843 146.688 9
      vertex 8.82843 146.688 105
    endloop
  endfacet
  facet normal 0.736916 0.675984 0
    outer loop
      vertex 8.82843 146.688 9
      vertex 9.06418 146.431 105
      vertex 9.06418 146.431 9
    endloop
  endfacet
  facet normal -0.675974 -0.736926 0
    outer loop
      vertex 3.17157 141.032 3
      vertex 3.42885 140.796 105
      vertex 3.17157 141.032 105
    endloop
  endfacet
  facet normal -0.675974 -0.736926 -0
    outer loop
      vertex 3.42885 140.796 105
      vertex 3.17157 141.032 3
      vertex 3.42885 140.796 3
    endloop
  endfacet
  facet normal -0.042987 0.999076 0
    outer loop
      vertex 6 147.86 9
      vertex 5.65138 147.845 105
      vertex 6 147.86 105
    endloop
  endfacet
  facet normal -0.042987 0.999076 0
    outer loop
      vertex 5.65138 147.845 105
      vertex 6 147.86 9
      vertex 5.65138 147.845 9
    endloop
  endfacet
  facet normal 0.675974 0.736926 -0
    outer loop
      vertex 8.82843 146.688 9
      vertex 8.57115 146.924 105
      vertex 8.82843 146.688 105
    endloop
  endfacet
  facet normal 0.675974 0.736926 0
    outer loop
      vertex 8.57115 146.924 105
      vertex 8.82843 146.688 9
      vertex 8.57115 146.924 9
    endloop
  endfacet
  facet normal 0.887299 -0.461195 0
    outer loop
      vertex 9.4641 141.86 105
      vertex 9.62523 142.17 3
      vertex 9.62523 142.17 105
    endloop
  endfacet
  facet normal 0.887299 -0.461195 0
    outer loop
      vertex 9.62523 142.17 3
      vertex 9.4641 141.86 105
      vertex 9.4641 141.86 3
    endloop
  endfacet
  facet normal 0.843143 0.53769 0
    outer loop
      vertex 9.4641 145.86 105
      vertex 9.27661 146.154 9
      vertex 9.27661 146.154 105
    endloop
  endfacet
  facet normal 0.843143 0.53769 0
    outer loop
      vertex 9.27661 146.154 9
      vertex 9.4641 145.86 105
      vertex 9.4641 145.86 9
    endloop
  endfacet
  facet normal -0.300885 0.953661 0
    outer loop
      vertex 4.96472 147.724 9
      vertex 4.63192 147.619 105
      vertex 4.96472 147.724 105
    endloop
  endfacet
  facet normal -0.300885 0.953661 0
    outer loop
      vertex 4.63192 147.619 105
      vertex 4.96472 147.724 9
      vertex 4.63192 147.619 9
    endloop
  endfacet
  facet normal 0.300885 0.953661 -0
    outer loop
      vertex 7.36808 147.619 9
      vertex 7.03528 147.724 105
      vertex 7.36808 147.619 105
    endloop
  endfacet
  facet normal 0.300885 0.953661 0
    outer loop
      vertex 7.03528 147.724 105
      vertex 7.36808 147.619 9
      vertex 7.03528 147.724 9
    endloop
  endfacet
  facet normal 0.60978 -0.792571 0
    outer loop
      vertex 8.2943 140.583 3
      vertex 8.57115 140.796 105
      vertex 8.2943 140.583 105
    endloop
  endfacet
  facet normal 0.60978 -0.792571 0
    outer loop
      vertex 8.57115 140.796 105
      vertex 8.2943 140.583 3
      vertex 8.57115 140.796 3
    endloop
  endfacet
  facet normal -0.214994 -0.976615 0
    outer loop
      vertex 4.96472 139.996 3
      vertex 5.30541 139.921 105
      vertex 4.96472 139.996 105
    endloop
  endfacet
  facet normal -0.214994 -0.976615 -0
    outer loop
      vertex 5.30541 139.921 105
      vertex 4.96472 139.996 3
      vertex 5.30541 139.921 3
    endloop
  endfacet
  facet normal 0.736916 -0.675984 0
    outer loop
      vertex 8.82843 141.032 105
      vertex 9.06418 141.289 3
      vertex 9.06418 141.289 105
    endloop
  endfacet
  facet normal 0.736916 -0.675984 0
    outer loop
      vertex 9.06418 141.289 3
      vertex 8.82843 141.032 105
      vertex 8.82843 141.032 3
    endloop
  endfacet
  facet normal -0.0435689 -0.99905 0
    outer loop
      vertex 237.401 1.01522 9
      vertex 237.75 1 105
      vertex 237.401 1.01522 105
    endloop
  endfacet
  facet normal -0.0435689 -0.99905 -0
    outer loop
      vertex 237.75 1 105
      vertex 237.401 1.01522 9
      vertex 237.75 1 9
    endloop
  endfacet
  facet normal 0.53769 -0.843143 0
    outer loop
      vertex 239.75 1.5359 9
      vertex 240.044 1.72339 105
      vertex 239.75 1.5359 105
    endloop
  endfacet
  facet normal 0.53769 -0.843143 0
    outer loop
      vertex 240.044 1.72339 105
      vertex 239.75 1.5359 9
      vertex 240.044 1.72339 9
    endloop
  endfacet
  facet normal 0 0 1
    outer loop
      vertex 240.321 8.06418 105
      vertex 240.75 7.64119 105
      vertex 240.578 7.82843 105
    endloop
  endfacet
  facet normal 0 0 1
    outer loop
      vertex 240.75 7.64119 105
      vertex 240.321 8.06418 105
      vertex 240.75 2.35881 105
    endloop
  endfacet
  facet normal 0 0 1
    outer loop
      vertex 240.321 1.93582 105
      vertex 240.75 2.35881 105
      vertex 240.321 8.06418 105
    endloop
  endfacet
  facet normal 0 0 1
    outer loop
      vertex 240.75 2.35881 105
      vertex 240.321 1.93582 105
      vertex 240.578 2.17157 105
    endloop
  endfacet
  facet normal 0 0 1
    outer loop
      vertex 240.044 8.27661 105
      vertex 240.321 1.93582 105
      vertex 240.321 8.06418 105
    endloop
  endfacet
  facet normal 0 0 1
    outer loop
      vertex 240.044 8.27661 105
      vertex 240.044 1.72339 105
      vertex 240.321 1.93582 105
    endloop
  endfacet
  facet normal 0 0 1
    outer loop
      vertex 239.75 8.4641 105
      vertex 240.044 1.72339 105
      vertex 240.044 8.27661 105
    endloop
  endfacet
  facet normal 0 0 1
    outer loop
      vertex 239.75 8.4641 105
      vertex 239.75 1.5359 105
      vertex 240.044 1.72339 105
    endloop
  endfacet
  facet normal 0 0 1
    outer loop
      vertex 239.44 8.62523 105
      vertex 239.75 1.5359 105
      vertex 239.75 8.4641 105
    endloop
  endfacet
  facet normal 0 0 1
    outer loop
      vertex 239.44 8.62523 105
      vertex 239.44 1.37477 105
      vertex 239.75 1.5359 105
    endloop
  endfacet
  facet normal 0 0 1
    outer loop
      vertex 239.118 8.75877 105
      vertex 239.44 1.37477 105
      vertex 239.44 8.62523 105
    endloop
  endfacet
  facet normal 0 0 1
    outer loop
      vertex 239.118 8.75877 105
      vertex 239.118 1.24123 105
      vertex 239.44 1.37477 105
    endloop
  endfacet
  facet normal 0 0 1
    outer loop
      vertex 238.785 8.8637 105
      vertex 239.118 1.24123 105
      vertex 239.118 8.75877 105
    endloop
  endfacet
  facet normal 0 0 1
    outer loop
      vertex 238.785 8.8637 105
      vertex 238.785 1.1363 105
      vertex 239.118 1.24123 105
    endloop
  endfacet
  facet normal 0 0 1
    outer loop
      vertex 238.445 8.93923 105
      vertex 238.785 1.1363 105
      vertex 238.785 8.8637 105
    endloop
  endfacet
  facet normal 0 0 1
    outer loop
      vertex 238.445 8.93923 105
      vertex 238.445 1.06077 105
      vertex 238.785 1.1363 105
    endloop
  endfacet
  facet normal 0 0 1
    outer loop
      vertex 238.099 8.98478 105
      vertex 238.445 1.06077 105
      vertex 238.445 8.93923 105
    endloop
  endfacet
  facet normal 0 0 1
    outer loop
      vertex 238.099 8.98478 105
      vertex 238.099 1.01522 105
      vertex 238.445 1.06077 105
    endloop
  endfacet
  facet normal 0 0 1
    outer loop
      vertex 237.75 9 105
      vertex 238.099 1.01522 105
      vertex 238.099 8.98478 105
    endloop
  endfacet
  facet normal 0 0 1
    outer loop
      vertex 237.75 9 105
      vertex 237.75 1 105
      vertex 238.099 1.01522 105
    endloop
  endfacet
  facet normal -0 0 1
    outer loop
      vertex 237.401 8.98478 105
      vertex 237.75 1 105
      vertex 237.75 9 105
    endloop
  endfacet
  facet normal 0 0 1
    outer loop
      vertex 237.401 8.98478 105
      vertex 237.401 1.01522 105
      vertex 237.75 1 105
    endloop
  endfacet
  facet normal -0 0 1
    outer loop
      vertex 237.055 8.93923 105
      vertex 237.401 1.01522 105
      vertex 237.401 8.98478 105
    endloop
  endfacet
  facet normal 0 0 1
    outer loop
      vertex 237.055 8.93923 105
      vertex 237.055 1.06077 105
      vertex 237.401 1.01522 105
    endloop
  endfacet
  facet normal -0 0 1
    outer loop
      vertex 236.715 8.8637 105
      vertex 237.055 1.06077 105
      vertex 237.055 8.93923 105
    endloop
  endfacet
  facet normal 0 0 1
    outer loop
      vertex 236.715 8.8637 105
      vertex 236.715 1.1363 105
      vertex 237.055 1.06077 105
    endloop
  endfacet
  facet normal -0 0 1
    outer loop
      vertex 236.382 8.75877 105
      vertex 236.715 1.1363 105
      vertex 236.715 8.8637 105
    endloop
  endfacet
  facet normal 0 0 1
    outer loop
      vertex 236.382 8.75877 105
      vertex 236.382 1.24123 105
      vertex 236.715 1.1363 105
    endloop
  endfacet
  facet normal -0 0 1
    outer loop
      vertex 236.06 8.62523 105
      vertex 236.382 1.24123 105
      vertex 236.382 8.75877 105
    endloop
  endfacet
  facet normal 0 0 1
    outer loop
      vertex 236.06 8.62523 105
      vertex 236.06 1.37477 105
      vertex 236.382 1.24123 105
    endloop
  endfacet
  facet normal -0 0 1
    outer loop
      vertex 235.75 8.4641 105
      vertex 236.06 1.37477 105
      vertex 236.06 8.62523 105
    endloop
  endfacet
  facet normal 0 0 1
    outer loop
      vertex 235.75 8.4641 105
      vertex 235.75 1.5359 105
      vertex 236.06 1.37477 105
    endloop
  endfacet
  facet normal -0 0 1
    outer loop
      vertex 235.456 8.27661 105
      vertex 235.75 1.5359 105
      vertex 235.75 8.4641 105
    endloop
  endfacet
  facet normal 0 0 1
    outer loop
      vertex 235.456 8.27661 105
      vertex 235.456 1.72339 105
      vertex 235.75 1.5359 105
    endloop
  endfacet
  facet normal -0 0 1
    outer loop
      vertex 235.179 8.06418 105
      vertex 235.456 1.72339 105
      vertex 235.456 8.27661 105
    endloop
  endfacet
  facet normal 0 0 1
    outer loop
      vertex 235.179 8.06418 105
      vertex 235.179 1.93582 105
      vertex 235.456 1.72339 105
    endloop
  endfacet
  facet normal -0 0 1
    outer loop
      vertex 234.922 7.82843 105
      vertex 235.179 1.93582 105
      vertex 235.179 8.06418 105
    endloop
  endfacet
  facet normal 0 0 1
    outer loop
      vertex 234.922 7.82843 105
      vertex 234.922 2.17157 105
      vertex 235.179 1.93582 105
    endloop
  endfacet
  facet normal -0 0 1
    outer loop
      vertex 234.686 7.57115 105
      vertex 234.922 2.17157 105
      vertex 234.922 7.82843 105
    endloop
  endfacet
  facet normal 0 0 1
    outer loop
      vertex 234.686 7.57115 105
      vertex 234.686 2.42885 105
      vertex 234.922 2.17157 105
    endloop
  endfacet
  facet normal -0 0 1
    outer loop
      vertex 234.473 7.2943 105
      vertex 234.686 2.42885 105
      vertex 234.686 7.57115 105
    endloop
  endfacet
  facet normal 0 0 1
    outer loop
      vertex 234.473 7.2943 105
      vertex 234.473 2.70569 105
      vertex 234.686 2.42885 105
    endloop
  endfacet
  facet normal -0 0 1
    outer loop
      vertex 234.286 7 105
      vertex 234.473 2.70569 105
      vertex 234.473 7.2943 105
    endloop
  endfacet
  facet normal 0 0 1
    outer loop
      vertex 234.286 7 105
      vertex 234.286 3 105
      vertex 234.473 2.70569 105
    endloop
  endfacet
  facet normal -0 0 1
    outer loop
      vertex 234.125 6.69047 105
      vertex 234.286 3 105
      vertex 234.286 7 105
    endloop
  endfacet
  facet normal 0 0 1
    outer loop
      vertex 234.125 6.69047 105
      vertex 234.125 3.30953 105
      vertex 234.286 3 105
    endloop
  endfacet
  facet normal -0 0 1
    outer loop
      vertex 233.991 6.36808 105
      vertex 234.125 3.30953 105
      vertex 234.125 6.69047 105
    endloop
  endfacet
  facet normal 0 0 1
    outer loop
      vertex 233.991 6.36808 105
      vertex 233.991 3.63192 105
      vertex 234.125 3.30953 105
    endloop
  endfacet
  facet normal -0 0 1
    outer loop
      vertex 233.886 6.03528 105
      vertex 233.991 3.63192 105
      vertex 233.991 6.36808 105
    endloop
  endfacet
  facet normal 0 0 1
    outer loop
      vertex 233.886 6.03528 105
      vertex 233.886 3.96472 105
      vertex 233.991 3.63192 105
    endloop
  endfacet
  facet normal -0 0 1
    outer loop
      vertex 233.811 5.69459 105
      vertex 233.886 3.96472 105
      vertex 233.886 6.03528 105
    endloop
  endfacet
  facet normal 0 0 1
    outer loop
      vertex 233.811 5.69459 105
      vertex 233.811 4.30541 105
      vertex 233.886 3.96472 105
    endloop
  endfacet
  facet normal -0 0 1
    outer loop
      vertex 233.765 5.34862 105
      vertex 233.811 4.30541 105
      vertex 233.811 5.69459 105
    endloop
  endfacet
  facet normal 0 0 1
    outer loop
      vertex 233.765 5.34862 105
      vertex 233.765 4.65138 105
      vertex 233.811 4.30541 105
    endloop
  endfacet
  facet normal 0 -0 1
    outer loop
      vertex 233.765 4.65138 105
      vertex 233.765 5.34862 105
      vertex 233.75 5 105
    endloop
  endfacet
  facet normal 0.130521 0.991446 -0
    outer loop
      vertex 238.445 8.93923 3
      vertex 238.099 8.98478 105
      vertex 238.445 8.93923 105
    endloop
  endfacet
  facet normal 0.130521 0.991446 0
    outer loop
      vertex 238.099 8.98478 105
      vertex 238.445 8.93923 3
      vertex 238.099 8.98478 3
    endloop
  endfacet
  facet normal -0.53769 0.843143 0
    outer loop
      vertex 235.75 8.4641 3
      vertex 235.456 8.27661 105
      vertex 235.75 8.4641 105
    endloop
  endfacet
  facet normal -0.53769 0.843143 0
    outer loop
      vertex 235.456 8.27661 105
      vertex 235.75 8.4641 3
      vertex 235.456 8.27661 3
    endloop
  endfacet
  facet normal 0.0435689 -0.99905 0
    outer loop
      vertex 237.75 1 9
      vertex 238.099 1.01522 105
      vertex 237.75 1 105
    endloop
  endfacet
  facet normal 0.0435689 -0.99905 0
    outer loop
      vertex 238.099 1.01522 105
      vertex 237.75 1 9
      vertex 238.099 1.01522 9
    endloop
  endfacet
  facet normal -0.976615 0.214994 0
    outer loop
      vertex 233.811 5.69459 3
      vertex 233.886 6.03528 105
      vertex 233.886 6.03528 3
    endloop
  endfacet
  facet normal -0.976615 0.214994 0
    outer loop
      vertex 233.886 6.03528 105
      vertex 233.811 5.69459 3
      vertex 233.811 5.69459 105
    endloop
  endfacet
  facet normal -0.953661 0.300885 0
    outer loop
      vertex 233.886 6.03528 3
      vertex 233.991 6.36808 105
      vertex 233.991 6.36808 3
    endloop
  endfacet
  facet normal -0.953661 0.300885 0
    outer loop
      vertex 233.991 6.36808 105
      vertex 233.886 6.03528 3
      vertex 233.886 6.03528 105
    endloop
  endfacet
  facet normal -0.461195 0.887299 0
    outer loop
      vertex 236.06 8.62523 3
      vertex 235.75 8.4641 105
      vertex 236.06 8.62523 105
    endloop
  endfacet
  facet normal -0.461195 0.887299 0
    outer loop
      vertex 235.75 8.4641 105
      vertex 236.06 8.62523 3
      vertex 235.75 8.4641 3
    endloop
  endfacet
  facet normal -0.300538 0.95377 0
    outer loop
      vertex 236.715 8.8637 3
      vertex 236.382 8.75877 105
      vertex 236.715 8.8637 105
    endloop
  endfacet
  facet normal -0.300538 0.95377 0
    outer loop
      vertex 236.382 8.75877 105
      vertex 236.715 8.8637 3
      vertex 236.382 8.75877 3
    endloop
  endfacet
  facet normal 0.216861 -0.976203 0
    outer loop
      vertex 238.445 1.06077 9
      vertex 238.785 1.1363 105
      vertex 238.445 1.06077 105
    endloop
  endfacet
  facet normal 0.216861 -0.976203 0
    outer loop
      vertex 238.785 1.1363 105
      vertex 238.445 1.06077 9
      vertex 238.785 1.1363 9
    endloop
  endfacet
  facet normal 0.675984 0.736916 -0
    outer loop
      vertex 240.578 7.82843 3
      vertex 240.321 8.06418 105
      vertex 240.578 7.82843 105
    endloop
  endfacet
  facet normal 0.675984 0.736916 0
    outer loop
      vertex 240.321 8.06418 105
      vertex 240.578 7.82843 3
      vertex 240.321 8.06418 3
    endloop
  endfacet
  facet normal 0.608546 0.793519 -0
    outer loop
      vertex 240.321 8.06418 3
      vertex 240.044 8.27661 105
      vertex 240.321 8.06418 105
    endloop
  endfacet
  facet normal 0.608546 0.793519 0
    outer loop
      vertex 240.044 8.27661 105
      vertex 240.321 8.06418 3
      vertex 240.044 8.27661 3
    endloop
  endfacet
  facet normal -0.923411 -0.383812 0
    outer loop
      vertex 234.125 3.30953 3
      vertex 233.991 3.63192 105
      vertex 233.991 3.63192 3
    endloop
  endfacet
  facet normal -0.923411 -0.383812 0
    outer loop
      vertex 233.991 3.63192 105
      vertex 234.125 3.30953 3
      vertex 234.125 3.30953 105
    endloop
  endfacet
  facet normal -0.79256 -0.609794 0
    outer loop
      vertex 234.686 2.42885 9
      vertex 234.473 2.70569 105
      vertex 234.473 2.70569 9
    endloop
  endfacet
  facet normal -0.79256 -0.609794 0
    outer loop
      vertex 234.473 2.70569 105
      vertex 234.686 2.42885 9
      vertex 234.686 2.42885 105
    endloop
  endfacet
  facet normal 0.608546 -0.793519 0
    outer loop
      vertex 240.044 1.72339 9
      vertex 240.321 1.93582 105
      vertex 240.044 1.72339 105
    endloop
  endfacet
  facet normal 0.608546 -0.793519 0
    outer loop
      vertex 240.321 1.93582 105
      vertex 240.044 1.72339 9
      vertex 240.321 1.93582 9
    endloop
  endfacet
  facet normal -0.736926 -0.675974 0
    outer loop
      vertex 234.922 2.17157 9
      vertex 234.686 2.42885 105
      vertex 234.686 2.42885 9
    endloop
  endfacet
  facet normal -0.736926 -0.675974 0
    outer loop
      vertex 234.686 2.42885 105
      vertex 234.922 2.17157 9
      vertex 234.922 2.17157 105
    endloop
  endfacet
  facet normal 0.461195 0.887299 -0
    outer loop
      vertex 239.75 8.4641 3
      vertex 239.44 8.62523 105
      vertex 239.75 8.4641 105
    endloop
  endfacet
  facet normal 0.461195 0.887299 0
    outer loop
      vertex 239.44 8.62523 105
      vertex 239.75 8.4641 3
      vertex 239.44 8.62523 3
    endloop
  endfacet
  facet normal 0.53769 0.843143 -0
    outer loop
      vertex 240.044 8.27661 3
      vertex 239.75 8.4641 105
      vertex 240.044 8.27661 105
    endloop
  endfacet
  facet normal 0.53769 0.843143 0
    outer loop
      vertex 239.75 8.4641 105
      vertex 240.044 8.27661 3
      vertex 239.75 8.4641 3
    endloop
  endfacet
  facet normal -0.675984 0.736916 0
    outer loop
      vertex 235.179 8.06418 3
      vertex 234.922 7.82843 105
      vertex 235.179 8.06418 105
    endloop
  endfacet
  facet normal -0.675984 0.736916 0
    outer loop
      vertex 234.922 7.82843 105
      vertex 235.179 8.06418 3
      vertex 234.922 7.82843 3
    endloop
  endfacet
  facet normal 0.216861 0.976203 -0
    outer loop
      vertex 238.785 8.8637 3
      vertex 238.445 8.93923 105
      vertex 238.785 8.8637 105
    endloop
  endfacet
  facet normal 0.216861 0.976203 0
    outer loop
      vertex 238.445 8.93923 105
      vertex 238.785 8.8637 3
      vertex 238.445 8.93923 3
    endloop
  endfacet
  facet normal 0.383083 0.923714 -0
    outer loop
      vertex 239.44 8.62523 3
      vertex 239.118 8.75877 105
      vertex 239.44 8.62523 105
    endloop
  endfacet
  facet normal 0.383083 0.923714 0
    outer loop
      vertex 239.118 8.75877 105
      vertex 239.44 8.62523 3
      vertex 239.118 8.75877 3
    endloop
  endfacet
  facet normal -0.887165 0.461453 0
    outer loop
      vertex 234.125 6.69047 3
      vertex 234.286 7 105
      vertex 234.286 7 3
    endloop
  endfacet
  facet normal -0.887165 0.461453 0
    outer loop
      vertex 234.286 7 105
      vertex 234.125 6.69047 3
      vertex 234.125 6.69047 105
    endloop
  endfacet
  facet normal -0.999076 -0.042987 0
    outer loop
      vertex 233.765 4.65138 3
      vertex 233.75 5 105
      vertex 233.75 5 3
    endloop
  endfacet
  facet normal -0.999076 -0.042987 0
    outer loop
      vertex 233.75 5 105
      vertex 233.765 4.65138 3
      vertex 233.765 4.65138 105
    endloop
  endfacet
  facet normal 0.675984 -0.736916 0
    outer loop
      vertex 240.321 1.93582 9
      vertex 240.578 2.17157 105
      vertex 240.321 1.93582 105
    endloop
  endfacet
  facet normal 0.675984 -0.736916 0
    outer loop
      vertex 240.578 2.17157 105
      vertex 240.321 1.93582 9
      vertex 240.578 2.17157 9
    endloop
  endfacet
  facet normal 0.461195 -0.887299 0
    outer loop
      vertex 239.44 1.37477 9
      vertex 239.75 1.5359 105
      vertex 239.44 1.37477 105
    endloop
  endfacet
  facet normal 0.461195 -0.887299 0
    outer loop
      vertex 239.75 1.5359 105
      vertex 239.44 1.37477 9
      vertex 239.75 1.5359 9
    endloop
  endfacet
  facet normal 0.130521 -0.991446 0
    outer loop
      vertex 238.099 1.01522 9
      vertex 238.445 1.06077 105
      vertex 238.099 1.01522 105
    endloop
  endfacet
  facet normal 0.130521 -0.991446 0
    outer loop
      vertex 238.445 1.06077 105
      vertex 238.099 1.01522 9
      vertex 238.445 1.06077 9
    endloop
  endfacet
  facet normal -0.53769 -0.843143 0
    outer loop
      vertex 235.456 1.72339 9
      vertex 235.75 1.5359 105
      vertex 235.456 1.72339 105
    endloop
  endfacet
  facet normal -0.53769 -0.843143 -0
    outer loop
      vertex 235.75 1.5359 105
      vertex 235.456 1.72339 9
      vertex 235.75 1.5359 9
    endloop
  endfacet
  facet normal -0.844027 0.5363 0
    outer loop
      vertex 234.286 7 3
      vertex 234.473 7.2943 105
      vertex 234.473 7.2943 3
    endloop
  endfacet
  facet normal -0.844027 0.5363 0
    outer loop
      vertex 234.473 7.2943 105
      vertex 234.286 7 3
      vertex 234.286 7 105
    endloop
  endfacet
  facet normal -0.216861 0.976203 0
    outer loop
      vertex 237.055 8.93923 3
      vertex 236.715 8.8637 105
      vertex 237.055 8.93923 105
    endloop
  endfacet
  facet normal -0.216861 0.976203 0
    outer loop
      vertex 236.715 8.8637 105
      vertex 237.055 8.93923 3
      vertex 236.715 8.8637 3
    endloop
  endfacet
  facet normal -0.953661 -0.300885 0
    outer loop
      vertex 233.991 3.63192 3
      vertex 233.886 3.96472 105
      vertex 233.886 3.96472 3
    endloop
  endfacet
  facet normal -0.953661 -0.300885 0
    outer loop
      vertex 233.886 3.96472 105
      vertex 233.991 3.63192 3
      vertex 233.991 3.63192 105
    endloop
  endfacet
  facet normal -0.792571 0.60978 0
    outer loop
      vertex 234.473 7.2943 3
      vertex 234.686 7.57115 105
      vertex 234.686 7.57115 3
    endloop
  endfacet
  facet normal -0.792571 0.60978 0
    outer loop
      vertex 234.686 7.57115 105
      vertex 234.473 7.2943 3
      vertex 234.473 7.2943 105
    endloop
  endfacet
  facet normal -0.461195 -0.887299 0
    outer loop
      vertex 235.75 1.5359 9
      vertex 236.06 1.37477 105
      vertex 235.75 1.5359 105
    endloop
  endfacet
  facet normal -0.461195 -0.887299 -0
    outer loop
      vertex 236.06 1.37477 105
      vertex 235.75 1.5359 9
      vertex 236.06 1.37477 9
    endloop
  endfacet
  facet normal -0.736926 0.675974 0
    outer loop
      vertex 234.686 7.57115 3
      vertex 234.922 7.82843 105
      vertex 234.922 7.82843 3
    endloop
  endfacet
  facet normal -0.736926 0.675974 0
    outer loop
      vertex 234.922 7.82843 105
      vertex 234.686 7.57115 3
      vertex 234.686 7.57115 105
    endloop
  endfacet
  facet normal -0.130521 -0.991446 0
    outer loop
      vertex 237.055 1.06077 9
      vertex 237.401 1.01522 105
      vertex 237.055 1.06077 105
    endloop
  endfacet
  facet normal -0.130521 -0.991446 -0
    outer loop
      vertex 237.401 1.01522 105
      vertex 237.055 1.06077 9
      vertex 237.401 1.01522 9
    endloop
  endfacet
  facet normal -0.0435689 0.99905 0
    outer loop
      vertex 237.75 9 3
      vertex 237.401 8.98478 105
      vertex 237.75 9 105
    endloop
  endfacet
  facet normal -0.0435689 0.99905 0
    outer loop
      vertex 237.401 8.98478 105
      vertex 237.75 9 3
      vertex 237.401 8.98478 3
    endloop
  endfacet
  facet normal -0.383083 0.923714 0
    outer loop
      vertex 236.382 8.75877 3
      vertex 236.06 8.62523 105
      vertex 236.382 8.75877 105
    endloop
  endfacet
  facet normal -0.383083 0.923714 0
    outer loop
      vertex 236.06 8.62523 105
      vertex 236.382 8.75877 3
      vertex 236.06 8.62523 3
    endloop
  endfacet
  facet normal -0.991276 -0.1318 0
    outer loop
      vertex 233.811 4.30541 3
      vertex 233.765 4.65138 105
      vertex 233.765 4.65138 3
    endloop
  endfacet
  facet normal -0.991276 -0.1318 0
    outer loop
      vertex 233.765 4.65138 105
      vertex 233.811 4.30541 3
      vertex 233.811 4.30541 105
    endloop
  endfacet
  facet normal -0.216861 -0.976203 0
    outer loop
      vertex 236.715 1.1363 9
      vertex 237.055 1.06077 105
      vertex 236.715 1.1363 105
    endloop
  endfacet
  facet normal -0.216861 -0.976203 -0
    outer loop
      vertex 237.055 1.06077 105
      vertex 236.715 1.1363 9
      vertex 237.055 1.06077 9
    endloop
  endfacet
  facet normal -0.130521 0.991446 0
    outer loop
      vertex 237.401 8.98478 3
      vertex 237.055 8.93923 105
      vertex 237.401 8.98478 105
    endloop
  endfacet
  facet normal -0.130521 0.991446 0
    outer loop
      vertex 237.055 8.93923 105
      vertex 237.401 8.98478 3
      vertex 237.055 8.93923 3
    endloop
  endfacet
  facet normal 0.736442 0.676501 0
    outer loop
      vertex 240.75 7.64119 105
      vertex 240.578 7.82843 3
      vertex 240.578 7.82843 105
    endloop
  endfacet
  facet normal 0.736442 0.676501 0
    outer loop
      vertex 240.578 7.82843 3
      vertex 240.75 7.64119 105
      vertex 240.75 7.64119 3
    endloop
  endfacet
  facet normal 0.383083 -0.923714 0
    outer loop
      vertex 239.118 1.24123 9
      vertex 239.44 1.37477 105
      vertex 239.118 1.24123 105
    endloop
  endfacet
  facet normal 0.383083 -0.923714 0
    outer loop
      vertex 239.44 1.37477 105
      vertex 239.118 1.24123 9
      vertex 239.44 1.37477 9
    endloop
  endfacet
  facet normal 0.300538 -0.95377 0
    outer loop
      vertex 238.785 1.1363 9
      vertex 239.118 1.24123 105
      vertex 238.785 1.1363 105
    endloop
  endfacet
  facet normal 0.300538 -0.95377 0
    outer loop
      vertex 239.118 1.24123 105
      vertex 238.785 1.1363 9
      vertex 239.118 1.24123 9
    endloop
  endfacet
  facet normal -0.675984 -0.736916 0
    outer loop
      vertex 234.922 2.17157 9
      vertex 235.179 1.93582 105
      vertex 234.922 2.17157 105
    endloop
  endfacet
  facet normal -0.675984 -0.736916 -0
    outer loop
      vertex 235.179 1.93582 105
      vertex 234.922 2.17157 9
      vertex 235.179 1.93582 9
    endloop
  endfacet
  facet normal -0.608546 0.793519 0
    outer loop
      vertex 235.456 8.27661 3
      vertex 235.179 8.06418 105
      vertex 235.456 8.27661 105
    endloop
  endfacet
  facet normal -0.608546 0.793519 0
    outer loop
      vertex 235.179 8.06418 105
      vertex 235.456 8.27661 3
      vertex 235.179 8.06418 3
    endloop
  endfacet
  facet normal -0.976615 -0.214994 0
    outer loop
      vertex 233.886 3.96472 3
      vertex 233.811 4.30541 105
      vertex 233.811 4.30541 3
    endloop
  endfacet
  facet normal -0.976615 -0.214994 0
    outer loop
      vertex 233.811 4.30541 105
      vertex 233.886 3.96472 3
      vertex 233.886 3.96472 105
    endloop
  endfacet
  facet normal -0.999076 0.042987 0
    outer loop
      vertex 233.75 5 3
      vertex 233.765 5.34862 105
      vertex 233.765 5.34862 3
    endloop
  endfacet
  facet normal -0.999076 0.042987 0
    outer loop
      vertex 233.765 5.34862 105
      vertex 233.75 5 3
      vertex 233.75 5 105
    endloop
  endfacet
  facet normal -0.923411 0.383812 0
    outer loop
      vertex 233.991 6.36808 3
      vertex 234.125 6.69047 105
      vertex 234.125 6.69047 3
    endloop
  endfacet
  facet normal -0.923411 0.383812 0
    outer loop
      vertex 234.125 6.69047 105
      vertex 233.991 6.36808 3
      vertex 233.991 6.36808 105
    endloop
  endfacet
  facet normal -0.887165 -0.461453 -0
    outer loop
      vertex 234.286 3 9
      vertex 234.125 3.30953 3
      vertex 234.286 3 3
    endloop
  endfacet
  facet normal -0.887165 -0.461453 0
    outer loop
      vertex 234.125 3.30953 3
      vertex 234.286 3 9
      vertex 234.125 3.30953 105
    endloop
  endfacet
  facet normal -0.887165 -0.461453 0
    outer loop
      vertex 234.125 3.30953 105
      vertex 234.286 3 9
      vertex 234.286 3 105
    endloop
  endfacet
  facet normal -0.608546 -0.793519 0
    outer loop
      vertex 235.179 1.93582 9
      vertex 235.456 1.72339 105
      vertex 235.179 1.93582 105
    endloop
  endfacet
  facet normal -0.608546 -0.793519 -0
    outer loop
      vertex 235.456 1.72339 105
      vertex 235.179 1.93582 9
      vertex 235.456 1.72339 9
    endloop
  endfacet
  facet normal 0.0435689 0.99905 -0
    outer loop
      vertex 238.099 8.98478 3
      vertex 237.75 9 105
      vertex 238.099 8.98478 105
    endloop
  endfacet
  facet normal 0.0435689 0.99905 0
    outer loop
      vertex 237.75 9 105
      vertex 238.099 8.98478 3
      vertex 237.75 9 3
    endloop
  endfacet
  facet normal -0.991276 0.1318 0
    outer loop
      vertex 233.765 5.34862 3
      vertex 233.811 5.69459 105
      vertex 233.811 5.69459 3
    endloop
  endfacet
  facet normal -0.991276 0.1318 0
    outer loop
      vertex 233.811 5.69459 105
      vertex 233.765 5.34862 3
      vertex 233.765 5.34862 105
    endloop
  endfacet
  facet normal -0.300538 -0.95377 0
    outer loop
      vertex 236.382 1.24123 9
      vertex 236.715 1.1363 105
      vertex 236.382 1.24123 105
    endloop
  endfacet
  facet normal -0.300538 -0.95377 -0
    outer loop
      vertex 236.715 1.1363 105
      vertex 236.382 1.24123 9
      vertex 236.715 1.1363 9
    endloop
  endfacet
  facet normal 0.300538 0.95377 -0
    outer loop
      vertex 239.118 8.75877 3
      vertex 238.785 8.8637 105
      vertex 239.118 8.75877 105
    endloop
  endfacet
  facet normal 0.300538 0.95377 0
    outer loop
      vertex 238.785 8.8637 105
      vertex 239.118 8.75877 3
      vertex 238.785 8.8637 3
    endloop
  endfacet
  facet normal -0.844036 -0.536287 0
    outer loop
      vertex 234.473 2.70569 9
      vertex 234.286 3 105
      vertex 234.286 3 9
    endloop
  endfacet
  facet normal -0.844036 -0.536287 0
    outer loop
      vertex 234.286 3 105
      vertex 234.473 2.70569 9
      vertex 234.473 2.70569 105
    endloop
  endfacet
  facet normal 0.736442 -0.676501 0
    outer loop
      vertex 240.578 2.17157 105
      vertex 240.75 2.35881 9
      vertex 240.75 2.35881 105
    endloop
  endfacet
  facet normal 0.736442 -0.676501 0
    outer loop
      vertex 240.75 2.35881 9
      vertex 240.578 2.17157 105
      vertex 240.578 2.17157 9
    endloop
  endfacet
  facet normal -0.383083 -0.923714 0
    outer loop
      vertex 236.06 1.37477 9
      vertex 236.382 1.24123 105
      vertex 236.06 1.37477 105
    endloop
  endfacet
  facet normal -0.383083 -0.923714 -0
    outer loop
      vertex 236.382 1.24123 105
      vertex 236.06 1.37477 9
      vertex 236.382 1.24123 9
    endloop
  endfacet
  facet normal 0.131788 0.991278 -0
    outer loop
      vertex 238.445 147.799 9
      vertex 238.099 147.845 105
      vertex 238.445 147.799 105
    endloop
  endfacet
  facet normal 0.131788 0.991278 0
    outer loop
      vertex 238.099 147.845 105
      vertex 238.445 147.799 9
      vertex 238.099 147.845 9
    endloop
  endfacet
  facet normal -0.384208 -0.923246 0
    outer loop
      vertex 236.06 140.235 3
      vertex 236.382 140.101 105
      vertex 236.06 140.235 105
    endloop
  endfacet
  facet normal -0.384208 -0.923246 -0
    outer loop
      vertex 236.382 140.101 105
      vertex 236.06 140.235 3
      vertex 236.382 140.101 3
    endloop
  endfacet
  facet normal -0.0429403 -0.999078 0
    outer loop
      vertex 237.401 139.875 3
      vertex 237.75 139.86 105
      vertex 237.401 139.875 105
    endloop
  endfacet
  facet normal -0.0429403 -0.999078 -0
    outer loop
      vertex 237.75 139.86 105
      vertex 237.401 139.875 3
      vertex 237.75 139.86 3
    endloop
  endfacet
  facet normal -0.21541 0.976524 0
    outer loop
      vertex 237.055 147.799 9
      vertex 236.715 147.724 105
      vertex 237.055 147.799 105
    endloop
  endfacet
  facet normal -0.21541 0.976524 0
    outer loop
      vertex 236.715 147.724 105
      vertex 237.055 147.799 9
      vertex 236.715 147.724 9
    endloop
  endfacet
  facet normal -0.384208 0.923246 0
    outer loop
      vertex 236.382 147.619 9
      vertex 236.06 147.485 105
      vertex 236.382 147.619 105
    endloop
  endfacet
  facet normal -0.384208 0.923246 0
    outer loop
      vertex 236.06 147.485 105
      vertex 236.382 147.619 9
      vertex 236.06 147.485 9
    endloop
  endfacet
  facet normal -0.53669 0.84378 0
    outer loop
      vertex 235.75 147.324 9
      vertex 235.456 147.137 105
      vertex 235.75 147.324 105
    endloop
  endfacet
  facet normal -0.53669 0.84378 0
    outer loop
      vertex 235.456 147.137 105
      vertex 235.75 147.324 9
      vertex 235.456 147.137 9
    endloop
  endfacet
  facet normal 0.21541 -0.976524 0
    outer loop
      vertex 238.445 139.921 3
      vertex 238.785 139.996 105
      vertex 238.445 139.921 105
    endloop
  endfacet
  facet normal 0.21541 -0.976524 0
    outer loop
      vertex 238.785 139.996 105
      vertex 238.445 139.921 3
      vertex 238.785 139.996 3
    endloop
  endfacet
  facet normal 0.609572 0.79273 -0
    outer loop
      vertex 240.321 146.924 9
      vertex 240.044 147.137 105
      vertex 240.321 146.924 105
    endloop
  endfacet
  facet normal 0.609572 0.79273 0
    outer loop
      vertex 240.044 147.137 105
      vertex 240.321 146.924 9
      vertex 240.044 147.137 9
    endloop
  endfacet
  facet normal -0.923246 -0.384208 0
    outer loop
      vertex 234.125 142.17 3
      vertex 233.991 142.492 105
      vertex 233.991 142.492 3
    endloop
  endfacet
  facet normal -0.923246 -0.384208 0
    outer loop
      vertex 233.991 142.492 105
      vertex 234.125 142.17 3
      vertex 234.125 142.17 105
    endloop
  endfacet
  facet normal -0.131788 -0.991278 0
    outer loop
      vertex 237.055 139.921 3
      vertex 237.401 139.875 105
      vertex 237.055 139.921 105
    endloop
  endfacet
  facet normal -0.131788 -0.991278 -0
    outer loop
      vertex 237.401 139.875 105
      vertex 237.055 139.921 3
      vertex 237.401 139.875 3
    endloop
  endfacet
  facet normal -0.953712 0.30072 0
    outer loop
      vertex 233.886 144.895 3
      vertex 233.991 145.228 105
      vertex 233.991 145.228 3
    endloop
  endfacet
  facet normal -0.953712 0.30072 0
    outer loop
      vertex 233.991 145.228 105
      vertex 233.886 144.895 3
      vertex 233.886 144.895 105
    endloop
  endfacet
  facet normal -0.736559 -0.676373 0
    outer loop
      vertex 234.922 141.032 3
      vertex 234.686 141.289 105
      vertex 234.686 141.289 3
    endloop
  endfacet
  facet normal -0.736559 -0.676373 0
    outer loop
      vertex 234.686 141.289 105
      vertex 234.922 141.032 3
      vertex 234.922 141.032 105
    endloop
  endfacet
  facet normal 0.460902 0.887451 -0
    outer loop
      vertex 239.75 147.324 9
      vertex 239.44 147.485 105
      vertex 239.75 147.324 105
    endloop
  endfacet
  facet normal 0.460902 0.887451 0
    outer loop
      vertex 239.44 147.485 105
      vertex 239.75 147.324 9
      vertex 239.44 147.485 9
    endloop
  endfacet
  facet normal 0 0 1
    outer loop
      vertex 240.321 146.924 105
      vertex 240.75 146.501 105
      vertex 240.578 146.688 105
    endloop
  endfacet
  facet normal 0 0 1
    outer loop
      vertex 240.75 146.501 105
      vertex 240.321 146.924 105
      vertex 240.75 141.219 105
    endloop
  endfacet
  facet normal 0 0 1
    outer loop
      vertex 240.321 140.796 105
      vertex 240.75 141.219 105
      vertex 240.321 146.924 105
    endloop
  endfacet
  facet normal 0 0 1
    outer loop
      vertex 240.75 141.219 105
      vertex 240.321 140.796 105
      vertex 240.578 141.032 105
    endloop
  endfacet
  facet normal 0 0 1
    outer loop
      vertex 240.044 147.137 105
      vertex 240.321 140.796 105
      vertex 240.321 146.924 105
    endloop
  endfacet
  facet normal 0 0 1
    outer loop
      vertex 240.044 147.137 105
      vertex 240.044 140.583 105
      vertex 240.321 140.796 105
    endloop
  endfacet
  facet normal 0 0 1
    outer loop
      vertex 239.75 147.324 105
      vertex 240.044 140.583 105
      vertex 240.044 147.137 105
    endloop
  endfacet
  facet normal 0 0 1
    outer loop
      vertex 239.75 147.324 105
      vertex 239.75 140.396 105
      vertex 240.044 140.583 105
    endloop
  endfacet
  facet normal 0 0 1
    outer loop
      vertex 239.44 147.485 105
      vertex 239.75 140.396 105
      vertex 239.75 147.324 105
    endloop
  endfacet
  facet normal 0 0 1
    outer loop
      vertex 239.44 147.485 105
      vertex 239.44 140.235 105
      vertex 239.75 140.396 105
    endloop
  endfacet
  facet normal 0 0 1
    outer loop
      vertex 239.118 147.619 105
      vertex 239.44 140.235 105
      vertex 239.44 147.485 105
    endloop
  endfacet
  facet normal 0 0 1
    outer loop
      vertex 239.118 147.619 105
      vertex 239.118 140.101 105
      vertex 239.44 140.235 105
    endloop
  endfacet
  facet normal 0 0 1
    outer loop
      vertex 238.785 147.724 105
      vertex 239.118 140.101 105
      vertex 239.118 147.619 105
    endloop
  endfacet
  facet normal 0 0 1
    outer loop
      vertex 238.785 147.724 105
      vertex 238.785 139.996 105
      vertex 239.118 140.101 105
    endloop
  endfacet
  facet normal 0 0 1
    outer loop
      vertex 238.445 147.799 105
      vertex 238.785 139.996 105
      vertex 238.785 147.724 105
    endloop
  endfacet
  facet normal 0 0 1
    outer loop
      vertex 238.445 147.799 105
      vertex 238.445 139.921 105
      vertex 238.785 139.996 105
    endloop
  endfacet
  facet normal 0 0 1
    outer loop
      vertex 238.099 147.845 105
      vertex 238.445 139.921 105
      vertex 238.445 147.799 105
    endloop
  endfacet
  facet normal 0 0 1
    outer loop
      vertex 238.099 147.845 105
      vertex 238.099 139.875 105
      vertex 238.445 139.921 105
    endloop
  endfacet
  facet normal 0 0 1
    outer loop
      vertex 237.75 147.86 105
      vertex 238.099 139.875 105
      vertex 238.099 147.845 105
    endloop
  endfacet
  facet normal 0 0 1
    outer loop
      vertex 237.75 147.86 105
      vertex 237.75 139.86 105
      vertex 238.099 139.875 105
    endloop
  endfacet
  facet normal -0 0 1
    outer loop
      vertex 237.401 147.845 105
      vertex 237.75 139.86 105
      vertex 237.75 147.86 105
    endloop
  endfacet
  facet normal 0 0 1
    outer loop
      vertex 237.401 147.845 105
      vertex 237.401 139.875 105
      vertex 237.75 139.86 105
    endloop
  endfacet
  facet normal -0 0 1
    outer loop
      vertex 237.055 147.799 105
      vertex 237.401 139.875 105
      vertex 237.401 147.845 105
    endloop
  endfacet
  facet normal 0 0 1
    outer loop
      vertex 237.055 147.799 105
      vertex 237.055 139.921 105
      vertex 237.401 139.875 105
    endloop
  endfacet
  facet normal -0 0 1
    outer loop
      vertex 236.715 147.724 105
      vertex 237.055 139.921 105
      vertex 237.055 147.799 105
    endloop
  endfacet
  facet normal 0 0 1
    outer loop
      vertex 236.715 147.724 105
      vertex 236.715 139.996 105
      vertex 237.055 139.921 105
    endloop
  endfacet
  facet normal -0 0 1
    outer loop
      vertex 236.382 147.619 105
      vertex 236.715 139.996 105
      vertex 236.715 147.724 105
    endloop
  endfacet
  facet normal 0 0 1
    outer loop
      vertex 236.382 147.619 105
      vertex 236.382 140.101 105
      vertex 236.715 139.996 105
    endloop
  endfacet
  facet normal -0 0 1
    outer loop
      vertex 236.06 147.485 105
      vertex 236.382 140.101 105
      vertex 236.382 147.619 105
    endloop
  endfacet
  facet normal 0 0 1
    outer loop
      vertex 236.06 147.485 105
      vertex 236.06 140.235 105
      vertex 236.382 140.101 105
    endloop
  endfacet
  facet normal -0 0 1
    outer loop
      vertex 235.75 147.324 105
      vertex 236.06 140.235 105
      vertex 236.06 147.485 105
    endloop
  endfacet
  facet normal 0 0 1
    outer loop
      vertex 235.75 147.324 105
      vertex 235.75 140.396 105
      vertex 236.06 140.235 105
    endloop
  endfacet
  facet normal -0 0 1
    outer loop
      vertex 235.456 147.137 105
      vertex 235.75 140.396 105
      vertex 235.75 147.324 105
    endloop
  endfacet
  facet normal 0 0 1
    outer loop
      vertex 235.456 147.137 105
      vertex 235.456 140.583 105
      vertex 235.75 140.396 105
    endloop
  endfacet
  facet normal -0 0 1
    outer loop
      vertex 235.179 146.924 105
      vertex 235.456 140.583 105
      vertex 235.456 147.137 105
    endloop
  endfacet
  facet normal 0 0 1
    outer loop
      vertex 235.179 146.924 105
      vertex 235.179 140.796 105
      vertex 235.456 140.583 105
    endloop
  endfacet
  facet normal -0 0 1
    outer loop
      vertex 234.922 146.688 105
      vertex 235.179 140.796 105
      vertex 235.179 146.924 105
    endloop
  endfacet
  facet normal 0 0 1
    outer loop
      vertex 234.922 146.688 105
      vertex 234.922 141.032 105
      vertex 235.179 140.796 105
    endloop
  endfacet
  facet normal -0 0 1
    outer loop
      vertex 234.686 146.431 105
      vertex 234.922 141.032 105
      vertex 234.922 146.688 105
    endloop
  endfacet
  facet normal 0 0 1
    outer loop
      vertex 234.686 146.431 105
      vertex 234.686 141.289 105
      vertex 234.922 141.032 105
    endloop
  endfacet
  facet normal -0 0 1
    outer loop
      vertex 234.473 146.154 105
      vertex 234.686 141.289 105
      vertex 234.686 146.431 105
    endloop
  endfacet
  facet normal 0 0 1
    outer loop
      vertex 234.473 146.154 105
      vertex 234.473 141.566 105
      vertex 234.686 141.289 105
    endloop
  endfacet
  facet normal -0 0 1
    outer loop
      vertex 234.286 145.86 105
      vertex 234.473 141.566 105
      vertex 234.473 146.154 105
    endloop
  endfacet
  facet normal 0 0 1
    outer loop
      vertex 234.286 145.86 105
      vertex 234.286 141.86 105
      vertex 234.473 141.566 105
    endloop
  endfacet
  facet normal -0 0 1
    outer loop
      vertex 234.125 145.55 105
      vertex 234.286 141.86 105
      vertex 234.286 145.86 105
    endloop
  endfacet
  facet normal 0 0 1
    outer loop
      vertex 234.125 145.55 105
      vertex 234.125 142.17 105
      vertex 234.286 141.86 105
    endloop
  endfacet
  facet normal -0 0 1
    outer loop
      vertex 233.991 145.228 105
      vertex 234.125 142.17 105
      vertex 234.125 145.55 105
    endloop
  endfacet
  facet normal 0 0 1
    outer loop
      vertex 233.991 145.228 105
      vertex 233.991 142.492 105
      vertex 234.125 142.17 105
    endloop
  endfacet
  facet normal -0 0 1
    outer loop
      vertex 233.886 144.895 105
      vertex 233.991 142.492 105
      vertex 233.991 145.228 105
    endloop
  endfacet
  facet normal 0 0 1
    outer loop
      vertex 233.886 144.895 105
      vertex 233.886 142.825 105
      vertex 233.991 142.492 105
    endloop
  endfacet
  facet normal -0 0 1
    outer loop
      vertex 233.811 144.555 105
      vertex 233.886 142.825 105
      vertex 233.886 144.895 105
    endloop
  endfacet
  facet normal 0 0 1
    outer loop
      vertex 233.811 144.555 105
      vertex 233.811 143.165 105
      vertex 233.886 142.825 105
    endloop
  endfacet
  facet normal -0 0 1
    outer loop
      vertex 233.765 144.209 105
      vertex 233.811 143.165 105
      vertex 233.811 144.555 105
    endloop
  endfacet
  facet normal 0 0 1
    outer loop
      vertex 233.765 144.209 105
      vertex 233.765 143.511 105
      vertex 233.811 143.165 105
    endloop
  endfacet
  facet normal 0 -0 1
    outer loop
      vertex 233.765 143.511 105
      vertex 233.765 144.209 105
      vertex 233.75 143.86 105
    endloop
  endfacet
  facet normal -0.460902 -0.887451 0
    outer loop
      vertex 235.75 140.396 3
      vertex 236.06 140.235 105
      vertex 235.75 140.396 105
    endloop
  endfacet
  facet normal -0.460902 -0.887451 -0
    outer loop
      vertex 236.06 140.235 105
      vertex 235.75 140.396 3
      vertex 236.06 140.235 3
    endloop
  endfacet
  facet normal 0.0429403 0.999078 -0
    outer loop
      vertex 238.099 147.845 9
      vertex 237.75 147.86 105
      vertex 238.099 147.845 105
    endloop
  endfacet
  facet normal 0.0429403 0.999078 0
    outer loop
      vertex 237.75 147.86 105
      vertex 238.099 147.845 9
      vertex 237.75 147.86 9
    endloop
  endfacet
  facet normal 0.53669 0.84378 -0
    outer loop
      vertex 240.044 147.137 9
      vertex 239.75 147.324 105
      vertex 240.044 147.137 105
    endloop
  endfacet
  facet normal 0.53669 0.84378 0
    outer loop
      vertex 239.75 147.324 105
      vertex 240.044 147.137 9
      vertex 239.75 147.324 9
    endloop
  endfacet
  facet normal -0.676373 0.736559 0
    outer loop
      vertex 235.179 146.924 9
      vertex 234.922 146.688 105
      vertex 235.179 146.924 105
    endloop
  endfacet
  facet normal -0.676373 0.736559 0
    outer loop
      vertex 234.922 146.688 105
      vertex 235.179 146.924 9
      vertex 234.922 146.688 9
    endloop
  endfacet
  facet normal 0.676373 -0.736559 0
    outer loop
      vertex 240.321 140.796 3
      vertex 240.578 141.032 105
      vertex 240.321 140.796 105
    endloop
  endfacet
  facet normal 0.676373 -0.736559 0
    outer loop
      vertex 240.578 141.032 105
      vertex 240.321 140.796 3
      vertex 240.578 141.032 3
    endloop
  endfacet
  facet normal -0.609572 -0.79273 0
    outer loop
      vertex 235.179 140.796 3
      vertex 235.456 140.583 105
      vertex 235.179 140.796 105
    endloop
  endfacet
  facet normal -0.609572 -0.79273 -0
    outer loop
      vertex 235.456 140.583 105
      vertex 235.179 140.796 3
      vertex 235.456 140.583 3
    endloop
  endfacet
  facet normal 0.384208 0.923246 -0
    outer loop
      vertex 239.44 147.485 9
      vertex 239.118 147.619 105
      vertex 239.44 147.485 105
    endloop
  endfacet
  facet normal 0.384208 0.923246 0
    outer loop
      vertex 239.118 147.619 105
      vertex 239.44 147.485 9
      vertex 239.118 147.619 9
    endloop
  endfacet
  facet normal -0.999078 -0.0429403 0
    outer loop
      vertex 233.765 143.511 3
      vertex 233.75 143.86 105
      vertex 233.75 143.86 3
    endloop
  endfacet
  facet normal -0.999078 -0.0429403 0
    outer loop
      vertex 233.75 143.86 105
      vertex 233.765 143.511 3
      vertex 233.765 143.511 105
    endloop
  endfacet
  facet normal -0.609572 0.79273 0
    outer loop
      vertex 235.456 147.137 9
      vertex 235.179 146.924 105
      vertex 235.456 147.137 105
    endloop
  endfacet
  facet normal -0.609572 0.79273 0
    outer loop
      vertex 235.179 146.924 105
      vertex 235.456 147.137 9
      vertex 235.179 146.924 9
    endloop
  endfacet
  facet normal -0.887451 0.460902 0
    outer loop
      vertex 234.125 145.55 3
      vertex 234.286 145.86 9
      vertex 234.286 145.86 3
    endloop
  endfacet
  facet normal -0.887451 0.460902 0
    outer loop
      vertex 234.125 145.55 105
      vertex 234.286 145.86 9
      vertex 234.125 145.55 3
    endloop
  endfacet
  facet normal -0.887451 0.460902 0
    outer loop
      vertex 234.286 145.86 9
      vertex 234.125 145.55 105
      vertex 234.286 145.86 105
    endloop
  endfacet
  facet normal 0.53669 -0.84378 0
    outer loop
      vertex 239.75 140.396 3
      vertex 240.044 140.583 105
      vertex 239.75 140.396 105
    endloop
  endfacet
  facet normal 0.53669 -0.84378 0
    outer loop
      vertex 240.044 140.583 105
      vertex 239.75 140.396 3
      vertex 240.044 140.583 3
    endloop
  endfacet
  facet normal -0.53669 -0.84378 0
    outer loop
      vertex 235.456 140.583 3
      vertex 235.75 140.396 105
      vertex 235.456 140.583 105
    endloop
  endfacet
  facet normal -0.53669 -0.84378 -0
    outer loop
      vertex 235.75 140.396 105
      vertex 235.456 140.583 3
      vertex 235.75 140.396 3
    endloop
  endfacet
  facet normal 0.460902 -0.887451 0
    outer loop
      vertex 239.44 140.235 3
      vertex 239.75 140.396 105
      vertex 239.44 140.235 105
    endloop
  endfacet
  facet normal 0.460902 -0.887451 0
    outer loop
      vertex 239.75 140.396 105
      vertex 239.44 140.235 3
      vertex 239.75 140.396 3
    endloop
  endfacet
  facet normal 0.21541 0.976524 -0
    outer loop
      vertex 238.785 147.724 9
      vertex 238.445 147.799 105
      vertex 238.785 147.724 105
    endloop
  endfacet
  facet normal 0.21541 0.976524 0
    outer loop
      vertex 238.445 147.799 105
      vertex 238.785 147.724 9
      vertex 238.445 147.799 9
    endloop
  endfacet
  facet normal 0.131788 -0.991278 0
    outer loop
      vertex 238.099 139.875 3
      vertex 238.445 139.921 105
      vertex 238.099 139.875 105
    endloop
  endfacet
  facet normal 0.131788 -0.991278 0
    outer loop
      vertex 238.445 139.921 105
      vertex 238.099 139.875 3
      vertex 238.445 139.921 3
    endloop
  endfacet
  facet normal -0.953712 -0.30072 0
    outer loop
      vertex 233.991 142.492 3
      vertex 233.886 142.825 105
      vertex 233.886 142.825 3
    endloop
  endfacet
  facet normal -0.953712 -0.30072 0
    outer loop
      vertex 233.886 142.825 105
      vertex 233.991 142.492 3
      vertex 233.991 142.492 105
    endloop
  endfacet
  facet normal -0.991278 0.131788 0
    outer loop
      vertex 233.765 144.209 3
      vertex 233.811 144.555 105
      vertex 233.811 144.555 3
    endloop
  endfacet
  facet normal -0.991278 0.131788 0
    outer loop
      vertex 233.811 144.555 105
      vertex 233.765 144.209 3
      vertex 233.765 144.209 105
    endloop
  endfacet
  facet normal -0.999078 0.0429403 0
    outer loop
      vertex 233.75 143.86 3
      vertex 233.765 144.209 105
      vertex 233.765 144.209 3
    endloop
  endfacet
  facet normal -0.999078 0.0429403 0
    outer loop
      vertex 233.765 144.209 105
      vertex 233.75 143.86 3
      vertex 233.75 143.86 105
    endloop
  endfacet
  facet normal -0.976524 0.21541 0
    outer loop
      vertex 233.811 144.555 3
      vertex 233.886 144.895 105
      vertex 233.886 144.895 3
    endloop
  endfacet
  facet normal -0.976524 0.21541 0
    outer loop
      vertex 233.886 144.895 105
      vertex 233.811 144.555 3
      vertex 233.811 144.555 105
    endloop
  endfacet
  facet normal -0.736559 0.676373 0
    outer loop
      vertex 234.686 146.431 9
      vertex 234.922 146.688 105
      vertex 234.922 146.688 9
    endloop
  endfacet
  facet normal -0.736559 0.676373 0
    outer loop
      vertex 234.922 146.688 105
      vertex 234.686 146.431 9
      vertex 234.686 146.431 105
    endloop
  endfacet
  facet normal 0.0429403 -0.999078 0
    outer loop
      vertex 237.75 139.86 3
      vertex 238.099 139.875 105
      vertex 237.75 139.86 105
    endloop
  endfacet
  facet normal 0.0429403 -0.999078 0
    outer loop
      vertex 238.099 139.875 105
      vertex 237.75 139.86 3
      vertex 238.099 139.875 3
    endloop
  endfacet
  facet normal -0.460902 0.887451 0
    outer loop
      vertex 236.06 147.485 9
      vertex 235.75 147.324 105
      vertex 236.06 147.485 105
    endloop
  endfacet
  facet normal -0.460902 0.887451 0
    outer loop
      vertex 235.75 147.324 105
      vertex 236.06 147.485 9
      vertex 235.75 147.324 9
    endloop
  endfacet
  facet normal -0.991278 -0.131788 0
    outer loop
      vertex 233.811 143.165 3
      vertex 233.765 143.511 105
      vertex 233.765 143.511 3
    endloop
  endfacet
  facet normal -0.991278 -0.131788 0
    outer loop
      vertex 233.765 143.511 105
      vertex 233.811 143.165 3
      vertex 233.811 143.165 105
    endloop
  endfacet
  facet normal -0.30072 -0.953712 0
    outer loop
      vertex 236.382 140.101 3
      vertex 236.715 139.996 105
      vertex 236.382 140.101 105
    endloop
  endfacet
  facet normal -0.30072 -0.953712 -0
    outer loop
      vertex 236.715 139.996 105
      vertex 236.382 140.101 3
      vertex 236.715 139.996 3
    endloop
  endfacet
  facet normal -0.131788 0.991278 0
    outer loop
      vertex 237.401 147.845 9
      vertex 237.055 147.799 105
      vertex 237.401 147.845 105
    endloop
  endfacet
  facet normal -0.131788 0.991278 0
    outer loop
      vertex 237.055 147.799 105
      vertex 237.401 147.845 9
      vertex 237.055 147.799 9
    endloop
  endfacet
  facet normal 0.384208 -0.923246 0
    outer loop
      vertex 239.118 140.101 3
      vertex 239.44 140.235 105
      vertex 239.118 140.101 105
    endloop
  endfacet
  facet normal 0.384208 -0.923246 0
    outer loop
      vertex 239.44 140.235 105
      vertex 239.118 140.101 3
      vertex 239.44 140.235 3
    endloop
  endfacet
  facet normal 0.30072 -0.953712 0
    outer loop
      vertex 238.785 139.996 3
      vertex 239.118 140.101 105
      vertex 238.785 139.996 105
    endloop
  endfacet
  facet normal 0.30072 -0.953712 0
    outer loop
      vertex 239.118 140.101 105
      vertex 238.785 139.996 3
      vertex 239.118 140.101 3
    endloop
  endfacet
  facet normal 0.736009 0.676971 0
    outer loop
      vertex 240.75 146.501 105
      vertex 240.578 146.688 9
      vertex 240.578 146.688 105
    endloop
  endfacet
  facet normal 0.736009 0.676971 0
    outer loop
      vertex 240.578 146.688 9
      vertex 240.75 146.501 105
      vertex 240.75 146.501 9
    endloop
  endfacet
  facet normal -0.676373 -0.736559 0
    outer loop
      vertex 234.922 141.032 3
      vertex 235.179 140.796 105
      vertex 234.922 141.032 105
    endloop
  endfacet
  facet normal -0.676373 -0.736559 -0
    outer loop
      vertex 235.179 140.796 105
      vertex 234.922 141.032 3
      vertex 235.179 140.796 3
    endloop
  endfacet
  facet normal -0.0429403 0.999078 0
    outer loop
      vertex 237.75 147.86 9
      vertex 237.401 147.845 105
      vertex 237.75 147.86 105
    endloop
  endfacet
  facet normal -0.0429403 0.999078 0
    outer loop
      vertex 237.401 147.845 105
      vertex 237.75 147.86 9
      vertex 237.401 147.845 9
    endloop
  endfacet
  facet normal -0.976524 -0.21541 0
    outer loop
      vertex 233.886 142.825 3
      vertex 233.811 143.165 105
      vertex 233.811 143.165 3
    endloop
  endfacet
  facet normal -0.976524 -0.21541 0
    outer loop
      vertex 233.811 143.165 105
      vertex 233.886 142.825 3
      vertex 233.886 142.825 105
    endloop
  endfacet
  facet normal -0.79273 -0.609572 0
    outer loop
      vertex 234.686 141.289 3
      vertex 234.473 141.566 105
      vertex 234.473 141.566 3
    endloop
  endfacet
  facet normal -0.79273 -0.609572 0
    outer loop
      vertex 234.473 141.566 105
      vertex 234.686 141.289 3
      vertex 234.686 141.289 105
    endloop
  endfacet
  facet normal 0.676373 0.736559 -0
    outer loop
      vertex 240.578 146.688 9
      vertex 240.321 146.924 105
      vertex 240.578 146.688 105
    endloop
  endfacet
  facet normal 0.676373 0.736559 0
    outer loop
      vertex 240.321 146.924 105
      vertex 240.578 146.688 9
      vertex 240.321 146.924 9
    endloop
  endfacet
  facet normal -0.887451 -0.460902 0
    outer loop
      vertex 234.286 141.86 3
      vertex 234.125 142.17 105
      vertex 234.125 142.17 3
    endloop
  endfacet
  facet normal -0.887451 -0.460902 0
    outer loop
      vertex 234.125 142.17 105
      vertex 234.286 141.86 3
      vertex 234.286 141.86 105
    endloop
  endfacet
  facet normal -0.30072 0.953712 0
    outer loop
      vertex 236.715 147.724 9
      vertex 236.382 147.619 105
      vertex 236.715 147.724 105
    endloop
  endfacet
  facet normal -0.30072 0.953712 0
    outer loop
      vertex 236.382 147.619 105
      vertex 236.715 147.724 9
      vertex 236.382 147.619 9
    endloop
  endfacet
  facet normal 0.30072 0.953712 -0
    outer loop
      vertex 239.118 147.619 9
      vertex 238.785 147.724 105
      vertex 239.118 147.619 105
    endloop
  endfacet
  facet normal 0.30072 0.953712 0
    outer loop
      vertex 238.785 147.724 105
      vertex 239.118 147.619 9
      vertex 238.785 147.724 9
    endloop
  endfacet
  facet normal 0.609572 -0.79273 0
    outer loop
      vertex 240.044 140.583 3
      vertex 240.321 140.796 105
      vertex 240.044 140.583 105
    endloop
  endfacet
  facet normal 0.609572 -0.79273 0
    outer loop
      vertex 240.321 140.796 105
      vertex 240.044 140.583 3
      vertex 240.321 140.796 3
    endloop
  endfacet
  facet normal -0.21541 -0.976524 0
    outer loop
      vertex 236.715 139.996 3
      vertex 237.055 139.921 105
      vertex 236.715 139.996 105
    endloop
  endfacet
  facet normal -0.21541 -0.976524 -0
    outer loop
      vertex 237.055 139.921 105
      vertex 236.715 139.996 3
      vertex 237.055 139.921 3
    endloop
  endfacet
  facet normal -0.923246 0.384208 0
    outer loop
      vertex 233.991 145.228 3
      vertex 234.125 145.55 105
      vertex 234.125 145.55 3
    endloop
  endfacet
  facet normal -0.923246 0.384208 0
    outer loop
      vertex 234.125 145.55 105
      vertex 233.991 145.228 3
      vertex 233.991 145.228 105
    endloop
  endfacet
  facet normal 0.736009 -0.676971 0
    outer loop
      vertex 240.578 141.032 105
      vertex 240.75 141.219 3
      vertex 240.75 141.219 105
    endloop
  endfacet
  facet normal 0.736009 -0.676971 0
    outer loop
      vertex 240.75 141.219 3
      vertex 240.578 141.032 105
      vertex 240.578 141.032 3
    endloop
  endfacet
  facet normal -0.84378 0.53669 0
    outer loop
      vertex 234.286 145.86 9
      vertex 234.473 146.154 105
      vertex 234.473 146.154 9
    endloop
  endfacet
  facet normal -0.84378 0.53669 0
    outer loop
      vertex 234.473 146.154 105
      vertex 234.286 145.86 9
      vertex 234.286 145.86 105
    endloop
  endfacet
  facet normal -0.79273 0.609572 0
    outer loop
      vertex 234.473 146.154 9
      vertex 234.686 146.431 105
      vertex 234.686 146.431 9
    endloop
  endfacet
  facet normal -0.79273 0.609572 0
    outer loop
      vertex 234.686 146.431 105
      vertex 234.473 146.154 9
      vertex 234.473 146.154 105
    endloop
  endfacet
  facet normal -0.84378 -0.53669 0
    outer loop
      vertex 234.473 141.566 3
      vertex 234.286 141.86 105
      vertex 234.286 141.86 3
    endloop
  endfacet
  facet normal -0.84378 -0.53669 0
    outer loop
      vertex 234.286 141.86 105
      vertex 234.473 141.566 3
      vertex 234.473 141.566 105
    endloop
  endfacet
  facet normal 0.991427 0.130662 0
    outer loop
      vertex 20.2348 24.4586 10
      vertex 20.1892 24.8046 3
      vertex 20.1892 24.8046 10
    endloop
  endfacet
  facet normal 0.991427 0.130662 0
    outer loop
      vertex 20.1892 24.8046 3
      vertex 20.2348 24.4586 10
      vertex 20.2348 24.4586 3
    endloop
  endfacet
  facet normal 0.999051 0.0435616 0
    outer loop
      vertex 20.25 24.11 10
      vertex 20.2348 24.4586 3
      vertex 20.2348 24.4586 10
    endloop
  endfacet
  facet normal 0.999051 0.0435616 0
    outer loop
      vertex 20.2348 24.4586 3
      vertex 20.25 24.11 10
      vertex 20.25 24.11 3
    endloop
  endfacet
  facet normal 0.976315 0.216354 0
    outer loop
      vertex 20.1892 24.8046 10
      vertex 20.1137 25.1453 3
      vertex 20.1137 25.1453 10
    endloop
  endfacet
  facet normal 0.976315 0.216354 0
    outer loop
      vertex 20.1137 25.1453 3
      vertex 20.1892 24.8046 10
      vertex 20.1892 24.8046 3
    endloop
  endfacet
  facet normal 0.382824 -0.923821 0
    outer loop
      vertex 17.6181 20.3512 3
      vertex 17.9405 20.4848 10
      vertex 17.6181 20.3512 10
    endloop
  endfacet
  facet normal 0.382824 -0.923821 0
    outer loop
      vertex 17.9405 20.4848 10
      vertex 17.6181 20.3512 3
      vertex 17.9405 20.4848 3
    endloop
  endfacet
  facet normal -0.843378 -0.53732 0
    outer loop
      vertex 12.9734 21.8157 3
      vertex 12.7859 22.11 10
      vertex 12.7859 22.11 3
    endloop
  endfacet
  facet normal -0.843378 -0.53732 0
    outer loop
      vertex 12.7859 22.11 10
      vertex 12.9734 21.8157 3
      vertex 12.9734 21.8157 10
    endloop
  endfacet
  facet normal -0.843378 0.53732 0
    outer loop
      vertex 12.7859 26.11 3
      vertex 12.9734 26.4043 10
      vertex 12.9734 26.4043 3
    endloop
  endfacet
  facet normal -0.843378 0.53732 0
    outer loop
      vertex 12.9734 26.4043 10
      vertex 12.7859 26.11 3
      vertex 12.7859 26.11 10
    endloop
  endfacet
  facet normal 0.300624 0.953743 -0
    outer loop
      vertex 17.6181 27.8688 3
      vertex 17.2853 27.9737 10
      vertex 17.6181 27.8688 10
    endloop
  endfacet
  facet normal 0.300624 0.953743 0
    outer loop
      vertex 17.2853 27.9737 10
      vertex 17.6181 27.8688 3
      vertex 17.2853 27.9737 3
    endloop
  endfacet
  facet normal -0.300624 0.953743 0
    outer loop
      vertex 15.2147 27.9737 3
      vertex 14.8819 27.8688 10
      vertex 15.2147 27.9737 10
    endloop
  endfacet
  facet normal -0.300624 0.953743 0
    outer loop
      vertex 14.8819 27.8688 10
      vertex 15.2147 27.9737 3
      vertex 14.8819 27.8688 3
    endloop
  endfacet
  facet normal 0.130662 -0.991427 0
    outer loop
      vertex 16.5986 20.1252 3
      vertex 16.9446 20.1708 10
      vertex 16.5986 20.1252 10
    endloop
  endfacet
  facet normal 0.130662 -0.991427 0
    outer loop
      vertex 16.9446 20.1708 10
      vertex 16.5986 20.1252 3
      vertex 16.9446 20.1708 3
    endloop
  endfacet
  facet normal -0.953743 0.300624 0
    outer loop
      vertex 12.3863 25.1453 3
      vertex 12.4912 25.4781 10
      vertex 12.4912 25.4781 3
    endloop
  endfacet
  facet normal -0.953743 0.300624 0
    outer loop
      vertex 12.4912 25.4781 10
      vertex 12.3863 25.1453 3
      vertex 12.3863 25.1453 10
    endloop
  endfacet
  facet normal 0.608768 0.793348 -0
    outer loop
      vertex 18.8211 27.1742 3
      vertex 18.5443 27.3866 10
      vertex 18.8211 27.1742 10
    endloop
  endfacet
  facet normal 0.608768 0.793348 0
    outer loop
      vertex 18.5443 27.3866 10
      vertex 18.8211 27.1742 3
      vertex 18.5443 27.3866 3
    endloop
  endfacet
  facet normal 0.130662 0.991427 -0
    outer loop
      vertex 16.9446 28.0492 3
      vertex 16.5986 28.0948 10
      vertex 16.9446 28.0492 10
    endloop
  endfacet
  facet normal 0.130662 0.991427 0
    outer loop
      vertex 16.5986 28.0948 10
      vertex 16.9446 28.0492 3
      vertex 16.5986 28.0948 3
    endloop
  endfacet
  facet normal -0.923821 -0.382824 0
    outer loop
      vertex 12.6248 22.4195 3
      vertex 12.4912 22.7419 10
      vertex 12.4912 22.7419 3
    endloop
  endfacet
  facet normal -0.923821 -0.382824 0
    outer loop
      vertex 12.4912 22.7419 10
      vertex 12.6248 22.4195 3
      vertex 12.6248 22.4195 10
    endloop
  endfacet
  facet normal 0.793348 -0.608768 0
    outer loop
      vertex 19.3142 21.5389 10
      vertex 19.5266 21.8157 3
      vertex 19.5266 21.8157 10
    endloop
  endfacet
  facet normal 0.793348 -0.608768 0
    outer loop
      vertex 19.5266 21.8157 3
      vertex 19.3142 21.5389 10
      vertex 19.3142 21.5389 3
    endloop
  endfacet
  facet normal -0.953743 -0.300624 0
    outer loop
      vertex 12.4912 22.7419 3
      vertex 12.3863 23.0747 10
      vertex 12.3863 23.0747 3
    endloop
  endfacet
  facet normal -0.953743 -0.300624 0
    outer loop
      vertex 12.3863 23.0747 10
      vertex 12.4912 22.7419 3
      vertex 12.4912 22.7419 10
    endloop
  endfacet
  facet normal 0.976315 -0.216354 0
    outer loop
      vertex 20.1137 23.0747 10
      vertex 20.1892 23.4154 3
      vertex 20.1892 23.4154 10
    endloop
  endfacet
  facet normal 0.976315 -0.216354 0
    outer loop
      vertex 20.1892 23.4154 3
      vertex 20.1137 23.0747 10
      vertex 20.1137 23.0747 3
    endloop
  endfacet
  facet normal -0.461714 -0.887029 0
    outer loop
      vertex 14.25 20.6459 3
      vertex 14.5595 20.4848 10
      vertex 14.25 20.6459 10
    endloop
  endfacet
  facet normal -0.461714 -0.887029 -0
    outer loop
      vertex 14.5595 20.4848 10
      vertex 14.25 20.6459 3
      vertex 14.5595 20.4848 3
    endloop
  endfacet
  facet normal -0.793348 -0.608768 0
    outer loop
      vertex 13.1858 21.5389 3
      vertex 12.9734 21.8157 10
      vertex 12.9734 21.8157 3
    endloop
  endfacet
  facet normal -0.793348 -0.608768 0
    outer loop
      vertex 12.9734 21.8157 10
      vertex 13.1858 21.5389 3
      vertex 13.1858 21.5389 10
    endloop
  endfacet
  facet normal 0.461714 0.887029 -0
    outer loop
      vertex 18.25 27.5741 3
      vertex 17.9405 27.7352 10
      vertex 18.25 27.5741 10
    endloop
  endfacet
  facet normal 0.461714 0.887029 0
    outer loop
      vertex 17.9405 27.7352 10
      vertex 18.25 27.5741 3
      vertex 17.9405 27.7352 3
    endloop
  endfacet
  facet normal 0.0435616 0.999051 -0
    outer loop
      vertex 16.5986 28.0948 3
      vertex 16.25 28.11 10
      vertex 16.5986 28.0948 10
    endloop
  endfacet
  facet normal 0.0435616 0.999051 0
    outer loop
      vertex 16.25 28.11 10
      vertex 16.5986 28.0948 3
      vertex 16.25 28.11 3
    endloop
  endfacet
  facet normal 0.737107 0.675777 0
    outer loop
      vertex 19.3142 26.6812 10
      vertex 19.0784 26.9384 3
      vertex 19.0784 26.9384 10
    endloop
  endfacet
  facet normal 0.737107 0.675777 0
    outer loop
      vertex 19.0784 26.9384 3
      vertex 19.3142 26.6812 10
      vertex 19.3142 26.6812 3
    endloop
  endfacet
  facet normal 0.53732 0.843378 -0
    outer loop
      vertex 18.5443 27.3866 3
      vertex 18.25 27.5741 10
      vertex 18.5443 27.3866 10
    endloop
  endfacet
  facet normal 0.53732 0.843378 0
    outer loop
      vertex 18.25 27.5741 10
      vertex 18.5443 27.3866 3
      vertex 18.25 27.5741 3
    endloop
  endfacet
  facet normal -0.216354 0.976315 0
    outer loop
      vertex 15.5554 28.0492 3
      vertex 15.2147 27.9737 10
      vertex 15.5554 28.0492 10
    endloop
  endfacet
  facet normal -0.216354 0.976315 0
    outer loop
      vertex 15.2147 27.9737 10
      vertex 15.5554 28.0492 3
      vertex 15.2147 27.9737 3
    endloop
  endfacet
  facet normal -0.608768 0.793348 0
    outer loop
      vertex 13.9557 27.3866 3
      vertex 13.6789 27.1742 10
      vertex 13.9557 27.3866 10
    endloop
  endfacet
  facet normal -0.608768 0.793348 0
    outer loop
      vertex 13.6789 27.1742 10
      vertex 13.9557 27.3866 3
      vertex 13.6789 27.1742 3
    endloop
  endfacet
  facet normal 0.953743 0.300624 0
    outer loop
      vertex 20.1137 25.1453 10
      vertex 20.0088 25.4781 3
      vertex 20.0088 25.4781 10
    endloop
  endfacet
  facet normal 0.953743 0.300624 0
    outer loop
      vertex 20.0088 25.4781 3
      vertex 20.1137 25.1453 10
      vertex 20.1137 25.1453 3
    endloop
  endfacet
  facet normal -0.608768 -0.793348 0
    outer loop
      vertex 13.6789 21.0458 3
      vertex 13.9557 20.8334 10
      vertex 13.6789 21.0458 10
    endloop
  endfacet
  facet normal -0.608768 -0.793348 -0
    outer loop
      vertex 13.9557 20.8334 10
      vertex 13.6789 21.0458 3
      vertex 13.9557 20.8334 3
    endloop
  endfacet
  facet normal 0.923821 -0.382824 0
    outer loop
      vertex 19.8752 22.4195 10
      vertex 20.0088 22.7419 3
      vertex 20.0088 22.7419 10
    endloop
  endfacet
  facet normal 0.923821 -0.382824 0
    outer loop
      vertex 20.0088 22.7419 3
      vertex 19.8752 22.4195 10
      vertex 19.8752 22.4195 3
    endloop
  endfacet
  facet normal 0.382824 0.923821 -0
    outer loop
      vertex 17.9405 27.7352 3
      vertex 17.6181 27.8688 10
      vertex 17.9405 27.7352 10
    endloop
  endfacet
  facet normal 0.382824 0.923821 0
    outer loop
      vertex 17.6181 27.8688 10
      vertex 17.9405 27.7352 3
      vertex 17.6181 27.8688 3
    endloop
  endfacet
  facet normal 0.216354 0.976315 -0
    outer loop
      vertex 17.2853 27.9737 3
      vertex 16.9446 28.0492 10
      vertex 17.2853 27.9737 10
    endloop
  endfacet
  facet normal 0.216354 0.976315 0
    outer loop
      vertex 16.9446 28.0492 10
      vertex 17.2853 27.9737 3
      vertex 16.9446 28.0492 3
    endloop
  endfacet
  facet normal -0.991427 0.130662 0
    outer loop
      vertex 12.2652 24.4586 3
      vertex 12.3108 24.8046 10
      vertex 12.3108 24.8046 3
    endloop
  endfacet
  facet normal -0.991427 0.130662 0
    outer loop
      vertex 12.3108 24.8046 10
      vertex 12.2652 24.4586 3
      vertex 12.2652 24.4586 10
    endloop
  endfacet
  facet normal 0 0 1
    outer loop
      vertex 17.85 24.11 10
      vertex 20.25 24.11 10
      vertex 20.2348 24.4586 10
    endloop
  endfacet
  facet normal 0 0 1
    outer loop
      vertex 17.8439 24.2494 10
      vertex 20.2348 24.4586 10
      vertex 20.1892 24.8046 10
    endloop
  endfacet
  facet normal 0 0 1
    outer loop
      vertex 20.25 24.11 10
      vertex 17.85 24.11 10
      vertex 20.2348 23.7614 10
    endloop
  endfacet
  facet normal 0 0 1
    outer loop
      vertex 17.8257 24.3878 10
      vertex 20.1892 24.8046 10
      vertex 20.1137 25.1453 10
    endloop
  endfacet
  facet normal -0 0 1
    outer loop
      vertex 17.8439 23.9706 10
      vertex 20.2348 23.7614 10
      vertex 17.85 24.11 10
    endloop
  endfacet
  facet normal 0 0 1
    outer loop
      vertex 17.7955 24.5241 10
      vertex 20.1137 25.1453 10
      vertex 20.0088 25.4781 10
    endloop
  endfacet
  facet normal 0 0 1
    outer loop
      vertex 20.2348 23.7614 10
      vertex 17.8439 23.9706 10
      vertex 20.1892 23.4154 10
    endloop
  endfacet
  facet normal 0 0 1
    outer loop
      vertex 17.7535 24.6572 10
      vertex 20.0088 25.4781 10
      vertex 19.8752 25.8005 10
    endloop
  endfacet
  facet normal -0 0 1
    outer loop
      vertex 17.8257 23.8322 10
      vertex 20.1892 23.4154 10
      vertex 17.8439 23.9706 10
    endloop
  endfacet
  facet normal 0 0 1
    outer loop
      vertex 17.7001 24.7862 10
      vertex 19.8752 25.8005 10
      vertex 19.7141 26.11 10
    endloop
  endfacet
  facet normal 0 0 1
    outer loop
      vertex 20.1892 23.4154 10
      vertex 17.8257 23.8322 10
      vertex 20.1137 23.0747 10
    endloop
  endfacet
  facet normal 0 0 1
    outer loop
      vertex 17.6356 24.91 10
      vertex 19.7141 26.11 10
      vertex 19.5266 26.4043 10
    endloop
  endfacet
  facet normal -0 0 1
    outer loop
      vertex 17.7955 23.6959 10
      vertex 20.1137 23.0747 10
      vertex 17.8257 23.8322 10
    endloop
  endfacet
  facet normal 0 0 1
    outer loop
      vertex 17.5606 25.0277 10
      vertex 19.5266 26.4043 10
      vertex 19.3142 26.6812 10
    endloop
  endfacet
  facet normal 0 0 1
    outer loop
      vertex 20.1137 23.0747 10
      vertex 17.7955 23.6959 10
      vertex 20.0088 22.7419 10
    endloop
  endfacet
  facet normal 0 0 1
    outer loop
      vertex 17.4757 25.1385 10
      vertex 19.3142 26.6812 10
      vertex 19.0784 26.9384 10
    endloop
  endfacet
  facet normal -0 0 1
    outer loop
      vertex 17.7535 23.5628 10
      vertex 20.0088 22.7419 10
      vertex 17.7955 23.6959 10
    endloop
  endfacet
  facet normal 0 0 1
    outer loop
      vertex 17.3814 25.2414 10
      vertex 19.0784 26.9384 10
      vertex 18.8211 27.1742 10
    endloop
  endfacet
  facet normal 0 0 1
    outer loop
      vertex 20.0088 22.7419 10
      vertex 17.7535 23.5628 10
      vertex 19.8752 22.4195 10
    endloop
  endfacet
  facet normal 0 0 1
    outer loop
      vertex 17.2785 25.3357 10
      vertex 18.8211 27.1742 10
      vertex 18.5443 27.3866 10
    endloop
  endfacet
  facet normal -0 0 1
    outer loop
      vertex 17.7001 23.4338 10
      vertex 19.8752 22.4195 10
      vertex 17.7535 23.5628 10
    endloop
  endfacet
  facet normal 0 0 1
    outer loop
      vertex 17.1677 25.4206 10
      vertex 18.5443 27.3866 10
      vertex 18.25 27.5741 10
    endloop
  endfacet
  facet normal 0 0 1
    outer loop
      vertex 19.8752 22.4195 10
      vertex 17.7001 23.4338 10
      vertex 19.7141 22.11 10
    endloop
  endfacet
  facet normal 0 0 1
    outer loop
      vertex 17.05 25.4956 10
      vertex 18.25 27.5741 10
      vertex 17.9405 27.7352 10
    endloop
  endfacet
  facet normal -0 0 1
    outer loop
      vertex 17.6356 23.31 10
      vertex 19.7141 22.11 10
      vertex 17.7001 23.4338 10
    endloop
  endfacet
  facet normal 0 0 1
    outer loop
      vertex 19.7141 22.11 10
      vertex 17.6356 23.31 10
      vertex 19.5266 21.8157 10
    endloop
  endfacet
  facet normal 0 0 1
    outer loop
      vertex 20.2348 24.4586 10
      vertex 17.8439 24.2494 10
      vertex 17.85 24.11 10
    endloop
  endfacet
  facet normal 0 0 1
    outer loop
      vertex 20.1892 24.8046 10
      vertex 17.8257 24.3878 10
      vertex 17.8439 24.2494 10
    endloop
  endfacet
  facet normal 0 0 1
    outer loop
      vertex 20.1137 25.1453 10
      vertex 17.7955 24.5241 10
      vertex 17.8257 24.3878 10
    endloop
  endfacet
  facet normal 0 0 1
    outer loop
      vertex 20.0088 25.4781 10
      vertex 17.7535 24.6572 10
      vertex 17.7955 24.5241 10
    endloop
  endfacet
  facet normal 0 0 1
    outer loop
      vertex 19.8752 25.8005 10
      vertex 17.7001 24.7862 10
      vertex 17.7535 24.6572 10
    endloop
  endfacet
  facet normal 0 0 1
    outer loop
      vertex 19.7141 26.11 10
      vertex 17.6356 24.91 10
      vertex 17.7001 24.7862 10
    endloop
  endfacet
  facet normal 0 0 1
    outer loop
      vertex 16.9262 25.5601 10
      vertex 17.9405 27.7352 10
      vertex 17.6181 27.8688 10
    endloop
  endfacet
  facet normal 0 0 1
    outer loop
      vertex 19.5266 26.4043 10
      vertex 17.5606 25.0277 10
      vertex 17.6356 24.91 10
    endloop
  endfacet
  facet normal 0 0 1
    outer loop
      vertex 19.3142 26.6812 10
      vertex 17.4757 25.1385 10
      vertex 17.5606 25.0277 10
    endloop
  endfacet
  facet normal 0 0 1
    outer loop
      vertex 19.0784 26.9384 10
      vertex 17.3814 25.2414 10
      vertex 17.4757 25.1385 10
    endloop
  endfacet
  facet normal 0 0 1
    outer loop
      vertex 16.7972 25.6135 10
      vertex 17.6181 27.8688 10
      vertex 17.2853 27.9737 10
    endloop
  endfacet
  facet normal 0 0 1
    outer loop
      vertex 18.8211 27.1742 10
      vertex 17.2785 25.3357 10
      vertex 17.3814 25.2414 10
    endloop
  endfacet
  facet normal 0 0 1
    outer loop
      vertex 18.5443 27.3866 10
      vertex 17.1677 25.4206 10
      vertex 17.2785 25.3357 10
    endloop
  endfacet
  facet normal 0 0 1
    outer loop
      vertex 18.25 27.5741 10
      vertex 17.05 25.4956 10
      vertex 17.1677 25.4206 10
    endloop
  endfacet
  facet normal 0 0 1
    outer loop
      vertex 16.6641 25.6555 10
      vertex 17.2853 27.9737 10
      vertex 16.9446 28.0492 10
    endloop
  endfacet
  facet normal 0 0 1
    outer loop
      vertex 17.9405 27.7352 10
      vertex 16.9262 25.5601 10
      vertex 17.05 25.4956 10
    endloop
  endfacet
  facet normal 0 0 1
    outer loop
      vertex 17.6181 27.8688 10
      vertex 16.7972 25.6135 10
      vertex 16.9262 25.5601 10
    endloop
  endfacet
  facet normal 0 0 1
    outer loop
      vertex 17.2853 27.9737 10
      vertex 16.6641 25.6555 10
      vertex 16.7972 25.6135 10
    endloop
  endfacet
  facet normal 0 0 1
    outer loop
      vertex 16.5278 25.6857 10
      vertex 16.9446 28.0492 10
      vertex 16.5986 28.0948 10
    endloop
  endfacet
  facet normal 0 0 1
    outer loop
      vertex 16.9446 28.0492 10
      vertex 16.5278 25.6857 10
      vertex 16.6641 25.6555 10
    endloop
  endfacet
  facet normal 0 0 1
    outer loop
      vertex 16.5986 28.0948 10
      vertex 16.3895 25.7039 10
      vertex 16.5278 25.6857 10
    endloop
  endfacet
  facet normal 0 0 1
    outer loop
      vertex 16.25 28.11 10
      vertex 16.3895 25.7039 10
      vertex 16.5986 28.0948 10
    endloop
  endfacet
  facet normal 0 0 1
    outer loop
      vertex 16.25 28.11 10
      vertex 16.25 25.71 10
      vertex 16.3895 25.7039 10
    endloop
  endfacet
  facet normal 0 0 1
    outer loop
      vertex 16.25 28.11 10
      vertex 16.1105 25.7039 10
      vertex 16.25 25.71 10
    endloop
  endfacet
  facet normal -0 0 1
    outer loop
      vertex 15.9014 28.0948 10
      vertex 16.1105 25.7039 10
      vertex 16.25 28.11 10
    endloop
  endfacet
  facet normal 0 0 1
    outer loop
      vertex 16.1105 25.7039 10
      vertex 15.9014 28.0948 10
      vertex 15.9722 25.6857 10
    endloop
  endfacet
  facet normal -0 0 1
    outer loop
      vertex 15.5554 28.0492 10
      vertex 15.9722 25.6857 10
      vertex 15.9014 28.0948 10
    endloop
  endfacet
  facet normal 0 0 1
    outer loop
      vertex 15.9722 25.6857 10
      vertex 15.5554 28.0492 10
      vertex 15.8359 25.6555 10
    endloop
  endfacet
  facet normal -0 0 1
    outer loop
      vertex 15.2147 27.9737 10
      vertex 15.8359 25.6555 10
      vertex 15.5554 28.0492 10
    endloop
  endfacet
  facet normal 0 0 1
    outer loop
      vertex 15.8359 25.6555 10
      vertex 15.2147 27.9737 10
      vertex 15.7028 25.6135 10
    endloop
  endfacet
  facet normal -0 0 1
    outer loop
      vertex 14.8819 27.8688 10
      vertex 15.7028 25.6135 10
      vertex 15.2147 27.9737 10
    endloop
  endfacet
  facet normal 0 0 1
    outer loop
      vertex 15.7028 25.6135 10
      vertex 14.8819 27.8688 10
      vertex 15.5738 25.5601 10
    endloop
  endfacet
  facet normal -0 0 1
    outer loop
      vertex 14.5595 27.7352 10
      vertex 15.5738 25.5601 10
      vertex 14.8819 27.8688 10
    endloop
  endfacet
  facet normal 0 0 1
    outer loop
      vertex 15.5738 25.5601 10
      vertex 14.5595 27.7352 10
      vertex 15.45 25.4956 10
    endloop
  endfacet
  facet normal -0 0 1
    outer loop
      vertex 14.25 27.5741 10
      vertex 15.45 25.4956 10
      vertex 14.5595 27.7352 10
    endloop
  endfacet
  facet normal 0 0 1
    outer loop
      vertex 15.45 25.4956 10
      vertex 14.25 27.5741 10
      vertex 15.3323 25.4206 10
    endloop
  endfacet
  facet normal -0 0 1
    outer loop
      vertex 13.9557 27.3866 10
      vertex 15.3323 25.4206 10
      vertex 14.25 27.5741 10
    endloop
  endfacet
  facet normal 0 0 1
    outer loop
      vertex 15.3323 25.4206 10
      vertex 13.9557 27.3866 10
      vertex 15.2215 25.3357 10
    endloop
  endfacet
  facet normal -0 0 1
    outer loop
      vertex 13.6789 27.1742 10
      vertex 15.2215 25.3357 10
      vertex 13.9557 27.3866 10
    endloop
  endfacet
  facet normal 0 0 1
    outer loop
      vertex 15.2215 25.3357 10
      vertex 13.6789 27.1742 10
      vertex 15.1186 25.2414 10
    endloop
  endfacet
  facet normal -0 0 1
    outer loop
      vertex 13.4216 26.9384 10
      vertex 15.1186 25.2414 10
      vertex 13.6789 27.1742 10
    endloop
  endfacet
  facet normal 0 0 1
    outer loop
      vertex 15.1186 25.2414 10
      vertex 13.4216 26.9384 10
      vertex 15.0243 25.1385 10
    endloop
  endfacet
  facet normal -0 0 1
    outer loop
      vertex 13.1858 26.6812 10
      vertex 15.0243 25.1385 10
      vertex 13.4216 26.9384 10
    endloop
  endfacet
  facet normal 0 0 1
    outer loop
      vertex 15.0243 25.1385 10
      vertex 13.1858 26.6812 10
      vertex 14.9394 25.0277 10
    endloop
  endfacet
  facet normal 0 0 1
    outer loop
      vertex 14.9394 25.0277 10
      vertex 12.9734 26.4043 10
      vertex 14.8644 24.91 10
    endloop
  endfacet
  facet normal -0 0 1
    outer loop
      vertex 12.9734 26.4043 10
      vertex 14.9394 25.0277 10
      vertex 13.1858 26.6812 10
    endloop
  endfacet
  facet normal -0 0 1
    outer loop
      vertex 17.5606 23.1923 10
      vertex 19.5266 21.8157 10
      vertex 17.6356 23.31 10
    endloop
  endfacet
  facet normal 0 0 1
    outer loop
      vertex 19.5266 21.8157 10
      vertex 17.5606 23.1923 10
      vertex 19.3142 21.5389 10
    endloop
  endfacet
  facet normal -0 0 1
    outer loop
      vertex 17.4757 23.0815 10
      vertex 19.3142 21.5389 10
      vertex 17.5606 23.1923 10
    endloop
  endfacet
  facet normal 0 0 1
    outer loop
      vertex 19.3142 21.5389 10
      vertex 17.4757 23.0815 10
      vertex 19.0784 21.2816 10
    endloop
  endfacet
  facet normal -0 0 1
    outer loop
      vertex 17.3814 22.9786 10
      vertex 19.0784 21.2816 10
      vertex 17.4757 23.0815 10
    endloop
  endfacet
  facet normal 0 0 1
    outer loop
      vertex 19.0784 21.2816 10
      vertex 17.3814 22.9786 10
      vertex 18.8211 21.0458 10
    endloop
  endfacet
  facet normal -0 0 1
    outer loop
      vertex 17.2785 22.8843 10
      vertex 18.8211 21.0458 10
      vertex 17.3814 22.9786 10
    endloop
  endfacet
  facet normal 0 0 1
    outer loop
      vertex 18.8211 21.0458 10
      vertex 17.2785 22.8843 10
      vertex 18.5443 20.8334 10
    endloop
  endfacet
  facet normal -0 0 1
    outer loop
      vertex 17.1677 22.7994 10
      vertex 18.5443 20.8334 10
      vertex 17.2785 22.8843 10
    endloop
  endfacet
  facet normal 0 0 1
    outer loop
      vertex 18.5443 20.8334 10
      vertex 17.1677 22.7994 10
      vertex 18.25 20.6459 10
    endloop
  endfacet
  facet normal -0 0 1
    outer loop
      vertex 17.05 22.7244 10
      vertex 18.25 20.6459 10
      vertex 17.1677 22.7994 10
    endloop
  endfacet
  facet normal 0 0 1
    outer loop
      vertex 18.25 20.6459 10
      vertex 17.05 22.7244 10
      vertex 17.9405 20.4848 10
    endloop
  endfacet
  facet normal -0 0 1
    outer loop
      vertex 16.9262 22.6599 10
      vertex 17.9405 20.4848 10
      vertex 17.05 22.7244 10
    endloop
  endfacet
  facet normal 0 0 1
    outer loop
      vertex 17.9405 20.4848 10
      vertex 16.9262 22.6599 10
      vertex 17.6181 20.3512 10
    endloop
  endfacet
  facet normal -0 0 1
    outer loop
      vertex 16.7972 22.6065 10
      vertex 17.6181 20.3512 10
      vertex 16.9262 22.6599 10
    endloop
  endfacet
  facet normal 0 0 1
    outer loop
      vertex 17.6181 20.3512 10
      vertex 16.7972 22.6065 10
      vertex 17.2853 20.2463 10
    endloop
  endfacet
  facet normal -0 0 1
    outer loop
      vertex 16.6641 22.5645 10
      vertex 17.2853 20.2463 10
      vertex 16.7972 22.6065 10
    endloop
  endfacet
  facet normal 0 0 1
    outer loop
      vertex 17.2853 20.2463 10
      vertex 16.6641 22.5645 10
      vertex 16.9446 20.1708 10
    endloop
  endfacet
  facet normal -0 0 1
    outer loop
      vertex 16.5278 22.5343 10
      vertex 16.9446 20.1708 10
      vertex 16.6641 22.5645 10
    endloop
  endfacet
  facet normal 0 0 1
    outer loop
      vertex 16.9446 20.1708 10
      vertex 16.5278 22.5343 10
      vertex 16.5986 20.1252 10
    endloop
  endfacet
  facet normal -0 0 1
    outer loop
      vertex 16.3895 22.5161 10
      vertex 16.5986 20.1252 10
      vertex 16.5278 22.5343 10
    endloop
  endfacet
  facet normal -0 0 1
    outer loop
      vertex 16.25 22.51 10
      vertex 16.5986 20.1252 10
      vertex 16.3895 22.5161 10
    endloop
  endfacet
  facet normal 0 0 1
    outer loop
      vertex 16.25 22.51 10
      vertex 16.25 20.11 10
      vertex 16.5986 20.1252 10
    endloop
  endfacet
  facet normal 0 0 1
    outer loop
      vertex 16.1105 22.5161 10
      vertex 16.25 20.11 10
      vertex 16.25 22.51 10
    endloop
  endfacet
  facet normal 0 0 1
    outer loop
      vertex 15.9014 20.1252 10
      vertex 16.1105 22.5161 10
      vertex 15.9722 22.5343 10
    endloop
  endfacet
  facet normal 0 0 1
    outer loop
      vertex 16.1105 22.5161 10
      vertex 15.9014 20.1252 10
      vertex 16.25 20.11 10
    endloop
  endfacet
  facet normal 0 0 1
    outer loop
      vertex 15.5554 20.1708 10
      vertex 15.9722 22.5343 10
      vertex 15.8359 22.5645 10
    endloop
  endfacet
  facet normal 0 0 1
    outer loop
      vertex 15.2147 20.2463 10
      vertex 15.8359 22.5645 10
      vertex 15.7028 22.6065 10
    endloop
  endfacet
  facet normal 0 0 1
    outer loop
      vertex 14.8819 20.3512 10
      vertex 15.7028 22.6065 10
      vertex 15.5738 22.6599 10
    endloop
  endfacet
  facet normal 0 0 1
    outer loop
      vertex 15.9722 22.5343 10
      vertex 15.5554 20.1708 10
      vertex 15.9014 20.1252 10
    endloop
  endfacet
  facet normal 0 0 1
    outer loop
      vertex 14.5595 20.4848 10
      vertex 15.5738 22.6599 10
      vertex 15.45 22.7244 10
    endloop
  endfacet
  facet normal 0 0 1
    outer loop
      vertex 14.25 20.6459 10
      vertex 15.45 22.7244 10
      vertex 15.3323 22.7994 10
    endloop
  endfacet
  facet normal 0 0 1
    outer loop
      vertex 13.9557 20.8334 10
      vertex 15.3323 22.7994 10
      vertex 15.2215 22.8843 10
    endloop
  endfacet
  facet normal 0 0 1
    outer loop
      vertex 15.8359 22.5645 10
      vertex 15.2147 20.2463 10
      vertex 15.5554 20.1708 10
    endloop
  endfacet
  facet normal 0 0 1
    outer loop
      vertex 13.6789 21.0458 10
      vertex 15.2215 22.8843 10
      vertex 15.1186 22.9786 10
    endloop
  endfacet
  facet normal 0 0 1
    outer loop
      vertex 13.4216 21.2816 10
      vertex 15.1186 22.9786 10
      vertex 15.0243 23.0815 10
    endloop
  endfacet
  facet normal 0 0 1
    outer loop
      vertex 13.1858 21.5389 10
      vertex 15.0243 23.0815 10
      vertex 14.9394 23.1923 10
    endloop
  endfacet
  facet normal 0 0 1
    outer loop
      vertex 15.7028 22.6065 10
      vertex 14.8819 20.3512 10
      vertex 15.2147 20.2463 10
    endloop
  endfacet
  facet normal 0 0 1
    outer loop
      vertex 12.9734 21.8157 10
      vertex 14.9394 23.1923 10
      vertex 14.8644 23.31 10
    endloop
  endfacet
  facet normal 0 0 1
    outer loop
      vertex 12.7859 22.11 10
      vertex 14.8644 23.31 10
      vertex 14.7999 23.4338 10
    endloop
  endfacet
  facet normal 0 0 1
    outer loop
      vertex 12.6248 22.4195 10
      vertex 14.7999 23.4338 10
      vertex 14.7465 23.5628 10
    endloop
  endfacet
  facet normal 0 0 1
    outer loop
      vertex 12.4912 22.7419 10
      vertex 14.7465 23.5628 10
      vertex 14.7045 23.6959 10
    endloop
  endfacet
  facet normal 0 0 1
    outer loop
      vertex 12.3863 23.0747 10
      vertex 14.7045 23.6959 10
      vertex 14.6743 23.8322 10
    endloop
  endfacet
  facet normal 0 0 1
    outer loop
      vertex 12.3108 23.4154 10
      vertex 14.6743 23.8322 10
      vertex 14.6561 23.9706 10
    endloop
  endfacet
  facet normal 0 0 1
    outer loop
      vertex 15.5738 22.6599 10
      vertex 14.5595 20.4848 10
      vertex 14.8819 20.3512 10
    endloop
  endfacet
  facet normal 0 0 1
    outer loop
      vertex 12.2652 23.7614 10
      vertex 14.6561 23.9706 10
      vertex 14.65 24.11 10
    endloop
  endfacet
  facet normal -0 0 1
    outer loop
      vertex 12.7859 26.11 10
      vertex 14.8644 24.91 10
      vertex 12.9734 26.4043 10
    endloop
  endfacet
  facet normal 0 0 1
    outer loop
      vertex 14.8644 24.91 10
      vertex 12.7859 26.11 10
      vertex 14.7999 24.7862 10
    endloop
  endfacet
  facet normal 0 0 1
    outer loop
      vertex 15.45 22.7244 10
      vertex 14.25 20.6459 10
      vertex 14.5595 20.4848 10
    endloop
  endfacet
  facet normal -0 0 1
    outer loop
      vertex 12.6248 25.8005 10
      vertex 14.7999 24.7862 10
      vertex 12.7859 26.11 10
    endloop
  endfacet
  facet normal 0 0 1
    outer loop
      vertex 15.3323 22.7994 10
      vertex 13.9557 20.8334 10
      vertex 14.25 20.6459 10
    endloop
  endfacet
  facet normal 0 0 1
    outer loop
      vertex 14.7999 24.7862 10
      vertex 12.6248 25.8005 10
      vertex 14.7465 24.6572 10
    endloop
  endfacet
  facet normal 0 0 1
    outer loop
      vertex 15.2215 22.8843 10
      vertex 13.6789 21.0458 10
      vertex 13.9557 20.8334 10
    endloop
  endfacet
  facet normal -0 0 1
    outer loop
      vertex 12.4912 25.4781 10
      vertex 14.7465 24.6572 10
      vertex 12.6248 25.8005 10
    endloop
  endfacet
  facet normal 0 0 1
    outer loop
      vertex 15.1186 22.9786 10
      vertex 13.4216 21.2816 10
      vertex 13.6789 21.0458 10
    endloop
  endfacet
  facet normal 0 0 1
    outer loop
      vertex 14.7465 24.6572 10
      vertex 12.4912 25.4781 10
      vertex 14.7045 24.5241 10
    endloop
  endfacet
  facet normal 0 0 1
    outer loop
      vertex 15.0243 23.0815 10
      vertex 13.1858 21.5389 10
      vertex 13.4216 21.2816 10
    endloop
  endfacet
  facet normal -0 0 1
    outer loop
      vertex 12.3863 25.1453 10
      vertex 14.7045 24.5241 10
      vertex 12.4912 25.4781 10
    endloop
  endfacet
  facet normal 0 0 1
    outer loop
      vertex 14.9394 23.1923 10
      vertex 12.9734 21.8157 10
      vertex 13.1858 21.5389 10
    endloop
  endfacet
  facet normal 0 0 1
    outer loop
      vertex 14.7045 24.5241 10
      vertex 12.3863 25.1453 10
      vertex 14.6743 24.3878 10
    endloop
  endfacet
  facet normal 0 0 1
    outer loop
      vertex 14.8644 23.31 10
      vertex 12.7859 22.11 10
      vertex 12.9734 21.8157 10
    endloop
  endfacet
  facet normal -0 0 1
    outer loop
      vertex 12.3108 24.8046 10
      vertex 14.6743 24.3878 10
      vertex 12.3863 25.1453 10
    endloop
  endfacet
  facet normal 0 0 1
    outer loop
      vertex 14.7999 23.4338 10
      vertex 12.6248 22.4195 10
      vertex 12.7859 22.11 10
    endloop
  endfacet
  facet normal 0 0 1
    outer loop
      vertex 14.6743 24.3878 10
      vertex 12.3108 24.8046 10
      vertex 14.6561 24.2494 10
    endloop
  endfacet
  facet normal 0 0 1
    outer loop
      vertex 14.7465 23.5628 10
      vertex 12.4912 22.7419 10
      vertex 12.6248 22.4195 10
    endloop
  endfacet
  facet normal -0 0 1
    outer loop
      vertex 12.2652 24.4586 10
      vertex 14.6561 24.2494 10
      vertex 12.3108 24.8046 10
    endloop
  endfacet
  facet normal 0 0 1
    outer loop
      vertex 14.7045 23.6959 10
      vertex 12.3863 23.0747 10
      vertex 12.4912 22.7419 10
    endloop
  endfacet
  facet normal 0 0 1
    outer loop
      vertex 14.6561 24.2494 10
      vertex 12.2652 24.4586 10
      vertex 14.65 24.11 10
    endloop
  endfacet
  facet normal 0 0 1
    outer loop
      vertex 14.6743 23.8322 10
      vertex 12.3108 23.4154 10
      vertex 12.3863 23.0747 10
    endloop
  endfacet
  facet normal 0 0 1
    outer loop
      vertex 12.25 24.11 10
      vertex 14.65 24.11 10
      vertex 12.2652 24.4586 10
    endloop
  endfacet
  facet normal 0 0 1
    outer loop
      vertex 14.6561 23.9706 10
      vertex 12.2652 23.7614 10
      vertex 12.3108 23.4154 10
    endloop
  endfacet
  facet normal 0 0 1
    outer loop
      vertex 14.65 24.11 10
      vertex 12.25 24.11 10
      vertex 12.2652 23.7614 10
    endloop
  endfacet
  facet normal -0.923821 0.382824 0
    outer loop
      vertex 12.4912 25.4781 3
      vertex 12.6248 25.8005 10
      vertex 12.6248 25.8005 3
    endloop
  endfacet
  facet normal -0.923821 0.382824 0
    outer loop
      vertex 12.6248 25.8005 10
      vertex 12.4912 25.4781 3
      vertex 12.4912 25.4781 10
    endloop
  endfacet
  facet normal -0.53732 -0.843378 0
    outer loop
      vertex 13.9557 20.8334 3
      vertex 14.25 20.6459 10
      vertex 13.9557 20.8334 10
    endloop
  endfacet
  facet normal -0.53732 -0.843378 -0
    outer loop
      vertex 14.25 20.6459 10
      vertex 13.9557 20.8334 3
      vertex 14.25 20.6459 3
    endloop
  endfacet
  facet normal -0.887029 0.461714 0
    outer loop
      vertex 12.6248 25.8005 3
      vertex 12.7859 26.11 10
      vertex 12.7859 26.11 3
    endloop
  endfacet
  facet normal -0.887029 0.461714 0
    outer loop
      vertex 12.7859 26.11 10
      vertex 12.6248 25.8005 3
      vertex 12.6248 25.8005 10
    endloop
  endfacet
  facet normal 0.300624 -0.953743 0
    outer loop
      vertex 17.2853 20.2463 3
      vertex 17.6181 20.3512 10
      vertex 17.2853 20.2463 10
    endloop
  endfacet
  facet normal 0.300624 -0.953743 0
    outer loop
      vertex 17.6181 20.3512 10
      vertex 17.2853 20.2463 3
      vertex 17.6181 20.3512 3
    endloop
  endfacet
  facet normal -0.737107 0.675777 0
    outer loop
      vertex 13.1858 26.6812 3
      vertex 13.4216 26.9384 10
      vertex 13.4216 26.9384 3
    endloop
  endfacet
  facet normal -0.737107 0.675777 0
    outer loop
      vertex 13.4216 26.9384 10
      vertex 13.1858 26.6812 3
      vertex 13.1858 26.6812 10
    endloop
  endfacet
  facet normal 0.843378 0.53732 0
    outer loop
      vertex 19.7141 26.11 10
      vertex 19.5266 26.4043 3
      vertex 19.5266 26.4043 10
    endloop
  endfacet
  facet normal 0.843378 0.53732 0
    outer loop
      vertex 19.5266 26.4043 3
      vertex 19.7141 26.11 10
      vertex 19.7141 26.11 3
    endloop
  endfacet
  facet normal 0.461714 -0.887029 0
    outer loop
      vertex 17.9405 20.4848 3
      vertex 18.25 20.6459 10
      vertex 17.9405 20.4848 10
    endloop
  endfacet
  facet normal 0.461714 -0.887029 0
    outer loop
      vertex 18.25 20.6459 10
      vertex 17.9405 20.4848 3
      vertex 18.25 20.6459 3
    endloop
  endfacet
  facet normal -0.976315 0.216354 0
    outer loop
      vertex 12.3108 24.8046 3
      vertex 12.3863 25.1453 10
      vertex 12.3863 25.1453 3
    endloop
  endfacet
  facet normal -0.976315 0.216354 0
    outer loop
      vertex 12.3863 25.1453 10
      vertex 12.3108 24.8046 3
      vertex 12.3108 24.8046 10
    endloop
  endfacet
  facet normal 0.793454 0.60863 0
    outer loop
      vertex 19.5266 26.4043 10
      vertex 19.3142 26.6812 3
      vertex 19.3142 26.6812 10
    endloop
  endfacet
  facet normal 0.793454 0.60863 0
    outer loop
      vertex 19.3142 26.6812 3
      vertex 19.5266 26.4043 10
      vertex 19.5266 26.4043 3
    endloop
  endfacet
  facet normal 0.0435616 -0.999051 0
    outer loop
      vertex 16.25 20.11 3
      vertex 16.5986 20.1252 10
      vertex 16.25 20.11 10
    endloop
  endfacet
  facet normal 0.0435616 -0.999051 0
    outer loop
      vertex 16.5986 20.1252 10
      vertex 16.25 20.11 3
      vertex 16.5986 20.1252 3
    endloop
  endfacet
  facet normal 0.953743 -0.300624 0
    outer loop
      vertex 20.0088 22.7419 10
      vertex 20.1137 23.0747 3
      vertex 20.1137 23.0747 10
    endloop
  endfacet
  facet normal 0.953743 -0.300624 0
    outer loop
      vertex 20.1137 23.0747 3
      vertex 20.0088 22.7419 10
      vertex 20.0088 22.7419 3
    endloop
  endfacet
  facet normal 0.843378 -0.53732 0
    outer loop
      vertex 19.5266 21.8157 10
      vertex 19.7141 22.11 3
      vertex 19.7141 22.11 10
    endloop
  endfacet
  facet normal 0.843378 -0.53732 0
    outer loop
      vertex 19.7141 22.11 3
      vertex 19.5266 21.8157 10
      vertex 19.5266 21.8157 3
    endloop
  endfacet
  facet normal -0.675634 -0.737237 0
    outer loop
      vertex 13.4216 21.2816 3
      vertex 13.6789 21.0458 10
      vertex 13.4216 21.2816 10
    endloop
  endfacet
  facet normal -0.675634 -0.737237 -0
    outer loop
      vertex 13.6789 21.0458 10
      vertex 13.4216 21.2816 3
      vertex 13.6789 21.0458 3
    endloop
  endfacet
  facet normal -0.130662 0.991427 0
    outer loop
      vertex 15.9014 28.0948 3
      vertex 15.5554 28.0492 10
      vertex 15.9014 28.0948 10
    endloop
  endfacet
  facet normal -0.130662 0.991427 0
    outer loop
      vertex 15.5554 28.0492 10
      vertex 15.9014 28.0948 3
      vertex 15.5554 28.0492 3
    endloop
  endfacet
  facet normal -0.53732 0.843378 0
    outer loop
      vertex 14.25 27.5741 3
      vertex 13.9557 27.3866 10
      vertex 14.25 27.5741 10
    endloop
  endfacet
  facet normal -0.53732 0.843378 0
    outer loop
      vertex 13.9557 27.3866 10
      vertex 14.25 27.5741 3
      vertex 13.9557 27.3866 3
    endloop
  endfacet
  facet normal -0.976315 -0.216354 0
    outer loop
      vertex 12.3863 23.0747 3
      vertex 12.3108 23.4154 10
      vertex 12.3108 23.4154 3
    endloop
  endfacet
  facet normal -0.976315 -0.216354 0
    outer loop
      vertex 12.3108 23.4154 10
      vertex 12.3863 23.0747 3
      vertex 12.3863 23.0747 10
    endloop
  endfacet
  facet normal 0.923821 0.382824 0
    outer loop
      vertex 20.0088 25.4781 10
      vertex 19.8752 25.8005 3
      vertex 19.8752 25.8005 10
    endloop
  endfacet
  facet normal 0.923821 0.382824 0
    outer loop
      vertex 19.8752 25.8005 3
      vertex 20.0088 25.4781 10
      vertex 20.0088 25.4781 3
    endloop
  endfacet
  facet normal -0.461714 0.887029 0
    outer loop
      vertex 14.5595 27.7352 3
      vertex 14.25 27.5741 10
      vertex 14.5595 27.7352 10
    endloop
  endfacet
  facet normal -0.461714 0.887029 0
    outer loop
      vertex 14.25 27.5741 10
      vertex 14.5595 27.7352 3
      vertex 14.25 27.5741 3
    endloop
  endfacet
  facet normal 0.887029 0.461714 0
    outer loop
      vertex 19.8752 25.8005 10
      vertex 19.7141 26.11 3
      vertex 19.7141 26.11 10
    endloop
  endfacet
  facet normal 0.887029 0.461714 0
    outer loop
      vertex 19.7141 26.11 3
      vertex 19.8752 25.8005 10
      vertex 19.8752 25.8005 3
    endloop
  endfacet
  facet normal 0.999051 -0.0435616 0
    outer loop
      vertex 20.2348 23.7614 10
      vertex 20.25 24.11 3
      vertex 20.25 24.11 10
    endloop
  endfacet
  facet normal 0.999051 -0.0435616 0
    outer loop
      vertex 20.25 24.11 3
      vertex 20.2348 23.7614 10
      vertex 20.2348 23.7614 3
    endloop
  endfacet
  facet normal 0.991427 -0.130662 0
    outer loop
      vertex 20.1892 23.4154 10
      vertex 20.2348 23.7614 3
      vertex 20.2348 23.7614 10
    endloop
  endfacet
  facet normal 0.991427 -0.130662 0
    outer loop
      vertex 20.2348 23.7614 3
      vertex 20.1892 23.4154 10
      vertex 20.1892 23.4154 3
    endloop
  endfacet
  facet normal -0.675634 0.737237 0
    outer loop
      vertex 13.6789 27.1742 3
      vertex 13.4216 26.9384 10
      vertex 13.6789 27.1742 10
    endloop
  endfacet
  facet normal -0.675634 0.737237 0
    outer loop
      vertex 13.4216 26.9384 10
      vertex 13.6789 27.1742 3
      vertex 13.4216 26.9384 3
    endloop
  endfacet
  facet normal -0.0435616 -0.999051 0
    outer loop
      vertex 15.9014 20.1252 3
      vertex 16.25 20.11 10
      vertex 15.9014 20.1252 10
    endloop
  endfacet
  facet normal -0.0435616 -0.999051 -0
    outer loop
      vertex 16.25 20.11 10
      vertex 15.9014 20.1252 3
      vertex 16.25 20.11 3
    endloop
  endfacet
  facet normal 0.53732 -0.843378 0
    outer loop
      vertex 18.25 20.6459 3
      vertex 18.5443 20.8334 10
      vertex 18.25 20.6459 10
    endloop
  endfacet
  facet normal 0.53732 -0.843378 0
    outer loop
      vertex 18.5443 20.8334 10
      vertex 18.25 20.6459 3
      vertex 18.5443 20.8334 3
    endloop
  endfacet
  facet normal -0.382824 0.923821 0
    outer loop
      vertex 14.8819 27.8688 3
      vertex 14.5595 27.7352 10
      vertex 14.8819 27.8688 10
    endloop
  endfacet
  facet normal -0.382824 0.923821 0
    outer loop
      vertex 14.5595 27.7352 10
      vertex 14.8819 27.8688 3
      vertex 14.5595 27.7352 3
    endloop
  endfacet
  facet normal -0.999051 -0.0435616 0
    outer loop
      vertex 12.2652 23.7614 3
      vertex 12.25 24.11 10
      vertex 12.25 24.11 3
    endloop
  endfacet
  facet normal -0.999051 -0.0435616 0
    outer loop
      vertex 12.25 24.11 10
      vertex 12.2652 23.7614 3
      vertex 12.2652 23.7614 10
    endloop
  endfacet
  facet normal -0.0435616 0.999051 0
    outer loop
      vertex 16.25 28.11 3
      vertex 15.9014 28.0948 10
      vertex 16.25 28.11 10
    endloop
  endfacet
  facet normal -0.0435616 0.999051 0
    outer loop
      vertex 15.9014 28.0948 10
      vertex 16.25 28.11 3
      vertex 15.9014 28.0948 3
    endloop
  endfacet
  facet normal -0.887029 -0.461714 0
    outer loop
      vertex 12.7859 22.11 3
      vertex 12.6248 22.4195 10
      vertex 12.6248 22.4195 3
    endloop
  endfacet
  facet normal -0.887029 -0.461714 0
    outer loop
      vertex 12.6248 22.4195 10
      vertex 12.7859 22.11 3
      vertex 12.7859 22.11 10
    endloop
  endfacet
  facet normal -0.793454 0.60863 0
    outer loop
      vertex 12.9734 26.4043 3
      vertex 13.1858 26.6812 10
      vertex 13.1858 26.6812 3
    endloop
  endfacet
  facet normal -0.793454 0.60863 0
    outer loop
      vertex 13.1858 26.6812 10
      vertex 12.9734 26.4043 3
      vertex 12.9734 26.4043 10
    endloop
  endfacet
  facet normal -0.737237 -0.675634 0
    outer loop
      vertex 13.4216 21.2816 3
      vertex 13.1858 21.5389 10
      vertex 13.1858 21.5389 3
    endloop
  endfacet
  facet normal -0.737237 -0.675634 0
    outer loop
      vertex 13.1858 21.5389 10
      vertex 13.4216 21.2816 3
      vertex 13.4216 21.2816 10
    endloop
  endfacet
  facet normal -0.991427 -0.130662 0
    outer loop
      vertex 12.3108 23.4154 3
      vertex 12.2652 23.7614 10
      vertex 12.2652 23.7614 3
    endloop
  endfacet
  facet normal -0.991427 -0.130662 0
    outer loop
      vertex 12.2652 23.7614 10
      vertex 12.3108 23.4154 3
      vertex 12.3108 23.4154 10
    endloop
  endfacet
  facet normal 0.216354 -0.976315 0
    outer loop
      vertex 16.9446 20.1708 3
      vertex 17.2853 20.2463 10
      vertex 16.9446 20.1708 10
    endloop
  endfacet
  facet normal 0.216354 -0.976315 0
    outer loop
      vertex 17.2853 20.2463 10
      vertex 16.9446 20.1708 3
      vertex 17.2853 20.2463 3
    endloop
  endfacet
  facet normal 0.887029 -0.461714 0
    outer loop
      vertex 19.7141 22.11 10
      vertex 19.8752 22.4195 3
      vertex 19.8752 22.4195 10
    endloop
  endfacet
  facet normal 0.887029 -0.461714 0
    outer loop
      vertex 19.8752 22.4195 3
      vertex 19.7141 22.11 10
      vertex 19.7141 22.11 3
    endloop
  endfacet
  facet normal 0.608768 -0.793348 0
    outer loop
      vertex 18.5443 20.8334 3
      vertex 18.8211 21.0458 10
      vertex 18.5443 20.8334 10
    endloop
  endfacet
  facet normal 0.608768 -0.793348 0
    outer loop
      vertex 18.8211 21.0458 10
      vertex 18.5443 20.8334 3
      vertex 18.8211 21.0458 3
    endloop
  endfacet
  facet normal 0.675634 0.737237 -0
    outer loop
      vertex 19.0784 26.9384 3
      vertex 18.8211 27.1742 10
      vertex 19.0784 26.9384 10
    endloop
  endfacet
  facet normal 0.675634 0.737237 0
    outer loop
      vertex 18.8211 27.1742 10
      vertex 19.0784 26.9384 3
      vertex 18.8211 27.1742 3
    endloop
  endfacet
  facet normal -0.999051 0.0435616 0
    outer loop
      vertex 12.25 24.11 3
      vertex 12.2652 24.4586 10
      vertex 12.2652 24.4586 3
    endloop
  endfacet
  facet normal -0.999051 0.0435616 0
    outer loop
      vertex 12.2652 24.4586 10
      vertex 12.25 24.11 3
      vertex 12.25 24.11 10
    endloop
  endfacet
  facet normal -0.382824 -0.923821 0
    outer loop
      vertex 14.5595 20.4848 3
      vertex 14.8819 20.3512 10
      vertex 14.5595 20.4848 10
    endloop
  endfacet
  facet normal -0.382824 -0.923821 -0
    outer loop
      vertex 14.8819 20.3512 10
      vertex 14.5595 20.4848 3
      vertex 14.8819 20.3512 3
    endloop
  endfacet
  facet normal 0.737237 -0.675634 0
    outer loop
      vertex 19.0784 21.2816 10
      vertex 19.3142 21.5389 3
      vertex 19.3142 21.5389 10
    endloop
  endfacet
  facet normal 0.737237 -0.675634 0
    outer loop
      vertex 19.3142 21.5389 3
      vertex 19.0784 21.2816 10
      vertex 19.0784 21.2816 3
    endloop
  endfacet
  facet normal -0.130662 -0.991427 0
    outer loop
      vertex 15.5554 20.1708 3
      vertex 15.9014 20.1252 10
      vertex 15.5554 20.1708 10
    endloop
  endfacet
  facet normal -0.130662 -0.991427 -0
    outer loop
      vertex 15.9014 20.1252 10
      vertex 15.5554 20.1708 3
      vertex 15.9014 20.1252 3
    endloop
  endfacet
  facet normal 0.675634 -0.737237 0
    outer loop
      vertex 18.8211 21.0458 3
      vertex 19.0784 21.2816 10
      vertex 18.8211 21.0458 10
    endloop
  endfacet
  facet normal 0.675634 -0.737237 0
    outer loop
      vertex 19.0784 21.2816 10
      vertex 18.8211 21.0458 3
      vertex 19.0784 21.2816 3
    endloop
  endfacet
  facet normal -0.216354 -0.976315 0
    outer loop
      vertex 15.2147 20.2463 3
      vertex 15.5554 20.1708 10
      vertex 15.2147 20.2463 10
    endloop
  endfacet
  facet normal -0.216354 -0.976315 -0
    outer loop
      vertex 15.5554 20.1708 10
      vertex 15.2147 20.2463 3
      vertex 15.5554 20.1708 3
    endloop
  endfacet
  facet normal -0.300624 -0.953743 0
    outer loop
      vertex 14.8819 20.3512 3
      vertex 15.2147 20.2463 10
      vertex 14.8819 20.3512 10
    endloop
  endfacet
  facet normal -0.300624 -0.953743 -0
    outer loop
      vertex 15.2147 20.2463 10
      vertex 14.8819 20.3512 3
      vertex 15.2147 20.2463 3
    endloop
  endfacet
  facet normal -0.991464 -0.13038 0
    outer loop
      vertex 17.8439 24.2494 3
      vertex 17.8257 24.3878 10
      vertex 17.8257 24.3878 3
    endloop
  endfacet
  facet normal -0.991464 -0.13038 0
    outer loop
      vertex 17.8257 24.3878 10
      vertex 17.8439 24.2494 3
      vertex 17.8439 24.2494 10
    endloop
  endfacet
  facet normal -0.999044 -0.0437171 0
    outer loop
      vertex 17.85 24.11 3
      vertex 17.8439 24.2494 10
      vertex 17.8439 24.2494 3
    endloop
  endfacet
  facet normal -0.999044 -0.0437171 0
    outer loop
      vertex 17.8439 24.2494 10
      vertex 17.85 24.11 3
      vertex 17.85 24.11 10
    endloop
  endfacet
  facet normal -0.976322 -0.216324 0
    outer loop
      vertex 17.8257 24.3878 3
      vertex 17.7955 24.5241 10
      vertex 17.7955 24.5241 3
    endloop
  endfacet
  facet normal -0.976322 -0.216324 0
    outer loop
      vertex 17.7955 24.5241 10
      vertex 17.8257 24.3878 3
      vertex 17.8257 24.3878 10
    endloop
  endfacet
  facet normal -0.608221 -0.793768 0
    outer loop
      vertex 17.1677 25.4206 3
      vertex 17.2785 25.3357 10
      vertex 17.1677 25.4206 10
    endloop
  endfacet
  facet normal -0.608221 -0.793768 -0
    outer loop
      vertex 17.2785 25.3357 10
      vertex 17.1677 25.4206 3
      vertex 17.2785 25.3357 3
    endloop
  endfacet
  facet normal -0.737243 0.675627 0
    outer loop
      vertex 17.3814 22.9786 3
      vertex 17.4757 23.0815 10
      vertex 17.4757 23.0815 3
    endloop
  endfacet
  facet normal -0.737243 0.675627 0
    outer loop
      vertex 17.4757 23.0815 10
      vertex 17.3814 22.9786 3
      vertex 17.3814 22.9786 10
    endloop
  endfacet
  facet normal 0.608221 -0.793768 0
    outer loop
      vertex 15.2215 25.3357 3
      vertex 15.3323 25.4206 10
      vertex 15.2215 25.3357 10
    endloop
  endfacet
  facet normal 0.608221 -0.793768 0
    outer loop
      vertex 15.3323 25.4206 10
      vertex 15.2215 25.3357 3
      vertex 15.3323 25.4206 3
    endloop
  endfacet
  facet normal 0.537385 -0.843337 0
    outer loop
      vertex 15.3323 25.4206 3
      vertex 15.45 25.4956 10
      vertex 15.3323 25.4206 10
    endloop
  endfacet
  facet normal 0.537385 -0.843337 0
    outer loop
      vertex 15.45 25.4956 10
      vertex 15.3323 25.4206 3
      vertex 15.45 25.4956 3
    endloop
  endfacet
  facet normal -0.462052 -0.886853 0
    outer loop
      vertex 16.9262 25.5601 3
      vertex 17.05 25.4956 10
      vertex 16.9262 25.5601 10
    endloop
  endfacet
  facet normal -0.462052 -0.886853 -0
    outer loop
      vertex 17.05 25.4956 10
      vertex 16.9262 25.5601 3
      vertex 17.05 25.4956 3
    endloop
  endfacet
  facet normal 0.462052 -0.886853 0
    outer loop
      vertex 15.45 25.4956 3
      vertex 15.5738 25.5601 10
      vertex 15.45 25.4956 10
    endloop
  endfacet
  facet normal 0.462052 -0.886853 0
    outer loop
      vertex 15.5738 25.5601 10
      vertex 15.45 25.4956 3
      vertex 15.5738 25.5601 3
    endloop
  endfacet
  facet normal 0.382478 -0.923964 0
    outer loop
      vertex 15.5738 25.5601 3
      vertex 15.7028 25.6135 10
      vertex 15.5738 25.5601 10
    endloop
  endfacet
  facet normal 0.382478 -0.923964 0
    outer loop
      vertex 15.7028 25.6135 10
      vertex 15.5738 25.5601 3
      vertex 15.7028 25.6135 3
    endloop
  endfacet
  facet normal 0.793768 -0.608221 0
    outer loop
      vertex 14.9394 25.0277 10
      vertex 15.0243 25.1385 3
      vertex 15.0243 25.1385 10
    endloop
  endfacet
  facet normal 0.793768 -0.608221 0
    outer loop
      vertex 15.0243 25.1385 3
      vertex 14.9394 25.0277 10
      vertex 14.9394 25.0277 3
    endloop
  endfacet
  facet normal -0.923964 0.382478 0
    outer loop
      vertex 17.7001 23.4338 3
      vertex 17.7535 23.5628 10
      vertex 17.7535 23.5628 3
    endloop
  endfacet
  facet normal -0.923964 0.382478 0
    outer loop
      vertex 17.7535 23.5628 10
      vertex 17.7001 23.4338 3
      vertex 17.7001 23.4338 10
    endloop
  endfacet
  facet normal -0.923964 -0.382478 0
    outer loop
      vertex 17.7535 24.6572 3
      vertex 17.7001 24.7862 10
      vertex 17.7001 24.7862 3
    endloop
  endfacet
  facet normal -0.923964 -0.382478 0
    outer loop
      vertex 17.7001 24.7862 10
      vertex 17.7535 24.6572 3
      vertex 17.7535 24.6572 10
    endloop
  endfacet
  facet normal -0.537385 -0.843337 0
    outer loop
      vertex 17.05 25.4956 3
      vertex 17.1677 25.4206 10
      vertex 17.05 25.4956 10
    endloop
  endfacet
  facet normal -0.537385 -0.843337 -0
    outer loop
      vertex 17.1677 25.4206 10
      vertex 17.05 25.4956 3
      vertex 17.1677 25.4206 3
    endloop
  endfacet
  facet normal 0.999044 0.0437171 0
    outer loop
      vertex 14.6561 23.9706 10
      vertex 14.65 24.11 3
      vertex 14.65 24.11 10
    endloop
  endfacet
  facet normal 0.999044 0.0437171 0
    outer loop
      vertex 14.65 24.11 3
      vertex 14.6561 23.9706 10
      vertex 14.6561 23.9706 3
    endloop
  endfacet
  facet normal 0.886853 0.462052 0
    outer loop
      vertex 14.8644 23.31 10
      vertex 14.7999 23.4338 3
      vertex 14.7999 23.4338 10
    endloop
  endfacet
  facet normal 0.886853 0.462052 0
    outer loop
      vertex 14.7999 23.4338 3
      vertex 14.8644 23.31 10
      vertex 14.8644 23.31 3
    endloop
  endfacet
  facet normal 0.976322 -0.216324 0
    outer loop
      vertex 14.6743 24.3878 10
      vertex 14.7045 24.5241 3
      vertex 14.7045 24.5241 10
    endloop
  endfacet
  facet normal 0.976322 -0.216324 0
    outer loop
      vertex 14.7045 24.5241 3
      vertex 14.6743 24.3878 10
      vertex 14.6743 24.3878 3
    endloop
  endfacet
  facet normal 0.991464 -0.13038 0
    outer loop
      vertex 14.6561 24.2494 10
      vertex 14.6743 24.3878 3
      vertex 14.6743 24.3878 10
    endloop
  endfacet
  facet normal 0.991464 -0.13038 0
    outer loop
      vertex 14.6743 24.3878 3
      vertex 14.6561 24.2494 10
      vertex 14.6561 24.2494 3
    endloop
  endfacet
  facet normal -0.300926 0.953648 0
    outer loop
      vertex 16.7972 22.6065 3
      vertex 16.6641 22.5645 10
      vertex 16.7972 22.6065 10
    endloop
  endfacet
  facet normal -0.300926 0.953648 0
    outer loop
      vertex 16.6641 22.5645 10
      vertex 16.7972 22.6065 3
      vertex 16.6641 22.5645 3
    endloop
  endfacet
  facet normal 0.300926 -0.953648 0
    outer loop
      vertex 15.7028 25.6135 3
      vertex 15.8359 25.6555 10
      vertex 15.7028 25.6135 10
    endloop
  endfacet
  facet normal 0.300926 -0.953648 0
    outer loop
      vertex 15.8359 25.6555 10
      vertex 15.7028 25.6135 3
      vertex 15.8359 25.6555 3
    endloop
  endfacet
  facet normal -0.382478 -0.923964 0
    outer loop
      vertex 16.7972 25.6135 3
      vertex 16.9262 25.5601 10
      vertex 16.7972 25.6135 10
    endloop
  endfacet
  facet normal -0.382478 -0.923964 -0
    outer loop
      vertex 16.9262 25.5601 10
      vertex 16.7972 25.6135 3
      vertex 16.9262 25.5601 3
    endloop
  endfacet
  facet normal -0.976322 0.216324 0
    outer loop
      vertex 17.7955 23.6959 3
      vertex 17.8257 23.8322 10
      vertex 17.8257 23.8322 3
    endloop
  endfacet
  facet normal -0.976322 0.216324 0
    outer loop
      vertex 17.8257 23.8322 10
      vertex 17.7955 23.6959 3
      vertex 17.7955 23.6959 10
    endloop
  endfacet
  facet normal 0.462052 0.886853 -0
    outer loop
      vertex 15.5738 22.6599 3
      vertex 15.45 22.7244 10
      vertex 15.5738 22.6599 10
    endloop
  endfacet
  facet normal 0.462052 0.886853 0
    outer loop
      vertex 15.45 22.7244 10
      vertex 15.5738 22.6599 3
      vertex 15.45 22.7244 3
    endloop
  endfacet
  facet normal -0.843337 -0.537385 0
    outer loop
      vertex 17.6356 24.91 3
      vertex 17.5606 25.0277 10
      vertex 17.5606 25.0277 3
    endloop
  endfacet
  facet normal -0.843337 -0.537385 0
    outer loop
      vertex 17.5606 25.0277 10
      vertex 17.6356 24.91 3
      vertex 17.6356 24.91 10
    endloop
  endfacet
  facet normal -0.0436859 0.999045 0
    outer loop
      vertex 16.3895 22.5161 3
      vertex 16.25 22.51 10
      vertex 16.3895 22.5161 10
    endloop
  endfacet
  facet normal -0.0436859 0.999045 0
    outer loop
      vertex 16.25 22.51 10
      vertex 16.3895 22.5161 3
      vertex 16.25 22.51 3
    endloop
  endfacet
  facet normal -0.537385 0.843337 0
    outer loop
      vertex 17.1677 22.7994 3
      vertex 17.05 22.7244 10
      vertex 17.1677 22.7994 10
    endloop
  endfacet
  facet normal -0.537385 0.843337 0
    outer loop
      vertex 17.05 22.7244 10
      vertex 17.1677 22.7994 3
      vertex 17.05 22.7244 3
    endloop
  endfacet
  facet normal 0.675627 0.737243 -0
    outer loop
      vertex 15.2215 22.8843 3
      vertex 15.1186 22.9786 10
      vertex 15.2215 22.8843 10
    endloop
  endfacet
  facet normal 0.675627 0.737243 0
    outer loop
      vertex 15.1186 22.9786 10
      vertex 15.2215 22.8843 3
      vertex 15.1186 22.9786 3
    endloop
  endfacet
  facet normal 0.737243 -0.675627 0
    outer loop
      vertex 15.0243 25.1385 10
      vertex 15.1186 25.2414 3
      vertex 15.1186 25.2414 10
    endloop
  endfacet
  facet normal 0.737243 -0.675627 0
    outer loop
      vertex 15.1186 25.2414 3
      vertex 15.0243 25.1385 10
      vertex 15.0243 25.1385 3
    endloop
  endfacet
  facet normal 0.976322 0.216324 0
    outer loop
      vertex 14.7045 23.6959 10
      vertex 14.6743 23.8322 3
      vertex 14.6743 23.8322 10
    endloop
  endfacet
  facet normal 0.976322 0.216324 0
    outer loop
      vertex 14.6743 23.8322 3
      vertex 14.7045 23.6959 10
      vertex 14.7045 23.6959 3
    endloop
  endfacet
  facet normal -0.130473 0.991452 0
    outer loop
      vertex 16.5278 22.5343 3
      vertex 16.3895 22.5161 10
      vertex 16.5278 22.5343 10
    endloop
  endfacet
  facet normal -0.130473 0.991452 0
    outer loop
      vertex 16.3895 22.5161 10
      vertex 16.5278 22.5343 3
      vertex 16.3895 22.5161 3
    endloop
  endfacet
  facet normal 0.675627 -0.737243 0
    outer loop
      vertex 15.1186 25.2414 3
      vertex 15.2215 25.3357 10
      vertex 15.1186 25.2414 10
    endloop
  endfacet
  facet normal 0.675627 -0.737243 0
    outer loop
      vertex 15.2215 25.3357 10
      vertex 15.1186 25.2414 3
      vertex 15.2215 25.3357 3
    endloop
  endfacet
  facet normal 0.923964 0.382478 0
    outer loop
      vertex 14.7999 23.4338 10
      vertex 14.7465 23.5628 3
      vertex 14.7465 23.5628 10
    endloop
  endfacet
  facet normal 0.923964 0.382478 0
    outer loop
      vertex 14.7465 23.5628 3
      vertex 14.7999 23.4338 10
      vertex 14.7999 23.4338 3
    endloop
  endfacet
  facet normal -0.991464 0.13038 0
    outer loop
      vertex 17.8257 23.8322 3
      vertex 17.8439 23.9706 10
      vertex 17.8439 23.9706 3
    endloop
  endfacet
  facet normal -0.991464 0.13038 0
    outer loop
      vertex 17.8439 23.9706 10
      vertex 17.8257 23.8322 3
      vertex 17.8257 23.8322 10
    endloop
  endfacet
  facet normal -0.999044 0.0437171 0
    outer loop
      vertex 17.8439 23.9706 3
      vertex 17.85 24.11 10
      vertex 17.85 24.11 3
    endloop
  endfacet
  facet normal -0.999044 0.0437171 0
    outer loop
      vertex 17.85 24.11 10
      vertex 17.8439 23.9706 3
      vertex 17.8439 23.9706 10
    endloop
  endfacet
  facet normal -0.953648 -0.300926 0
    outer loop
      vertex 17.7955 24.5241 3
      vertex 17.7535 24.6572 10
      vertex 17.7535 24.6572 3
    endloop
  endfacet
  facet normal -0.953648 -0.300926 0
    outer loop
      vertex 17.7535 24.6572 10
      vertex 17.7955 24.5241 3
      vertex 17.7955 24.5241 10
    endloop
  endfacet
  facet normal -0.793768 0.608221 0
    outer loop
      vertex 17.4757 23.0815 3
      vertex 17.5606 23.1923 10
      vertex 17.5606 23.1923 3
    endloop
  endfacet
  facet normal -0.793768 0.608221 0
    outer loop
      vertex 17.5606 23.1923 10
      vertex 17.4757 23.0815 3
      vertex 17.4757 23.0815 10
    endloop
  endfacet
  facet normal -0.216324 -0.976322 0
    outer loop
      vertex 16.5278 25.6857 3
      vertex 16.6641 25.6555 10
      vertex 16.5278 25.6857 10
    endloop
  endfacet
  facet normal -0.216324 -0.976322 -0
    outer loop
      vertex 16.6641 25.6555 10
      vertex 16.5278 25.6857 3
      vertex 16.6641 25.6555 3
    endloop
  endfacet
  facet normal 0.991464 0.13038 0
    outer loop
      vertex 14.6743 23.8322 10
      vertex 14.6561 23.9706 3
      vertex 14.6561 23.9706 10
    endloop
  endfacet
  facet normal 0.991464 0.13038 0
    outer loop
      vertex 14.6561 23.9706 3
      vertex 14.6743 23.8322 10
      vertex 14.6743 23.8322 3
    endloop
  endfacet
  facet normal -0.300926 -0.953648 0
    outer loop
      vertex 16.6641 25.6555 3
      vertex 16.7972 25.6135 10
      vertex 16.6641 25.6555 10
    endloop
  endfacet
  facet normal -0.300926 -0.953648 -0
    outer loop
      vertex 16.7972 25.6135 10
      vertex 16.6641 25.6555 3
      vertex 16.7972 25.6135 3
    endloop
  endfacet
  facet normal -0.216324 0.976322 0
    outer loop
      vertex 16.6641 22.5645 3
      vertex 16.5278 22.5343 10
      vertex 16.6641 22.5645 10
    endloop
  endfacet
  facet normal -0.216324 0.976322 0
    outer loop
      vertex 16.5278 22.5343 10
      vertex 16.6641 22.5645 3
      vertex 16.5278 22.5343 3
    endloop
  endfacet
  facet normal -0.0436859 -0.999045 0
    outer loop
      vertex 16.25 25.71 3
      vertex 16.3895 25.7039 10
      vertex 16.25 25.71 10
    endloop
  endfacet
  facet normal -0.0436859 -0.999045 -0
    outer loop
      vertex 16.3895 25.7039 10
      vertex 16.25 25.71 3
      vertex 16.3895 25.7039 3
    endloop
  endfacet
  facet normal -0.886853 -0.462052 0
    outer loop
      vertex 17.7001 24.7862 3
      vertex 17.6356 24.91 10
      vertex 17.6356 24.91 3
    endloop
  endfacet
  facet normal -0.886853 -0.462052 0
    outer loop
      vertex 17.6356 24.91 10
      vertex 17.7001 24.7862 3
      vertex 17.7001 24.7862 10
    endloop
  endfacet
  facet normal 0.843337 -0.537385 0
    outer loop
      vertex 14.8644 24.91 10
      vertex 14.9394 25.0277 3
      vertex 14.9394 25.0277 10
    endloop
  endfacet
  facet normal 0.843337 -0.537385 0
    outer loop
      vertex 14.9394 25.0277 3
      vertex 14.8644 24.91 10
      vertex 14.8644 24.91 3
    endloop
  endfacet
  facet normal 0.886853 -0.462052 0
    outer loop
      vertex 14.7999 24.7862 10
      vertex 14.8644 24.91 3
      vertex 14.8644 24.91 10
    endloop
  endfacet
  facet normal 0.886853 -0.462052 0
    outer loop
      vertex 14.8644 24.91 3
      vertex 14.7999 24.7862 10
      vertex 14.7999 24.7862 3
    endloop
  endfacet
  facet normal -0.462052 0.886853 0
    outer loop
      vertex 17.05 22.7244 3
      vertex 16.9262 22.6599 10
      vertex 17.05 22.7244 10
    endloop
  endfacet
  facet normal -0.462052 0.886853 0
    outer loop
      vertex 16.9262 22.6599 10
      vertex 17.05 22.7244 3
      vertex 16.9262 22.6599 3
    endloop
  endfacet
  facet normal 0.216324 -0.976322 0
    outer loop
      vertex 15.8359 25.6555 3
      vertex 15.9722 25.6857 10
      vertex 15.8359 25.6555 10
    endloop
  endfacet
  facet normal 0.216324 -0.976322 0
    outer loop
      vertex 15.9722 25.6857 10
      vertex 15.8359 25.6555 3
      vertex 15.9722 25.6857 3
    endloop
  endfacet
  facet normal 0.130473 -0.991452 0
    outer loop
      vertex 15.9722 25.6857 3
      vertex 16.1105 25.7039 10
      vertex 15.9722 25.6857 10
    endloop
  endfacet
  facet normal 0.130473 -0.991452 0
    outer loop
      vertex 16.1105 25.7039 10
      vertex 15.9722 25.6857 3
      vertex 16.1105 25.7039 3
    endloop
  endfacet
  facet normal -0.675627 -0.737243 0
    outer loop
      vertex 17.2785 25.3357 3
      vertex 17.3814 25.2414 10
      vertex 17.2785 25.3357 10
    endloop
  endfacet
  facet normal -0.675627 -0.737243 -0
    outer loop
      vertex 17.3814 25.2414 10
      vertex 17.2785 25.3357 3
      vertex 17.3814 25.2414 3
    endloop
  endfacet
  facet normal 0.843337 0.537385 0
    outer loop
      vertex 14.9394 23.1923 10
      vertex 14.8644 23.31 3
      vertex 14.8644 23.31 10
    endloop
  endfacet
  facet normal 0.843337 0.537385 0
    outer loop
      vertex 14.8644 23.31 3
      vertex 14.9394 23.1923 10
      vertex 14.9394 23.1923 3
    endloop
  endfacet
  facet normal 0.0436859 -0.999045 0
    outer loop
      vertex 16.1105 25.7039 3
      vertex 16.25 25.71 10
      vertex 16.1105 25.7039 10
    endloop
  endfacet
  facet normal 0.0436859 -0.999045 0
    outer loop
      vertex 16.25 25.71 10
      vertex 16.1105 25.7039 3
      vertex 16.25 25.71 3
    endloop
  endfacet
  facet normal -0.675627 0.737243 0
    outer loop
      vertex 17.3814 22.9786 3
      vertex 17.2785 22.8843 10
      vertex 17.3814 22.9786 10
    endloop
  endfacet
  facet normal -0.675627 0.737243 0
    outer loop
      vertex 17.2785 22.8843 10
      vertex 17.3814 22.9786 3
      vertex 17.2785 22.8843 3
    endloop
  endfacet
  facet normal 0.737243 0.675627 0
    outer loop
      vertex 15.1186 22.9786 10
      vertex 15.0243 23.0815 3
      vertex 15.0243 23.0815 10
    endloop
  endfacet
  facet normal 0.737243 0.675627 0
    outer loop
      vertex 15.0243 23.0815 3
      vertex 15.1186 22.9786 10
      vertex 15.1186 22.9786 3
    endloop
  endfacet
  facet normal 0.793768 0.608221 0
    outer loop
      vertex 15.0243 23.0815 10
      vertex 14.9394 23.1923 3
      vertex 14.9394 23.1923 10
    endloop
  endfacet
  facet normal 0.793768 0.608221 0
    outer loop
      vertex 14.9394 23.1923 3
      vertex 15.0243 23.0815 10
      vertex 15.0243 23.0815 3
    endloop
  endfacet
  facet normal 0.300926 0.953648 -0
    outer loop
      vertex 15.8359 22.5645 3
      vertex 15.7028 22.6065 10
      vertex 15.8359 22.5645 10
    endloop
  endfacet
  facet normal 0.300926 0.953648 0
    outer loop
      vertex 15.7028 22.6065 10
      vertex 15.8359 22.5645 3
      vertex 15.7028 22.6065 3
    endloop
  endfacet
  facet normal -0.382478 0.923964 0
    outer loop
      vertex 16.9262 22.6599 3
      vertex 16.7972 22.6065 10
      vertex 16.9262 22.6599 10
    endloop
  endfacet
  facet normal -0.382478 0.923964 0
    outer loop
      vertex 16.7972 22.6065 10
      vertex 16.9262 22.6599 3
      vertex 16.7972 22.6065 3
    endloop
  endfacet
  facet normal -0.843337 0.537385 0
    outer loop
      vertex 17.5606 23.1923 3
      vertex 17.6356 23.31 10
      vertex 17.6356 23.31 3
    endloop
  endfacet
  facet normal -0.843337 0.537385 0
    outer loop
      vertex 17.6356 23.31 10
      vertex 17.5606 23.1923 3
      vertex 17.5606 23.1923 10
    endloop
  endfacet
  facet normal -0.886853 0.462052 0
    outer loop
      vertex 17.6356 23.31 3
      vertex 17.7001 23.4338 10
      vertex 17.7001 23.4338 3
    endloop
  endfacet
  facet normal -0.886853 0.462052 0
    outer loop
      vertex 17.7001 23.4338 10
      vertex 17.6356 23.31 3
      vertex 17.6356 23.31 10
    endloop
  endfacet
  facet normal -0.953648 0.300926 0
    outer loop
      vertex 17.7535 23.5628 3
      vertex 17.7955 23.6959 10
      vertex 17.7955 23.6959 3
    endloop
  endfacet
  facet normal -0.953648 0.300926 0
    outer loop
      vertex 17.7955 23.6959 10
      vertex 17.7535 23.5628 3
      vertex 17.7535 23.5628 10
    endloop
  endfacet
  facet normal 0.0436859 0.999045 -0
    outer loop
      vertex 16.25 22.51 3
      vertex 16.1105 22.5161 10
      vertex 16.25 22.51 10
    endloop
  endfacet
  facet normal 0.0436859 0.999045 0
    outer loop
      vertex 16.1105 22.5161 10
      vertex 16.25 22.51 3
      vertex 16.1105 22.5161 3
    endloop
  endfacet
  facet normal 0.923964 -0.382478 0
    outer loop
      vertex 14.7465 24.6572 10
      vertex 14.7999 24.7862 3
      vertex 14.7999 24.7862 10
    endloop
  endfacet
  facet normal 0.923964 -0.382478 0
    outer loop
      vertex 14.7999 24.7862 3
      vertex 14.7465 24.6572 10
      vertex 14.7465 24.6572 3
    endloop
  endfacet
  facet normal 0.953648 -0.300926 0
    outer loop
      vertex 14.7045 24.5241 10
      vertex 14.7465 24.6572 3
      vertex 14.7465 24.6572 10
    endloop
  endfacet
  facet normal 0.953648 -0.300926 0
    outer loop
      vertex 14.7465 24.6572 3
      vertex 14.7045 24.5241 10
      vertex 14.7045 24.5241 3
    endloop
  endfacet
  facet normal -0.608221 0.793768 0
    outer loop
      vertex 17.2785 22.8843 3
      vertex 17.1677 22.7994 10
      vertex 17.2785 22.8843 10
    endloop
  endfacet
  facet normal -0.608221 0.793768 0
    outer loop
      vertex 17.1677 22.7994 10
      vertex 17.2785 22.8843 3
      vertex 17.1677 22.7994 3
    endloop
  endfacet
  facet normal -0.737243 -0.675627 0
    outer loop
      vertex 17.4757 25.1385 3
      vertex 17.3814 25.2414 10
      vertex 17.3814 25.2414 3
    endloop
  endfacet
  facet normal -0.737243 -0.675627 0
    outer loop
      vertex 17.3814 25.2414 10
      vertex 17.4757 25.1385 3
      vertex 17.4757 25.1385 10
    endloop
  endfacet
  facet normal 0.999044 -0.0437171 0
    outer loop
      vertex 14.65 24.11 10
      vertex 14.6561 24.2494 3
      vertex 14.6561 24.2494 10
    endloop
  endfacet
  facet normal 0.999044 -0.0437171 0
    outer loop
      vertex 14.6561 24.2494 3
      vertex 14.65 24.11 10
      vertex 14.65 24.11 3
    endloop
  endfacet
  facet normal 0.608221 0.793768 -0
    outer loop
      vertex 15.3323 22.7994 3
      vertex 15.2215 22.8843 10
      vertex 15.3323 22.7994 10
    endloop
  endfacet
  facet normal 0.608221 0.793768 0
    outer loop
      vertex 15.2215 22.8843 10
      vertex 15.3323 22.7994 3
      vertex 15.2215 22.8843 3
    endloop
  endfacet
  facet normal 0.953648 0.300926 0
    outer loop
      vertex 14.7465 23.5628 10
      vertex 14.7045 23.6959 3
      vertex 14.7045 23.6959 10
    endloop
  endfacet
  facet normal 0.953648 0.300926 0
    outer loop
      vertex 14.7045 23.6959 3
      vertex 14.7465 23.5628 10
      vertex 14.7465 23.5628 3
    endloop
  endfacet
  facet normal -0.130473 -0.991452 0
    outer loop
      vertex 16.3895 25.7039 3
      vertex 16.5278 25.6857 10
      vertex 16.3895 25.7039 10
    endloop
  endfacet
  facet normal -0.130473 -0.991452 -0
    outer loop
      vertex 16.5278 25.6857 10
      vertex 16.3895 25.7039 3
      vertex 16.5278 25.6857 3
    endloop
  endfacet
  facet normal 0.537385 0.843337 -0
    outer loop
      vertex 15.45 22.7244 3
      vertex 15.3323 22.7994 10
      vertex 15.45 22.7244 10
    endloop
  endfacet
  facet normal 0.537385 0.843337 0
    outer loop
      vertex 15.3323 22.7994 10
      vertex 15.45 22.7244 3
      vertex 15.3323 22.7994 3
    endloop
  endfacet
  facet normal 0.382478 0.923964 -0
    outer loop
      vertex 15.7028 22.6065 3
      vertex 15.5738 22.6599 10
      vertex 15.7028 22.6065 10
    endloop
  endfacet
  facet normal 0.382478 0.923964 0
    outer loop
      vertex 15.5738 22.6599 10
      vertex 15.7028 22.6065 3
      vertex 15.5738 22.6599 3
    endloop
  endfacet
  facet normal 0.130473 0.991452 -0
    outer loop
      vertex 16.1105 22.5161 3
      vertex 15.9722 22.5343 10
      vertex 16.1105 22.5161 10
    endloop
  endfacet
  facet normal 0.130473 0.991452 0
    outer loop
      vertex 15.9722 22.5343 10
      vertex 16.1105 22.5161 3
      vertex 15.9722 22.5343 3
    endloop
  endfacet
  facet normal 0.216324 0.976322 -0
    outer loop
      vertex 15.9722 22.5343 3
      vertex 15.8359 22.5645 10
      vertex 15.9722 22.5343 10
    endloop
  endfacet
  facet normal 0.216324 0.976322 0
    outer loop
      vertex 15.8359 22.5645 10
      vertex 15.9722 22.5343 3
      vertex 15.8359 22.5645 3
    endloop
  endfacet
  facet normal -0.793768 -0.608221 0
    outer loop
      vertex 17.5606 25.0277 3
      vertex 17.4757 25.1385 10
      vertex 17.4757 25.1385 3
    endloop
  endfacet
  facet normal -0.793768 -0.608221 0
    outer loop
      vertex 17.4757 25.1385 10
      vertex 17.5606 25.0277 3
      vertex 17.5606 25.0277 10
    endloop
  endfacet
  facet normal 0.991278 0.131788 0
    outer loop
      vertex 234.735 24.2086 10
      vertex 234.689 24.5546 3
      vertex 234.689 24.5546 10
    endloop
  endfacet
  facet normal 0.991278 0.131788 0
    outer loop
      vertex 234.689 24.5546 3
      vertex 234.735 24.2086 10
      vertex 234.735 24.2086 3
    endloop
  endfacet
  facet normal 0.999076 0.0429895 0
    outer loop
      vertex 234.75 23.86 10
      vertex 234.735 24.2086 3
      vertex 234.735 24.2086 10
    endloop
  endfacet
  facet normal 0.999076 0.0429895 0
    outer loop
      vertex 234.735 24.2086 3
      vertex 234.75 23.86 10
      vertex 234.75 23.86 3
    endloop
  endfacet
  facet normal 0.976617 0.214988 0
    outer loop
      vertex 234.689 24.5546 10
      vertex 234.614 24.8953 3
      vertex 234.614 24.8953 10
    endloop
  endfacet
  facet normal 0.976617 0.214988 0
    outer loop
      vertex 234.614 24.8953 3
      vertex 234.689 24.5546 10
      vertex 234.689 24.5546 3
    endloop
  endfacet
  facet normal 0.38323 -0.923653 0
    outer loop
      vertex 232.118 20.1012 3
      vertex 232.44 20.2348 10
      vertex 232.118 20.1012 10
    endloop
  endfacet
  facet normal 0.38323 -0.923653 0
    outer loop
      vertex 232.44 20.2348 10
      vertex 232.118 20.1012 3
      vertex 232.44 20.2348 3
    endloop
  endfacet
  facet normal -0.844027 -0.5363 0
    outer loop
      vertex 227.473 21.5657 3
      vertex 227.286 21.86 10
      vertex 227.286 21.86 3
    endloop
  endfacet
  facet normal -0.844027 -0.5363 0
    outer loop
      vertex 227.286 21.86 10
      vertex 227.473 21.5657 3
      vertex 227.473 21.5657 10
    endloop
  endfacet
  facet normal -0.844027 0.5363 0
    outer loop
      vertex 227.286 25.86 3
      vertex 227.473 26.1543 10
      vertex 227.473 26.1543 3
    endloop
  endfacet
  facet normal -0.844027 0.5363 0
    outer loop
      vertex 227.473 26.1543 10
      vertex 227.286 25.86 3
      vertex 227.286 25.86 10
    endloop
  endfacet
  facet normal 0.30046 0.953795 -0
    outer loop
      vertex 232.118 27.6188 3
      vertex 231.785 27.7237 10
      vertex 232.118 27.6188 10
    endloop
  endfacet
  facet normal 0.30046 0.953795 0
    outer loop
      vertex 231.785 27.7237 10
      vertex 232.118 27.6188 3
      vertex 231.785 27.7237 3
    endloop
  endfacet
  facet normal -0.30046 0.953795 0
    outer loop
      vertex 229.715 27.7237 3
      vertex 229.382 27.6188 10
      vertex 229.715 27.7237 10
    endloop
  endfacet
  facet normal -0.30046 0.953795 0
    outer loop
      vertex 229.382 27.6188 10
      vertex 229.715 27.7237 3
      vertex 229.382 27.6188 3
    endloop
  endfacet
  facet normal 0.130662 -0.991427 0
    outer loop
      vertex 231.099 19.8752 3
      vertex 231.445 19.9208 10
      vertex 231.099 19.8752 10
    endloop
  endfacet
  facet normal 0.130662 -0.991427 0
    outer loop
      vertex 231.445 19.9208 10
      vertex 231.099 19.8752 3
      vertex 231.445 19.9208 3
    endloop
  endfacet
  facet normal -0.953661 0.300885 0
    outer loop
      vertex 226.886 24.8953 3
      vertex 226.991 25.2281 10
      vertex 226.991 25.2281 3
    endloop
  endfacet
  facet normal -0.953661 0.300885 0
    outer loop
      vertex 226.991 25.2281 10
      vertex 226.886 24.8953 3
      vertex 226.886 24.8953 10
    endloop
  endfacet
  facet normal 0.608492 0.79356 -0
    outer loop
      vertex 233.321 26.9242 3
      vertex 233.044 27.1366 10
      vertex 233.321 26.9242 10
    endloop
  endfacet
  facet normal 0.608492 0.79356 0
    outer loop
      vertex 233.044 27.1366 10
      vertex 233.321 26.9242 3
      vertex 233.044 27.1366 3
    endloop
  endfacet
  facet normal 0.130662 0.991427 -0
    outer loop
      vertex 231.445 27.7992 3
      vertex 231.099 27.8448 10
      vertex 231.445 27.7992 10
    endloop
  endfacet
  facet normal 0.130662 0.991427 0
    outer loop
      vertex 231.099 27.8448 10
      vertex 231.445 27.7992 3
      vertex 231.099 27.8448 3
    endloop
  endfacet
  facet normal -0.923416 -0.383802 0
    outer loop
      vertex 227.125 22.1695 3
      vertex 226.991 22.4919 10
      vertex 226.991 22.4919 3
    endloop
  endfacet
  facet normal -0.923416 -0.383802 0
    outer loop
      vertex 226.991 22.4919 10
      vertex 227.125 22.1695 3
      vertex 227.125 22.1695 10
    endloop
  endfacet
  facet normal 0.792518 -0.609849 0
    outer loop
      vertex 233.814 21.2889 10
      vertex 234.027 21.5657 3
      vertex 234.027 21.5657 10
    endloop
  endfacet
  facet normal 0.792518 -0.609849 0
    outer loop
      vertex 234.027 21.5657 3
      vertex 233.814 21.2889 10
      vertex 233.814 21.2889 3
    endloop
  endfacet
  facet normal -0.953661 -0.300885 0
    outer loop
      vertex 226.991 22.4919 3
      vertex 226.886 22.8247 10
      vertex 226.886 22.8247 3
    endloop
  endfacet
  facet normal -0.953661 -0.300885 0
    outer loop
      vertex 226.886 22.8247 10
      vertex 226.991 22.4919 3
      vertex 226.991 22.4919 10
    endloop
  endfacet
  facet normal 0.976617 -0.214988 0
    outer loop
      vertex 234.614 22.8247 10
      vertex 234.689 23.1654 3
      vertex 234.689 23.1654 10
    endloop
  endfacet
  facet normal 0.976617 -0.214988 0
    outer loop
      vertex 234.689 23.1654 3
      vertex 234.614 22.8247 10
      vertex 234.614 22.8247 3
    endloop
  endfacet
  facet normal -0.461127 -0.887334 0
    outer loop
      vertex 228.75 20.3959 3
      vertex 229.06 20.2348 10
      vertex 228.75 20.3959 10
    endloop
  endfacet
  facet normal -0.461127 -0.887334 -0
    outer loop
      vertex 229.06 20.2348 10
      vertex 228.75 20.3959 3
      vertex 229.06 20.2348 3
    endloop
  endfacet
  facet normal -0.792518 -0.609849 0
    outer loop
      vertex 227.686 21.2889 3
      vertex 227.473 21.5657 10
      vertex 227.473 21.5657 3
    endloop
  endfacet
  facet normal -0.792518 -0.609849 0
    outer loop
      vertex 227.473 21.5657 10
      vertex 227.686 21.2889 3
      vertex 227.686 21.2889 10
    endloop
  endfacet
  facet normal 0.461127 0.887334 -0
    outer loop
      vertex 232.75 27.3241 3
      vertex 232.44 27.4852 10
      vertex 232.75 27.3241 10
    endloop
  endfacet
  facet normal 0.461127 0.887334 0
    outer loop
      vertex 232.44 27.4852 10
      vertex 232.75 27.3241 3
      vertex 232.44 27.4852 3
    endloop
  endfacet
  facet normal 0.0435118 0.999053 -0
    outer loop
      vertex 231.099 27.8448 3
      vertex 230.75 27.86 10
      vertex 231.099 27.8448 10
    endloop
  endfacet
  facet normal 0.0435118 0.999053 0
    outer loop
      vertex 230.75 27.86 10
      vertex 231.099 27.8448 3
      vertex 230.75 27.86 3
    endloop
  endfacet
  facet normal 0.736821 0.676088 0
    outer loop
      vertex 233.814 26.4312 10
      vertex 233.578 26.6884 3
      vertex 233.578 26.6884 10
    endloop
  endfacet
  facet normal 0.736821 0.676088 0
    outer loop
      vertex 233.578 26.6884 3
      vertex 233.814 26.4312 10
      vertex 233.814 26.4312 3
    endloop
  endfacet
  facet normal 0.53771 0.84313 -0
    outer loop
      vertex 233.044 27.1366 3
      vertex 232.75 27.3241 10
      vertex 233.044 27.1366 10
    endloop
  endfacet
  facet normal 0.53771 0.84313 0
    outer loop
      vertex 232.75 27.3241 10
      vertex 233.044 27.1366 3
      vertex 232.75 27.3241 3
    endloop
  endfacet
  facet normal -0.216778 0.976221 0
    outer loop
      vertex 230.055 27.7992 3
      vertex 229.715 27.7237 10
      vertex 230.055 27.7992 10
    endloop
  endfacet
  facet normal -0.216778 0.976221 0
    outer loop
      vertex 229.715 27.7237 10
      vertex 230.055 27.7992 3
      vertex 229.715 27.7237 3
    endloop
  endfacet
  facet normal -0.608492 0.79356 0
    outer loop
      vertex 228.456 27.1366 3
      vertex 228.179 26.9242 10
      vertex 228.456 27.1366 10
    endloop
  endfacet
  facet normal -0.608492 0.79356 0
    outer loop
      vertex 228.179 26.9242 10
      vertex 228.456 27.1366 3
      vertex 228.179 26.9242 3
    endloop
  endfacet
  facet normal 0.953661 0.300885 0
    outer loop
      vertex 234.614 24.8953 10
      vertex 234.509 25.2281 3
      vertex 234.509 25.2281 10
    endloop
  endfacet
  facet normal 0.953661 0.300885 0
    outer loop
      vertex 234.509 25.2281 3
      vertex 234.614 24.8953 10
      vertex 234.614 24.8953 3
    endloop
  endfacet
  facet normal -0.608492 -0.79356 0
    outer loop
      vertex 228.179 20.7958 3
      vertex 228.456 20.5834 10
      vertex 228.179 20.7958 10
    endloop
  endfacet
  facet normal -0.608492 -0.79356 -0
    outer loop
      vertex 228.456 20.5834 10
      vertex 228.179 20.7958 3
      vertex 228.456 20.5834 3
    endloop
  endfacet
  facet normal 0.923416 -0.383802 0
    outer loop
      vertex 234.375 22.1695 10
      vertex 234.509 22.4919 3
      vertex 234.509 22.4919 10
    endloop
  endfacet
  facet normal 0.923416 -0.383802 0
    outer loop
      vertex 234.509 22.4919 3
      vertex 234.375 22.1695 10
      vertex 234.375 22.1695 3
    endloop
  endfacet
  facet normal 0.38323 0.923653 -0
    outer loop
      vertex 232.44 27.4852 3
      vertex 232.118 27.6188 10
      vertex 232.44 27.4852 10
    endloop
  endfacet
  facet normal 0.38323 0.923653 0
    outer loop
      vertex 232.118 27.6188 10
      vertex 232.44 27.4852 3
      vertex 232.118 27.6188 3
    endloop
  endfacet
  facet normal 0.216778 0.976221 -0
    outer loop
      vertex 231.785 27.7237 3
      vertex 231.445 27.7992 10
      vertex 231.785 27.7237 10
    endloop
  endfacet
  facet normal 0.216778 0.976221 0
    outer loop
      vertex 231.445 27.7992 10
      vertex 231.785 27.7237 3
      vertex 231.445 27.7992 3
    endloop
  endfacet
  facet normal -0.991278 0.131788 0
    outer loop
      vertex 226.765 24.2086 3
      vertex 226.811 24.5546 10
      vertex 226.811 24.5546 3
    endloop
  endfacet
  facet normal -0.991278 0.131788 0
    outer loop
      vertex 226.811 24.5546 10
      vertex 226.765 24.2086 3
      vertex 226.765 24.2086 10
    endloop
  endfacet
  facet normal 0 0 1
    outer loop
      vertex 232.35 23.86 10
      vertex 234.75 23.86 10
      vertex 234.735 24.2086 10
    endloop
  endfacet
  facet normal 0 0 1
    outer loop
      vertex 232.344 23.9994 10
      vertex 234.735 24.2086 10
      vertex 234.689 24.5546 10
    endloop
  endfacet
  facet normal 0 0 1
    outer loop
      vertex 234.75 23.86 10
      vertex 232.35 23.86 10
      vertex 234.735 23.5114 10
    endloop
  endfacet
  facet normal 0 0 1
    outer loop
      vertex 232.326 24.1378 10
      vertex 234.689 24.5546 10
      vertex 234.614 24.8953 10
    endloop
  endfacet
  facet normal -0 0 1
    outer loop
      vertex 232.344 23.7206 10
      vertex 234.735 23.5114 10
      vertex 232.35 23.86 10
    endloop
  endfacet
  facet normal 0 0 1
    outer loop
      vertex 232.295 24.2741 10
      vertex 234.614 24.8953 10
      vertex 234.509 25.2281 10
    endloop
  endfacet
  facet normal 0 0 1
    outer loop
      vertex 234.735 23.5114 10
      vertex 232.344 23.7206 10
      vertex 234.689 23.1654 10
    endloop
  endfacet
  facet normal 0 0 1
    outer loop
      vertex 232.254 24.4072 10
      vertex 234.509 25.2281 10
      vertex 234.375 25.5505 10
    endloop
  endfacet
  facet normal -0 0 1
    outer loop
      vertex 232.326 23.5822 10
      vertex 234.689 23.1654 10
      vertex 232.344 23.7206 10
    endloop
  endfacet
  facet normal 0 0 1
    outer loop
      vertex 232.2 24.5362 10
      vertex 234.375 25.5505 10
      vertex 234.214 25.86 10
    endloop
  endfacet
  facet normal 0 0 1
    outer loop
      vertex 234.689 23.1654 10
      vertex 232.326 23.5822 10
      vertex 234.614 22.8247 10
    endloop
  endfacet
  facet normal 0 0 1
    outer loop
      vertex 232.136 24.66 10
      vertex 234.214 25.86 10
      vertex 234.027 26.1543 10
    endloop
  endfacet
  facet normal -0 0 1
    outer loop
      vertex 232.295 23.4459 10
      vertex 234.614 22.8247 10
      vertex 232.326 23.5822 10
    endloop
  endfacet
  facet normal 0 0 1
    outer loop
      vertex 232.061 24.7777 10
      vertex 234.027 26.1543 10
      vertex 233.814 26.4312 10
    endloop
  endfacet
  facet normal 0 0 1
    outer loop
      vertex 234.614 22.8247 10
      vertex 232.295 23.4459 10
      vertex 234.509 22.4919 10
    endloop
  endfacet
  facet normal 0 0 1
    outer loop
      vertex 231.976 24.8885 10
      vertex 233.814 26.4312 10
      vertex 233.578 26.6884 10
    endloop
  endfacet
  facet normal -0 0 1
    outer loop
      vertex 232.254 23.3128 10
      vertex 234.509 22.4919 10
      vertex 232.295 23.4459 10
    endloop
  endfacet
  facet normal 0 0 1
    outer loop
      vertex 231.881 24.9914 10
      vertex 233.578 26.6884 10
      vertex 233.321 26.9242 10
    endloop
  endfacet
  facet normal 0 0 1
    outer loop
      vertex 234.509 22.4919 10
      vertex 232.254 23.3128 10
      vertex 234.375 22.1695 10
    endloop
  endfacet
  facet normal 0 0 1
    outer loop
      vertex 231.778 25.0857 10
      vertex 233.321 26.9242 10
      vertex 233.044 27.1366 10
    endloop
  endfacet
  facet normal -0 0 1
    outer loop
      vertex 232.2 23.1838 10
      vertex 234.375 22.1695 10
      vertex 232.254 23.3128 10
    endloop
  endfacet
  facet normal 0 0 1
    outer loop
      vertex 231.668 25.1706 10
      vertex 233.044 27.1366 10
      vertex 232.75 27.3241 10
    endloop
  endfacet
  facet normal 0 0 1
    outer loop
      vertex 234.375 22.1695 10
      vertex 232.2 23.1838 10
      vertex 234.214 21.86 10
    endloop
  endfacet
  facet normal 0 0 1
    outer loop
      vertex 231.55 25.2456 10
      vertex 232.75 27.3241 10
      vertex 232.44 27.4852 10
    endloop
  endfacet
  facet normal -0 0 1
    outer loop
      vertex 232.136 23.06 10
      vertex 234.214 21.86 10
      vertex 232.2 23.1838 10
    endloop
  endfacet
  facet normal 0 0 1
    outer loop
      vertex 234.214 21.86 10
      vertex 232.136 23.06 10
      vertex 234.027 21.5657 10
    endloop
  endfacet
  facet normal 0 0 1
    outer loop
      vertex 234.735 24.2086 10
      vertex 232.344 23.9994 10
      vertex 232.35 23.86 10
    endloop
  endfacet
  facet normal 0 0 1
    outer loop
      vertex 234.689 24.5546 10
      vertex 232.326 24.1378 10
      vertex 232.344 23.9994 10
    endloop
  endfacet
  facet normal 0 0 1
    outer loop
      vertex 234.614 24.8953 10
      vertex 232.295 24.2741 10
      vertex 232.326 24.1378 10
    endloop
  endfacet
  facet normal 0 0 1
    outer loop
      vertex 234.509 25.2281 10
      vertex 232.254 24.4072 10
      vertex 232.295 24.2741 10
    endloop
  endfacet
  facet normal 0 0 1
    outer loop
      vertex 234.375 25.5505 10
      vertex 232.2 24.5362 10
      vertex 232.254 24.4072 10
    endloop
  endfacet
  facet normal 0 0 1
    outer loop
      vertex 234.214 25.86 10
      vertex 232.136 24.66 10
      vertex 232.2 24.5362 10
    endloop
  endfacet
  facet normal 0 0 1
    outer loop
      vertex 231.426 25.3101 10
      vertex 232.44 27.4852 10
      vertex 232.118 27.6188 10
    endloop
  endfacet
  facet normal 0 0 1
    outer loop
      vertex 234.027 26.1543 10
      vertex 232.061 24.7777 10
      vertex 232.136 24.66 10
    endloop
  endfacet
  facet normal 0 0 1
    outer loop
      vertex 233.814 26.4312 10
      vertex 231.976 24.8885 10
      vertex 232.061 24.7777 10
    endloop
  endfacet
  facet normal 0 0 1
    outer loop
      vertex 233.578 26.6884 10
      vertex 231.881 24.9914 10
      vertex 231.976 24.8885 10
    endloop
  endfacet
  facet normal 0 0 1
    outer loop
      vertex 231.297 25.3635 10
      vertex 232.118 27.6188 10
      vertex 231.785 27.7237 10
    endloop
  endfacet
  facet normal 0 0 1
    outer loop
      vertex 233.321 26.9242 10
      vertex 231.778 25.0857 10
      vertex 231.881 24.9914 10
    endloop
  endfacet
  facet normal 0 0 1
    outer loop
      vertex 233.044 27.1366 10
      vertex 231.668 25.1706 10
      vertex 231.778 25.0857 10
    endloop
  endfacet
  facet normal 0 0 1
    outer loop
      vertex 232.75 27.3241 10
      vertex 231.55 25.2456 10
      vertex 231.668 25.1706 10
    endloop
  endfacet
  facet normal 0 0 1
    outer loop
      vertex 231.164 25.4055 10
      vertex 231.785 27.7237 10
      vertex 231.445 27.7992 10
    endloop
  endfacet
  facet normal 0 0 1
    outer loop
      vertex 232.44 27.4852 10
      vertex 231.426 25.3101 10
      vertex 231.55 25.2456 10
    endloop
  endfacet
  facet normal 0 0 1
    outer loop
      vertex 232.118 27.6188 10
      vertex 231.297 25.3635 10
      vertex 231.426 25.3101 10
    endloop
  endfacet
  facet normal 0 0 1
    outer loop
      vertex 231.785 27.7237 10
      vertex 231.164 25.4055 10
      vertex 231.297 25.3635 10
    endloop
  endfacet
  facet normal 0 0 1
    outer loop
      vertex 231.028 25.4357 10
      vertex 231.445 27.7992 10
      vertex 231.099 27.8448 10
    endloop
  endfacet
  facet normal 0 0 1
    outer loop
      vertex 231.445 27.7992 10
      vertex 231.028 25.4357 10
      vertex 231.164 25.4055 10
    endloop
  endfacet
  facet normal 0 0 1
    outer loop
      vertex 231.099 27.8448 10
      vertex 230.889 25.4539 10
      vertex 231.028 25.4357 10
    endloop
  endfacet
  facet normal 0 0 1
    outer loop
      vertex 230.75 27.86 10
      vertex 230.889 25.4539 10
      vertex 231.099 27.8448 10
    endloop
  endfacet
  facet normal 0 0 1
    outer loop
      vertex 230.75 27.86 10
      vertex 230.75 25.46 10
      vertex 230.889 25.4539 10
    endloop
  endfacet
  facet normal 0 0 1
    outer loop
      vertex 230.75 27.86 10
      vertex 230.611 25.4539 10
      vertex 230.75 25.46 10
    endloop
  endfacet
  facet normal -0 0 1
    outer loop
      vertex 230.401 27.8448 10
      vertex 230.611 25.4539 10
      vertex 230.75 27.86 10
    endloop
  endfacet
  facet normal 0 0 1
    outer loop
      vertex 230.611 25.4539 10
      vertex 230.401 27.8448 10
      vertex 230.472 25.4357 10
    endloop
  endfacet
  facet normal -0 0 1
    outer loop
      vertex 230.055 27.7992 10
      vertex 230.472 25.4357 10
      vertex 230.401 27.8448 10
    endloop
  endfacet
  facet normal 0 0 1
    outer loop
      vertex 230.472 25.4357 10
      vertex 230.055 27.7992 10
      vertex 230.336 25.4055 10
    endloop
  endfacet
  facet normal -0 0 1
    outer loop
      vertex 229.715 27.7237 10
      vertex 230.336 25.4055 10
      vertex 230.055 27.7992 10
    endloop
  endfacet
  facet normal 0 0 1
    outer loop
      vertex 230.336 25.4055 10
      vertex 229.715 27.7237 10
      vertex 230.203 25.3635 10
    endloop
  endfacet
  facet normal -0 0 1
    outer loop
      vertex 229.382 27.6188 10
      vertex 230.203 25.3635 10
      vertex 229.715 27.7237 10
    endloop
  endfacet
  facet normal 0 0 1
    outer loop
      vertex 230.203 25.3635 10
      vertex 229.382 27.6188 10
      vertex 230.074 25.3101 10
    endloop
  endfacet
  facet normal -0 0 1
    outer loop
      vertex 229.06 27.4852 10
      vertex 230.074 25.3101 10
      vertex 229.382 27.6188 10
    endloop
  endfacet
  facet normal 0 0 1
    outer loop
      vertex 230.074 25.3101 10
      vertex 229.06 27.4852 10
      vertex 229.95 25.2456 10
    endloop
  endfacet
  facet normal -0 0 1
    outer loop
      vertex 228.75 27.3241 10
      vertex 229.95 25.2456 10
      vertex 229.06 27.4852 10
    endloop
  endfacet
  facet normal 0 0 1
    outer loop
      vertex 229.95 25.2456 10
      vertex 228.75 27.3241 10
      vertex 229.832 25.1706 10
    endloop
  endfacet
  facet normal -0 0 1
    outer loop
      vertex 228.456 27.1366 10
      vertex 229.832 25.1706 10
      vertex 228.75 27.3241 10
    endloop
  endfacet
  facet normal 0 0 1
    outer loop
      vertex 229.832 25.1706 10
      vertex 228.456 27.1366 10
      vertex 229.722 25.0857 10
    endloop
  endfacet
  facet normal -0 0 1
    outer loop
      vertex 228.179 26.9242 10
      vertex 229.722 25.0857 10
      vertex 228.456 27.1366 10
    endloop
  endfacet
  facet normal 0 0 1
    outer loop
      vertex 229.722 25.0857 10
      vertex 228.179 26.9242 10
      vertex 229.619 24.9914 10
    endloop
  endfacet
  facet normal -0 0 1
    outer loop
      vertex 227.922 26.6884 10
      vertex 229.619 24.9914 10
      vertex 228.179 26.9242 10
    endloop
  endfacet
  facet normal 0 0 1
    outer loop
      vertex 229.619 24.9914 10
      vertex 227.922 26.6884 10
      vertex 229.524 24.8885 10
    endloop
  endfacet
  facet normal -0 0 1
    outer loop
      vertex 227.686 26.4312 10
      vertex 229.524 24.8885 10
      vertex 227.922 26.6884 10
    endloop
  endfacet
  facet normal 0 0 1
    outer loop
      vertex 229.524 24.8885 10
      vertex 227.686 26.4312 10
      vertex 229.439 24.7777 10
    endloop
  endfacet
  facet normal 0 0 1
    outer loop
      vertex 229.439 24.7777 10
      vertex 227.473 26.1543 10
      vertex 229.364 24.66 10
    endloop
  endfacet
  facet normal -0 0 1
    outer loop
      vertex 227.473 26.1543 10
      vertex 229.439 24.7777 10
      vertex 227.686 26.4312 10
    endloop
  endfacet
  facet normal -0 0 1
    outer loop
      vertex 232.061 22.9423 10
      vertex 234.027 21.5657 10
      vertex 232.136 23.06 10
    endloop
  endfacet
  facet normal 0 0 1
    outer loop
      vertex 234.027 21.5657 10
      vertex 232.061 22.9423 10
      vertex 233.814 21.2889 10
    endloop
  endfacet
  facet normal -0 0 1
    outer loop
      vertex 231.976 22.8315 10
      vertex 233.814 21.2889 10
      vertex 232.061 22.9423 10
    endloop
  endfacet
  facet normal 0 0 1
    outer loop
      vertex 233.814 21.2889 10
      vertex 231.976 22.8315 10
      vertex 233.578 21.0316 10
    endloop
  endfacet
  facet normal -0 0 1
    outer loop
      vertex 231.881 22.7286 10
      vertex 233.578 21.0316 10
      vertex 231.976 22.8315 10
    endloop
  endfacet
  facet normal 0 0 1
    outer loop
      vertex 233.578 21.0316 10
      vertex 231.881 22.7286 10
      vertex 233.321 20.7958 10
    endloop
  endfacet
  facet normal -0 0 1
    outer loop
      vertex 231.778 22.6343 10
      vertex 233.321 20.7958 10
      vertex 231.881 22.7286 10
    endloop
  endfacet
  facet normal 0 0 1
    outer loop
      vertex 233.321 20.7958 10
      vertex 231.778 22.6343 10
      vertex 233.044 20.5834 10
    endloop
  endfacet
  facet normal -0 0 1
    outer loop
      vertex 231.668 22.5494 10
      vertex 233.044 20.5834 10
      vertex 231.778 22.6343 10
    endloop
  endfacet
  facet normal 0 0 1
    outer loop
      vertex 233.044 20.5834 10
      vertex 231.668 22.5494 10
      vertex 232.75 20.3959 10
    endloop
  endfacet
  facet normal -0 0 1
    outer loop
      vertex 231.55 22.4744 10
      vertex 232.75 20.3959 10
      vertex 231.668 22.5494 10
    endloop
  endfacet
  facet normal 0 0 1
    outer loop
      vertex 232.75 20.3959 10
      vertex 231.55 22.4744 10
      vertex 232.44 20.2348 10
    endloop
  endfacet
  facet normal -0 0 1
    outer loop
      vertex 231.426 22.4099 10
      vertex 232.44 20.2348 10
      vertex 231.55 22.4744 10
    endloop
  endfacet
  facet normal 0 0 1
    outer loop
      vertex 232.44 20.2348 10
      vertex 231.426 22.4099 10
      vertex 232.118 20.1012 10
    endloop
  endfacet
  facet normal -0 0 1
    outer loop
      vertex 231.297 22.3565 10
      vertex 232.118 20.1012 10
      vertex 231.426 22.4099 10
    endloop
  endfacet
  facet normal 0 0 1
    outer loop
      vertex 232.118 20.1012 10
      vertex 231.297 22.3565 10
      vertex 231.785 19.9963 10
    endloop
  endfacet
  facet normal -0 0 1
    outer loop
      vertex 231.164 22.3145 10
      vertex 231.785 19.9963 10
      vertex 231.297 22.3565 10
    endloop
  endfacet
  facet normal 0 0 1
    outer loop
      vertex 231.785 19.9963 10
      vertex 231.164 22.3145 10
      vertex 231.445 19.9208 10
    endloop
  endfacet
  facet normal -0 0 1
    outer loop
      vertex 231.028 22.2843 10
      vertex 231.445 19.9208 10
      vertex 231.164 22.3145 10
    endloop
  endfacet
  facet normal 0 0 1
    outer loop
      vertex 231.445 19.9208 10
      vertex 231.028 22.2843 10
      vertex 231.099 19.8752 10
    endloop
  endfacet
  facet normal -0 0 1
    outer loop
      vertex 230.889 22.2661 10
      vertex 231.099 19.8752 10
      vertex 231.028 22.2843 10
    endloop
  endfacet
  facet normal -0 0 1
    outer loop
      vertex 230.75 22.26 10
      vertex 231.099 19.8752 10
      vertex 230.889 22.2661 10
    endloop
  endfacet
  facet normal 0 0 1
    outer loop
      vertex 230.75 22.26 10
      vertex 230.75 19.86 10
      vertex 231.099 19.8752 10
    endloop
  endfacet
  facet normal 0 0 1
    outer loop
      vertex 230.611 22.2661 10
      vertex 230.75 19.86 10
      vertex 230.75 22.26 10
    endloop
  endfacet
  facet normal 0 0 1
    outer loop
      vertex 230.401 19.8752 10
      vertex 230.611 22.2661 10
      vertex 230.472 22.2843 10
    endloop
  endfacet
  facet normal 0 0 1
    outer loop
      vertex 230.611 22.2661 10
      vertex 230.401 19.8752 10
      vertex 230.75 19.86 10
    endloop
  endfacet
  facet normal 0 0 1
    outer loop
      vertex 230.055 19.9208 10
      vertex 230.472 22.2843 10
      vertex 230.336 22.3145 10
    endloop
  endfacet
  facet normal 0 0 1
    outer loop
      vertex 229.715 19.9963 10
      vertex 230.336 22.3145 10
      vertex 230.203 22.3565 10
    endloop
  endfacet
  facet normal 0 0 1
    outer loop
      vertex 229.382 20.1012 10
      vertex 230.203 22.3565 10
      vertex 230.074 22.4099 10
    endloop
  endfacet
  facet normal 0 0 1
    outer loop
      vertex 230.472 22.2843 10
      vertex 230.055 19.9208 10
      vertex 230.401 19.8752 10
    endloop
  endfacet
  facet normal 0 0 1
    outer loop
      vertex 229.06 20.2348 10
      vertex 230.074 22.4099 10
      vertex 229.95 22.4744 10
    endloop
  endfacet
  facet normal 0 0 1
    outer loop
      vertex 228.75 20.3959 10
      vertex 229.95 22.4744 10
      vertex 229.832 22.5494 10
    endloop
  endfacet
  facet normal 0 0 1
    outer loop
      vertex 228.456 20.5834 10
      vertex 229.832 22.5494 10
      vertex 229.722 22.6343 10
    endloop
  endfacet
  facet normal 0 0 1
    outer loop
      vertex 230.336 22.3145 10
      vertex 229.715 19.9963 10
      vertex 230.055 19.9208 10
    endloop
  endfacet
  facet normal 0 0 1
    outer loop
      vertex 228.179 20.7958 10
      vertex 229.722 22.6343 10
      vertex 229.619 22.7286 10
    endloop
  endfacet
  facet normal 0 0 1
    outer loop
      vertex 227.922 21.0316 10
      vertex 229.619 22.7286 10
      vertex 229.524 22.8315 10
    endloop
  endfacet
  facet normal 0 0 1
    outer loop
      vertex 227.686 21.2889 10
      vertex 229.524 22.8315 10
      vertex 229.439 22.9423 10
    endloop
  endfacet
  facet normal 0 0 1
    outer loop
      vertex 230.203 22.3565 10
      vertex 229.382 20.1012 10
      vertex 229.715 19.9963 10
    endloop
  endfacet
  facet normal 0 0 1
    outer loop
      vertex 227.473 21.5657 10
      vertex 229.439 22.9423 10
      vertex 229.364 23.06 10
    endloop
  endfacet
  facet normal 0 0 1
    outer loop
      vertex 227.286 21.86 10
      vertex 229.364 23.06 10
      vertex 229.3 23.1838 10
    endloop
  endfacet
  facet normal 0 0 1
    outer loop
      vertex 227.125 22.1695 10
      vertex 229.3 23.1838 10
      vertex 229.246 23.3128 10
    endloop
  endfacet
  facet normal 0 0 1
    outer loop
      vertex 226.991 22.4919 10
      vertex 229.246 23.3128 10
      vertex 229.205 23.4459 10
    endloop
  endfacet
  facet normal 0 0 1
    outer loop
      vertex 226.886 22.8247 10
      vertex 229.205 23.4459 10
      vertex 229.174 23.5822 10
    endloop
  endfacet
  facet normal 0 0 1
    outer loop
      vertex 226.811 23.1654 10
      vertex 229.174 23.5822 10
      vertex 229.156 23.7206 10
    endloop
  endfacet
  facet normal 0 0 1
    outer loop
      vertex 230.074 22.4099 10
      vertex 229.06 20.2348 10
      vertex 229.382 20.1012 10
    endloop
  endfacet
  facet normal 0 0 1
    outer loop
      vertex 226.765 23.5114 10
      vertex 229.156 23.7206 10
      vertex 229.15 23.86 10
    endloop
  endfacet
  facet normal -0 0 1
    outer loop
      vertex 227.286 25.86 10
      vertex 229.364 24.66 10
      vertex 227.473 26.1543 10
    endloop
  endfacet
  facet normal 0 0 1
    outer loop
      vertex 229.364 24.66 10
      vertex 227.286 25.86 10
      vertex 229.3 24.5362 10
    endloop
  endfacet
  facet normal 0 0 1
    outer loop
      vertex 229.95 22.4744 10
      vertex 228.75 20.3959 10
      vertex 229.06 20.2348 10
    endloop
  endfacet
  facet normal -0 0 1
    outer loop
      vertex 227.125 25.5505 10
      vertex 229.3 24.5362 10
      vertex 227.286 25.86 10
    endloop
  endfacet
  facet normal 0 0 1
    outer loop
      vertex 229.832 22.5494 10
      vertex 228.456 20.5834 10
      vertex 228.75 20.3959 10
    endloop
  endfacet
  facet normal 0 0 1
    outer loop
      vertex 229.3 24.5362 10
      vertex 227.125 25.5505 10
      vertex 229.246 24.4072 10
    endloop
  endfacet
  facet normal 0 0 1
    outer loop
      vertex 229.722 22.6343 10
      vertex 228.179 20.7958 10
      vertex 228.456 20.5834 10
    endloop
  endfacet
  facet normal -0 0 1
    outer loop
      vertex 226.991 25.2281 10
      vertex 229.246 24.4072 10
      vertex 227.125 25.5505 10
    endloop
  endfacet
  facet normal 0 0 1
    outer loop
      vertex 229.619 22.7286 10
      vertex 227.922 21.0316 10
      vertex 228.179 20.7958 10
    endloop
  endfacet
  facet normal 0 0 1
    outer loop
      vertex 229.246 24.4072 10
      vertex 226.991 25.2281 10
      vertex 229.205 24.2741 10
    endloop
  endfacet
  facet normal 0 0 1
    outer loop
      vertex 229.524 22.8315 10
      vertex 227.686 21.2889 10
      vertex 227.922 21.0316 10
    endloop
  endfacet
  facet normal -0 0 1
    outer loop
      vertex 226.886 24.8953 10
      vertex 229.205 24.2741 10
      vertex 226.991 25.2281 10
    endloop
  endfacet
  facet normal 0 0 1
    outer loop
      vertex 229.439 22.9423 10
      vertex 227.473 21.5657 10
      vertex 227.686 21.2889 10
    endloop
  endfacet
  facet normal 0 0 1
    outer loop
      vertex 229.205 24.2741 10
      vertex 226.886 24.8953 10
      vertex 229.174 24.1378 10
    endloop
  endfacet
  facet normal 0 0 1
    outer loop
      vertex 229.364 23.06 10
      vertex 227.286 21.86 10
      vertex 227.473 21.5657 10
    endloop
  endfacet
  facet normal -0 0 1
    outer loop
      vertex 226.811 24.5546 10
      vertex 229.174 24.1378 10
      vertex 226.886 24.8953 10
    endloop
  endfacet
  facet normal 0 0 1
    outer loop
      vertex 229.3 23.1838 10
      vertex 227.125 22.1695 10
      vertex 227.286 21.86 10
    endloop
  endfacet
  facet normal 0 0 1
    outer loop
      vertex 229.174 24.1378 10
      vertex 226.811 24.5546 10
      vertex 229.156 23.9994 10
    endloop
  endfacet
  facet normal 0 0 1
    outer loop
      vertex 229.246 23.3128 10
      vertex 226.991 22.4919 10
      vertex 227.125 22.1695 10
    endloop
  endfacet
  facet normal -0 0 1
    outer loop
      vertex 226.765 24.2086 10
      vertex 229.156 23.9994 10
      vertex 226.811 24.5546 10
    endloop
  endfacet
  facet normal 0 0 1
    outer loop
      vertex 229.205 23.4459 10
      vertex 226.886 22.8247 10
      vertex 226.991 22.4919 10
    endloop
  endfacet
  facet normal 0 0 1
    outer loop
      vertex 229.156 23.9994 10
      vertex 226.765 24.2086 10
      vertex 229.15 23.86 10
    endloop
  endfacet
  facet normal 0 0 1
    outer loop
      vertex 229.174 23.5822 10
      vertex 226.811 23.1654 10
      vertex 226.886 22.8247 10
    endloop
  endfacet
  facet normal 0 0 1
    outer loop
      vertex 226.75 23.86 10
      vertex 229.15 23.86 10
      vertex 226.765 24.2086 10
    endloop
  endfacet
  facet normal 0 0 1
    outer loop
      vertex 229.156 23.7206 10
      vertex 226.765 23.5114 10
      vertex 226.811 23.1654 10
    endloop
  endfacet
  facet normal 0 0 1
    outer loop
      vertex 229.15 23.86 10
      vertex 226.75 23.86 10
      vertex 226.765 23.5114 10
    endloop
  endfacet
  facet normal -0.923416 0.383802 0
    outer loop
      vertex 226.991 25.2281 3
      vertex 227.125 25.5505 10
      vertex 227.125 25.5505 3
    endloop
  endfacet
  facet normal -0.923416 0.383802 0
    outer loop
      vertex 227.125 25.5505 10
      vertex 226.991 25.2281 3
      vertex 226.991 25.2281 10
    endloop
  endfacet
  facet normal -0.53771 -0.84313 0
    outer loop
      vertex 228.456 20.5834 3
      vertex 228.75 20.3959 10
      vertex 228.456 20.5834 10
    endloop
  endfacet
  facet normal -0.53771 -0.84313 -0
    outer loop
      vertex 228.75 20.3959 10
      vertex 228.456 20.5834 3
      vertex 228.75 20.3959 3
    endloop
  endfacet
  facet normal -0.887146 0.461488 0
    outer loop
      vertex 227.125 25.5505 3
      vertex 227.286 25.86 10
      vertex 227.286 25.86 3
    endloop
  endfacet
  facet normal -0.887146 0.461488 0
    outer loop
      vertex 227.286 25.86 10
      vertex 227.125 25.5505 3
      vertex 227.125 25.5505 10
    endloop
  endfacet
  facet normal 0.30046 -0.953795 0
    outer loop
      vertex 231.785 19.9963 3
      vertex 232.118 20.1012 10
      vertex 231.785 19.9963 10
    endloop
  endfacet
  facet normal 0.30046 -0.953795 0
    outer loop
      vertex 232.118 20.1012 10
      vertex 231.785 19.9963 3
      vertex 232.118 20.1012 3
    endloop
  endfacet
  facet normal -0.736821 0.676088 0
    outer loop
      vertex 227.686 26.4312 3
      vertex 227.922 26.6884 10
      vertex 227.922 26.6884 3
    endloop
  endfacet
  facet normal -0.736821 0.676088 0
    outer loop
      vertex 227.922 26.6884 10
      vertex 227.686 26.4312 3
      vertex 227.686 26.4312 10
    endloop
  endfacet
  facet normal 0.844027 0.5363 0
    outer loop
      vertex 234.214 25.86 10
      vertex 234.027 26.1543 3
      vertex 234.027 26.1543 10
    endloop
  endfacet
  facet normal 0.844027 0.5363 0
    outer loop
      vertex 234.027 26.1543 3
      vertex 234.214 25.86 10
      vertex 234.214 25.86 3
    endloop
  endfacet
  facet normal 0.461127 -0.887334 0
    outer loop
      vertex 232.44 20.2348 3
      vertex 232.75 20.3959 10
      vertex 232.44 20.2348 10
    endloop
  endfacet
  facet normal 0.461127 -0.887334 0
    outer loop
      vertex 232.75 20.3959 10
      vertex 232.44 20.2348 3
      vertex 232.75 20.3959 3
    endloop
  endfacet
  facet normal -0.976617 0.214988 0
    outer loop
      vertex 226.811 24.5546 3
      vertex 226.886 24.8953 10
      vertex 226.886 24.8953 3
    endloop
  endfacet
  facet normal -0.976617 0.214988 0
    outer loop
      vertex 226.886 24.8953 10
      vertex 226.811 24.5546 3
      vertex 226.811 24.5546 10
    endloop
  endfacet
  facet normal 0.792624 0.609711 0
    outer loop
      vertex 234.027 26.1543 10
      vertex 233.814 26.4312 3
      vertex 233.814 26.4312 10
    endloop
  endfacet
  facet normal 0.792624 0.609711 0
    outer loop
      vertex 233.814 26.4312 3
      vertex 234.027 26.1543 10
      vertex 234.027 26.1543 3
    endloop
  endfacet
  facet normal 0.0435118 -0.999053 0
    outer loop
      vertex 230.75 19.86 3
      vertex 231.099 19.8752 10
      vertex 230.75 19.86 10
    endloop
  endfacet
  facet normal 0.0435118 -0.999053 0
    outer loop
      vertex 231.099 19.8752 10
      vertex 230.75 19.86 3
      vertex 231.099 19.8752 3
    endloop
  endfacet
  facet normal 0.953661 -0.300885 0
    outer loop
      vertex 234.509 22.4919 10
      vertex 234.614 22.8247 3
      vertex 234.614 22.8247 10
    endloop
  endfacet
  facet normal 0.953661 -0.300885 0
    outer loop
      vertex 234.614 22.8247 3
      vertex 234.509 22.4919 10
      vertex 234.509 22.4919 3
    endloop
  endfacet
  facet normal 0.844027 -0.5363 0
    outer loop
      vertex 234.027 21.5657 10
      vertex 234.214 21.86 3
      vertex 234.214 21.86 10
    endloop
  endfacet
  facet normal 0.844027 -0.5363 0
    outer loop
      vertex 234.214 21.86 3
      vertex 234.027 21.5657 10
      vertex 234.027 21.5657 3
    endloop
  endfacet
  facet normal -0.676062 -0.736845 0
    outer loop
      vertex 227.922 21.0316 3
      vertex 228.179 20.7958 10
      vertex 227.922 21.0316 10
    endloop
  endfacet
  facet normal -0.676062 -0.736845 -0
    outer loop
      vertex 228.179 20.7958 10
      vertex 227.922 21.0316 3
      vertex 228.179 20.7958 3
    endloop
  endfacet
  facet normal -0.130662 0.991427 0
    outer loop
      vertex 230.401 27.8448 3
      vertex 230.055 27.7992 10
      vertex 230.401 27.8448 10
    endloop
  endfacet
  facet normal -0.130662 0.991427 0
    outer loop
      vertex 230.055 27.7992 10
      vertex 230.401 27.8448 3
      vertex 230.055 27.7992 3
    endloop
  endfacet
  facet normal -0.53771 0.84313 0
    outer loop
      vertex 228.75 27.3241 3
      vertex 228.456 27.1366 10
      vertex 228.75 27.3241 10
    endloop
  endfacet
  facet normal -0.53771 0.84313 0
    outer loop
      vertex 228.456 27.1366 10
      vertex 228.75 27.3241 3
      vertex 228.456 27.1366 3
    endloop
  endfacet
  facet normal -0.976617 -0.214988 0
    outer loop
      vertex 226.886 22.8247 3
      vertex 226.811 23.1654 10
      vertex 226.811 23.1654 3
    endloop
  endfacet
  facet normal -0.976617 -0.214988 0
    outer loop
      vertex 226.811 23.1654 10
      vertex 226.886 22.8247 3
      vertex 226.886 22.8247 10
    endloop
  endfacet
  facet normal 0.923416 0.383802 0
    outer loop
      vertex 234.509 25.2281 10
      vertex 234.375 25.5505 3
      vertex 234.375 25.5505 10
    endloop
  endfacet
  facet normal 0.923416 0.383802 0
    outer loop
      vertex 234.375 25.5505 3
      vertex 234.509 25.2281 10
      vertex 234.509 25.2281 3
    endloop
  endfacet
  facet normal -0.461127 0.887334 0
    outer loop
      vertex 229.06 27.4852 3
      vertex 228.75 27.3241 10
      vertex 229.06 27.4852 10
    endloop
  endfacet
  facet normal -0.461127 0.887334 0
    outer loop
      vertex 228.75 27.3241 10
      vertex 229.06 27.4852 3
      vertex 228.75 27.3241 3
    endloop
  endfacet
  facet normal 0.887146 0.461488 0
    outer loop
      vertex 234.375 25.5505 10
      vertex 234.214 25.86 3
      vertex 234.214 25.86 10
    endloop
  endfacet
  facet normal 0.887146 0.461488 0
    outer loop
      vertex 234.214 25.86 3
      vertex 234.375 25.5505 10
      vertex 234.375 25.5505 3
    endloop
  endfacet
  facet normal 0.999076 -0.0429895 0
    outer loop
      vertex 234.735 23.5114 10
      vertex 234.75 23.86 3
      vertex 234.75 23.86 10
    endloop
  endfacet
  facet normal 0.999076 -0.0429895 0
    outer loop
      vertex 234.75 23.86 3
      vertex 234.735 23.5114 10
      vertex 234.735 23.5114 3
    endloop
  endfacet
  facet normal 0.991278 -0.131788 0
    outer loop
      vertex 234.689 23.1654 10
      vertex 234.735 23.5114 3
      vertex 234.735 23.5114 10
    endloop
  endfacet
  facet normal 0.991278 -0.131788 0
    outer loop
      vertex 234.735 23.5114 3
      vertex 234.689 23.1654 10
      vertex 234.689 23.1654 3
    endloop
  endfacet
  facet normal -0.676062 0.736845 0
    outer loop
      vertex 228.179 26.9242 3
      vertex 227.922 26.6884 10
      vertex 228.179 26.9242 10
    endloop
  endfacet
  facet normal -0.676062 0.736845 0
    outer loop
      vertex 227.922 26.6884 10
      vertex 228.179 26.9242 3
      vertex 227.922 26.6884 3
    endloop
  endfacet
  facet normal -0.0435118 -0.999053 0
    outer loop
      vertex 230.401 19.8752 3
      vertex 230.75 19.86 10
      vertex 230.401 19.8752 10
    endloop
  endfacet
  facet normal -0.0435118 -0.999053 -0
    outer loop
      vertex 230.75 19.86 10
      vertex 230.401 19.8752 3
      vertex 230.75 19.86 3
    endloop
  endfacet
  facet normal 0.53771 -0.84313 0
    outer loop
      vertex 232.75 20.3959 3
      vertex 233.044 20.5834 10
      vertex 232.75 20.3959 10
    endloop
  endfacet
  facet normal 0.53771 -0.84313 0
    outer loop
      vertex 233.044 20.5834 10
      vertex 232.75 20.3959 3
      vertex 233.044 20.5834 3
    endloop
  endfacet
  facet normal -0.38323 0.923653 0
    outer loop
      vertex 229.382 27.6188 3
      vertex 229.06 27.4852 10
      vertex 229.382 27.6188 10
    endloop
  endfacet
  facet normal -0.38323 0.923653 0
    outer loop
      vertex 229.06 27.4852 10
      vertex 229.382 27.6188 3
      vertex 229.06 27.4852 3
    endloop
  endfacet
  facet normal -0.999076 -0.0429895 0
    outer loop
      vertex 226.765 23.5114 3
      vertex 226.75 23.86 10
      vertex 226.75 23.86 3
    endloop
  endfacet
  facet normal -0.999076 -0.0429895 0
    outer loop
      vertex 226.75 23.86 10
      vertex 226.765 23.5114 3
      vertex 226.765 23.5114 10
    endloop
  endfacet
  facet normal -0.0435118 0.999053 0
    outer loop
      vertex 230.75 27.86 3
      vertex 230.401 27.8448 10
      vertex 230.75 27.86 10
    endloop
  endfacet
  facet normal -0.0435118 0.999053 0
    outer loop
      vertex 230.401 27.8448 10
      vertex 230.75 27.86 3
      vertex 230.401 27.8448 3
    endloop
  endfacet
  facet normal -0.887146 -0.461488 0
    outer loop
      vertex 227.286 21.86 3
      vertex 227.125 22.1695 10
      vertex 227.125 22.1695 3
    endloop
  endfacet
  facet normal -0.887146 -0.461488 0
    outer loop
      vertex 227.125 22.1695 10
      vertex 227.286 21.86 3
      vertex 227.286 21.86 10
    endloop
  endfacet
  facet normal -0.792624 0.609711 0
    outer loop
      vertex 227.473 26.1543 3
      vertex 227.686 26.4312 10
      vertex 227.686 26.4312 3
    endloop
  endfacet
  facet normal -0.792624 0.609711 0
    outer loop
      vertex 227.686 26.4312 10
      vertex 227.473 26.1543 3
      vertex 227.473 26.1543 10
    endloop
  endfacet
  facet normal -0.736952 -0.675945 0
    outer loop
      vertex 227.922 21.0316 3
      vertex 227.686 21.2889 10
      vertex 227.686 21.2889 3
    endloop
  endfacet
  facet normal -0.736952 -0.675945 0
    outer loop
      vertex 227.686 21.2889 10
      vertex 227.922 21.0316 3
      vertex 227.922 21.0316 10
    endloop
  endfacet
  facet normal -0.991278 -0.131788 0
    outer loop
      vertex 226.811 23.1654 3
      vertex 226.765 23.5114 10
      vertex 226.765 23.5114 3
    endloop
  endfacet
  facet normal -0.991278 -0.131788 0
    outer loop
      vertex 226.765 23.5114 10
      vertex 226.811 23.1654 3
      vertex 226.811 23.1654 10
    endloop
  endfacet
  facet normal 0.216778 -0.976221 0
    outer loop
      vertex 231.445 19.9208 3
      vertex 231.785 19.9963 10
      vertex 231.445 19.9208 10
    endloop
  endfacet
  facet normal 0.216778 -0.976221 0
    outer loop
      vertex 231.785 19.9963 10
      vertex 231.445 19.9208 3
      vertex 231.785 19.9963 3
    endloop
  endfacet
  facet normal 0.887146 -0.461488 0
    outer loop
      vertex 234.214 21.86 10
      vertex 234.375 22.1695 3
      vertex 234.375 22.1695 10
    endloop
  endfacet
  facet normal 0.887146 -0.461488 0
    outer loop
      vertex 234.375 22.1695 3
      vertex 234.214 21.86 10
      vertex 234.214 21.86 3
    endloop
  endfacet
  facet normal 0.608492 -0.79356 0
    outer loop
      vertex 233.044 20.5834 3
      vertex 233.321 20.7958 10
      vertex 233.044 20.5834 10
    endloop
  endfacet
  facet normal 0.608492 -0.79356 0
    outer loop
      vertex 233.321 20.7958 10
      vertex 233.044 20.5834 3
      vertex 233.321 20.7958 3
    endloop
  endfacet
  facet normal 0.676062 0.736845 -0
    outer loop
      vertex 233.578 26.6884 3
      vertex 233.321 26.9242 10
      vertex 233.578 26.6884 10
    endloop
  endfacet
  facet normal 0.676062 0.736845 0
    outer loop
      vertex 233.321 26.9242 10
      vertex 233.578 26.6884 3
      vertex 233.321 26.9242 3
    endloop
  endfacet
  facet normal -0.999076 0.0429895 0
    outer loop
      vertex 226.75 23.86 3
      vertex 226.765 24.2086 10
      vertex 226.765 24.2086 3
    endloop
  endfacet
  facet normal -0.999076 0.0429895 0
    outer loop
      vertex 226.765 24.2086 10
      vertex 226.75 23.86 3
      vertex 226.75 23.86 10
    endloop
  endfacet
  facet normal -0.38323 -0.923653 0
    outer loop
      vertex 229.06 20.2348 3
      vertex 229.382 20.1012 10
      vertex 229.06 20.2348 10
    endloop
  endfacet
  facet normal -0.38323 -0.923653 -0
    outer loop
      vertex 229.382 20.1012 10
      vertex 229.06 20.2348 3
      vertex 229.382 20.1012 3
    endloop
  endfacet
  facet normal 0.736952 -0.675945 0
    outer loop
      vertex 233.578 21.0316 10
      vertex 233.814 21.2889 3
      vertex 233.814 21.2889 10
    endloop
  endfacet
  facet normal 0.736952 -0.675945 0
    outer loop
      vertex 233.814 21.2889 3
      vertex 233.578 21.0316 10
      vertex 233.578 21.0316 3
    endloop
  endfacet
  facet normal -0.130662 -0.991427 0
    outer loop
      vertex 230.055 19.9208 3
      vertex 230.401 19.8752 10
      vertex 230.055 19.9208 10
    endloop
  endfacet
  facet normal -0.130662 -0.991427 -0
    outer loop
      vertex 230.401 19.8752 10
      vertex 230.055 19.9208 3
      vertex 230.401 19.8752 3
    endloop
  endfacet
  facet normal 0.676062 -0.736845 0
    outer loop
      vertex 233.321 20.7958 3
      vertex 233.578 21.0316 10
      vertex 233.321 20.7958 10
    endloop
  endfacet
  facet normal 0.676062 -0.736845 0
    outer loop
      vertex 233.578 21.0316 10
      vertex 233.321 20.7958 3
      vertex 233.578 21.0316 3
    endloop
  endfacet
  facet normal -0.216778 -0.976221 0
    outer loop
      vertex 229.715 19.9963 3
      vertex 230.055 19.9208 10
      vertex 229.715 19.9963 10
    endloop
  endfacet
  facet normal -0.216778 -0.976221 -0
    outer loop
      vertex 230.055 19.9208 10
      vertex 229.715 19.9963 3
      vertex 230.055 19.9208 3
    endloop
  endfacet
  facet normal -0.30046 -0.953795 0
    outer loop
      vertex 229.382 20.1012 3
      vertex 229.715 19.9963 10
      vertex 229.382 20.1012 10
    endloop
  endfacet
  facet normal -0.30046 -0.953795 -0
    outer loop
      vertex 229.715 19.9963 10
      vertex 229.382 20.1012 3
      vertex 229.715 19.9963 3
    endloop
  endfacet
  facet normal -0.991648 -0.128972 0
    outer loop
      vertex 232.344 23.9994 3
      vertex 232.326 24.1378 10
      vertex 232.326 24.1378 3
    endloop
  endfacet
  facet normal -0.991648 -0.128972 0
    outer loop
      vertex 232.326 24.1378 10
      vertex 232.344 23.9994 3
      vertex 232.344 23.9994 10
    endloop
  endfacet
  facet normal -0.999075 -0.0430018 0
    outer loop
      vertex 232.35 23.86 3
      vertex 232.344 23.9994 10
      vertex 232.344 23.9994 3
    endloop
  endfacet
  facet normal -0.999075 -0.0430018 0
    outer loop
      vertex 232.344 23.9994 10
      vertex 232.35 23.86 3
      vertex 232.35 23.86 10
    endloop
  endfacet
  facet normal -0.975098 -0.221776 0
    outer loop
      vertex 232.326 24.1378 3
      vertex 232.295 24.2741 10
      vertex 232.295 24.2741 3
    endloop
  endfacet
  facet normal -0.975098 -0.221776 0
    outer loop
      vertex 232.295 24.2741 10
      vertex 232.326 24.1378 3
      vertex 232.326 24.1378 10
    endloop
  endfacet
  facet normal -0.610997 -0.791633 0
    outer loop
      vertex 231.668 25.1706 3
      vertex 231.778 25.0857 10
      vertex 231.668 25.1706 10
    endloop
  endfacet
  facet normal -0.610997 -0.791633 -0
    outer loop
      vertex 231.778 25.0857 10
      vertex 231.668 25.1706 3
      vertex 231.778 25.0857 3
    endloop
  endfacet
  facet normal -0.734749 0.678339 0
    outer loop
      vertex 231.881 22.7286 3
      vertex 231.976 22.8315 10
      vertex 231.976 22.8315 3
    endloop
  endfacet
  facet normal -0.734749 0.678339 0
    outer loop
      vertex 231.976 22.8315 10
      vertex 231.881 22.7286 3
      vertex 231.881 22.7286 10
    endloop
  endfacet
  facet normal 0.610997 -0.791633 0
    outer loop
      vertex 229.722 25.0857 3
      vertex 229.832 25.1706 10
      vertex 229.722 25.0857 10
    endloop
  endfacet
  facet normal 0.610997 -0.791633 0
    outer loop
      vertex 229.832 25.1706 10
      vertex 229.722 25.0857 3
      vertex 229.832 25.1706 3
    endloop
  endfacet
  facet normal 0.536413 -0.843956 0
    outer loop
      vertex 229.832 25.1706 3
      vertex 229.95 25.2456 10
      vertex 229.832 25.1706 10
    endloop
  endfacet
  facet normal 0.536413 -0.843956 0
    outer loop
      vertex 229.95 25.2456 10
      vertex 229.832 25.1706 3
      vertex 229.95 25.2456 3
    endloop
  endfacet
  facet normal -0.461465 -0.887158 0
    outer loop
      vertex 231.426 25.3101 3
      vertex 231.55 25.2456 10
      vertex 231.426 25.3101 10
    endloop
  endfacet
  facet normal -0.461465 -0.887158 -0
    outer loop
      vertex 231.55 25.2456 10
      vertex 231.426 25.3101 3
      vertex 231.55 25.2456 3
    endloop
  endfacet
  facet normal 0.461465 -0.887158 0
    outer loop
      vertex 229.95 25.2456 3
      vertex 230.074 25.3101 10
      vertex 229.95 25.2456 10
    endloop
  endfacet
  facet normal 0.461465 -0.887158 0
    outer loop
      vertex 230.074 25.3101 10
      vertex 229.95 25.2456 3
      vertex 230.074 25.3101 3
    endloop
  endfacet
  facet normal 0.382478 -0.923964 0
    outer loop
      vertex 230.074 25.3101 3
      vertex 230.203 25.3635 10
      vertex 230.074 25.3101 10
    endloop
  endfacet
  facet normal 0.382478 -0.923964 0
    outer loop
      vertex 230.203 25.3635 10
      vertex 230.074 25.3101 3
      vertex 230.203 25.3635 3
    endloop
  endfacet
  facet normal 0.793422 -0.608672 0
    outer loop
      vertex 229.439 24.7777 10
      vertex 229.524 24.8885 3
      vertex 229.524 24.8885 10
    endloop
  endfacet
  facet normal 0.793422 -0.608672 0
    outer loop
      vertex 229.524 24.8885 3
      vertex 229.439 24.7777 10
      vertex 229.439 24.7777 3
    endloop
  endfacet
  facet normal -0.922441 0.386138 0
    outer loop
      vertex 232.2 23.1838 3
      vertex 232.254 23.3128 10
      vertex 232.254 23.3128 3
    endloop
  endfacet
  facet normal -0.922441 0.386138 0
    outer loop
      vertex 232.254 23.3128 10
      vertex 232.2 23.1838 3
      vertex 232.2 23.1838 10
    endloop
  endfacet
  facet normal -0.922441 -0.386138 0
    outer loop
      vertex 232.254 24.4072 3
      vertex 232.2 24.5362 10
      vertex 232.2 24.5362 3
    endloop
  endfacet
  facet normal -0.922441 -0.386138 0
    outer loop
      vertex 232.2 24.5362 10
      vertex 232.254 24.4072 3
      vertex 232.254 24.4072 10
    endloop
  endfacet
  facet normal -0.536413 -0.843956 0
    outer loop
      vertex 231.55 25.2456 3
      vertex 231.668 25.1706 10
      vertex 231.55 25.2456 10
    endloop
  endfacet
  facet normal -0.536413 -0.843956 -0
    outer loop
      vertex 231.668 25.1706 10
      vertex 231.55 25.2456 3
      vertex 231.668 25.1706 3
    endloop
  endfacet
  facet normal 0.999075 0.0430018 0
    outer loop
      vertex 229.156 23.7206 10
      vertex 229.15 23.86 3
      vertex 229.15 23.86 10
    endloop
  endfacet
  facet normal 0.999075 0.0430018 0
    outer loop
      vertex 229.15 23.86 3
      vertex 229.156 23.7206 10
      vertex 229.156 23.7206 3
    endloop
  endfacet
  facet normal 0.888319 0.459228 0
    outer loop
      vertex 229.364 23.06 10
      vertex 229.3 23.1838 3
      vertex 229.3 23.1838 10
    endloop
  endfacet
  facet normal 0.888319 0.459228 0
    outer loop
      vertex 229.3 23.1838 3
      vertex 229.364 23.06 10
      vertex 229.364 23.06 3
    endloop
  endfacet
  facet normal 0.975098 -0.221776 0
    outer loop
      vertex 229.174 24.1378 10
      vertex 229.205 24.2741 3
      vertex 229.205 24.2741 10
    endloop
  endfacet
  facet normal 0.975098 -0.221776 0
    outer loop
      vertex 229.205 24.2741 3
      vertex 229.174 24.1378 10
      vertex 229.174 24.1378 3
    endloop
  endfacet
  facet normal 0.991648 -0.128972 0
    outer loop
      vertex 229.156 23.9994 10
      vertex 229.174 24.1378 3
      vertex 229.174 24.1378 10
    endloop
  endfacet
  facet normal 0.991648 -0.128972 0
    outer loop
      vertex 229.174 24.1378 3
      vertex 229.156 23.9994 10
      vertex 229.156 23.9994 3
    endloop
  endfacet
  facet normal -0.301131 0.953583 0
    outer loop
      vertex 231.297 22.3565 3
      vertex 231.164 22.3145 10
      vertex 231.297 22.3565 10
    endloop
  endfacet
  facet normal -0.301131 0.953583 0
    outer loop
      vertex 231.164 22.3145 10
      vertex 231.297 22.3565 3
      vertex 231.164 22.3145 3
    endloop
  endfacet
  facet normal 0.301131 -0.953583 0
    outer loop
      vertex 230.203 25.3635 3
      vertex 230.336 25.4055 10
      vertex 230.203 25.3635 10
    endloop
  endfacet
  facet normal 0.301131 -0.953583 0
    outer loop
      vertex 230.336 25.4055 10
      vertex 230.203 25.3635 3
      vertex 230.336 25.4055 3
    endloop
  endfacet
  facet normal -0.382478 -0.923964 0
    outer loop
      vertex 231.297 25.3635 3
      vertex 231.426 25.3101 10
      vertex 231.297 25.3635 10
    endloop
  endfacet
  facet normal -0.382478 -0.923964 -0
    outer loop
      vertex 231.426 25.3101 10
      vertex 231.297 25.3635 3
      vertex 231.426 25.3101 3
    endloop
  endfacet
  facet normal -0.975098 0.221776 0
    outer loop
      vertex 232.295 23.4459 3
      vertex 232.326 23.5822 10
      vertex 232.326 23.5822 3
    endloop
  endfacet
  facet normal -0.975098 0.221776 0
    outer loop
      vertex 232.326 23.5822 10
      vertex 232.295 23.4459 3
      vertex 232.295 23.4459 10
    endloop
  endfacet
  facet normal 0.461465 0.887158 -0
    outer loop
      vertex 230.074 22.4099 3
      vertex 229.95 22.4744 10
      vertex 230.074 22.4099 10
    endloop
  endfacet
  facet normal 0.461465 0.887158 0
    outer loop
      vertex 229.95 22.4744 10
      vertex 230.074 22.4099 3
      vertex 229.95 22.4744 3
    endloop
  endfacet
  facet normal -0.843337 -0.537385 0
    outer loop
      vertex 232.136 24.66 3
      vertex 232.061 24.7777 10
      vertex 232.061 24.7777 3
    endloop
  endfacet
  facet normal -0.843337 -0.537385 0
    outer loop
      vertex 232.061 24.7777 10
      vertex 232.136 24.66 3
      vertex 232.136 24.66 10
    endloop
  endfacet
  facet normal -0.0438427 0.999038 0
    outer loop
      vertex 230.889 22.2661 3
      vertex 230.75 22.26 10
      vertex 230.889 22.2661 10
    endloop
  endfacet
  facet normal -0.0438427 0.999038 0
    outer loop
      vertex 230.75 22.26 10
      vertex 230.889 22.2661 3
      vertex 230.75 22.26 3
    endloop
  endfacet
  facet normal -0.536413 0.843956 0
    outer loop
      vertex 231.668 22.5494 3
      vertex 231.55 22.4744 10
      vertex 231.668 22.5494 10
    endloop
  endfacet
  facet normal -0.536413 0.843956 0
    outer loop
      vertex 231.55 22.4744 10
      vertex 231.668 22.5494 3
      vertex 231.55 22.4744 3
    endloop
  endfacet
  facet normal 0.675271 0.73757 -0
    outer loop
      vertex 229.722 22.6343 3
      vertex 229.619 22.7286 10
      vertex 229.722 22.6343 10
    endloop
  endfacet
  facet normal 0.675271 0.73757 0
    outer loop
      vertex 229.619 22.7286 10
      vertex 229.722 22.6343 3
      vertex 229.619 22.7286 3
    endloop
  endfacet
  facet normal 0.734749 -0.678339 0
    outer loop
      vertex 229.524 24.8885 10
      vertex 229.619 24.9914 3
      vertex 229.619 24.9914 10
    endloop
  endfacet
  facet normal 0.734749 -0.678339 0
    outer loop
      vertex 229.619 24.9914 3
      vertex 229.524 24.8885 10
      vertex 229.524 24.8885 3
    endloop
  endfacet
  facet normal 0.975098 0.221776 0
    outer loop
      vertex 229.205 23.4459 10
      vertex 229.174 23.5822 3
      vertex 229.174 23.5822 10
    endloop
  endfacet
  facet normal 0.975098 0.221776 0
    outer loop
      vertex 229.174 23.5822 3
      vertex 229.205 23.4459 10
      vertex 229.205 23.4459 3
    endloop
  endfacet
  facet normal -0.129827 0.991537 0
    outer loop
      vertex 231.028 22.2843 3
      vertex 230.889 22.2661 10
      vertex 231.028 22.2843 10
    endloop
  endfacet
  facet normal -0.129827 0.991537 0
    outer loop
      vertex 230.889 22.2661 10
      vertex 231.028 22.2843 3
      vertex 230.889 22.2661 3
    endloop
  endfacet
  facet normal 0.675271 -0.73757 0
    outer loop
      vertex 229.619 24.9914 3
      vertex 229.722 25.0857 10
      vertex 229.619 24.9914 10
    endloop
  endfacet
  facet normal 0.675271 -0.73757 0
    outer loop
      vertex 229.722 25.0857 10
      vertex 229.619 24.9914 3
      vertex 229.722 25.0857 3
    endloop
  endfacet
  facet normal 0.922441 0.386138 0
    outer loop
      vertex 229.3 23.1838 10
      vertex 229.246 23.3128 3
      vertex 229.246 23.3128 10
    endloop
  endfacet
  facet normal 0.922441 0.386138 0
    outer loop
      vertex 229.246 23.3128 3
      vertex 229.3 23.1838 10
      vertex 229.3 23.1838 3
    endloop
  endfacet
  facet normal -0.991648 0.128972 0
    outer loop
      vertex 232.326 23.5822 3
      vertex 232.344 23.7206 10
      vertex 232.344 23.7206 3
    endloop
  endfacet
  facet normal -0.991648 0.128972 0
    outer loop
      vertex 232.344 23.7206 10
      vertex 232.326 23.5822 3
      vertex 232.326 23.5822 10
    endloop
  endfacet
  facet normal -0.999075 0.0430018 0
    outer loop
      vertex 232.344 23.7206 3
      vertex 232.35 23.86 10
      vertex 232.35 23.86 3
    endloop
  endfacet
  facet normal -0.999075 0.0430018 0
    outer loop
      vertex 232.35 23.86 10
      vertex 232.344 23.7206 3
      vertex 232.344 23.7206 10
    endloop
  endfacet
  facet normal -0.955686 -0.294389 0
    outer loop
      vertex 232.295 24.2741 3
      vertex 232.254 24.4072 10
      vertex 232.254 24.4072 3
    endloop
  endfacet
  facet normal -0.955686 -0.294389 0
    outer loop
      vertex 232.254 24.4072 10
      vertex 232.295 24.2741 3
      vertex 232.295 24.2741 10
    endloop
  endfacet
  facet normal -0.793422 0.608672 0
    outer loop
      vertex 231.976 22.8315 3
      vertex 232.061 22.9423 10
      vertex 232.061 22.9423 3
    endloop
  endfacet
  facet normal -0.793422 0.608672 0
    outer loop
      vertex 232.061 22.9423 10
      vertex 231.976 22.8315 3
      vertex 231.976 22.8315 10
    endloop
  endfacet
  facet normal -0.216778 -0.976221 0
    outer loop
      vertex 231.028 25.4357 3
      vertex 231.164 25.4055 10
      vertex 231.028 25.4357 10
    endloop
  endfacet
  facet normal -0.216778 -0.976221 -0
    outer loop
      vertex 231.164 25.4055 10
      vertex 231.028 25.4357 3
      vertex 231.164 25.4055 3
    endloop
  endfacet
  facet normal 0.991648 0.128972 0
    outer loop
      vertex 229.174 23.5822 10
      vertex 229.156 23.7206 3
      vertex 229.156 23.7206 10
    endloop
  endfacet
  facet normal 0.991648 0.128972 0
    outer loop
      vertex 229.156 23.7206 3
      vertex 229.174 23.5822 10
      vertex 229.174 23.5822 3
    endloop
  endfacet
  facet normal -0.301131 -0.953583 0
    outer loop
      vertex 231.164 25.4055 3
      vertex 231.297 25.3635 10
      vertex 231.164 25.4055 10
    endloop
  endfacet
  facet normal -0.301131 -0.953583 -0
    outer loop
      vertex 231.297 25.3635 10
      vertex 231.164 25.4055 3
      vertex 231.297 25.3635 3
    endloop
  endfacet
  facet normal -0.216778 0.976221 0
    outer loop
      vertex 231.164 22.3145 3
      vertex 231.028 22.2843 10
      vertex 231.164 22.3145 10
    endloop
  endfacet
  facet normal -0.216778 0.976221 0
    outer loop
      vertex 231.028 22.2843 10
      vertex 231.164 22.3145 3
      vertex 231.028 22.2843 3
    endloop
  endfacet
  facet normal -0.0438427 -0.999038 0
    outer loop
      vertex 230.75 25.46 3
      vertex 230.889 25.4539 10
      vertex 230.75 25.46 10
    endloop
  endfacet
  facet normal -0.0438427 -0.999038 -0
    outer loop
      vertex 230.889 25.4539 10
      vertex 230.75 25.46 3
      vertex 230.889 25.4539 3
    endloop
  endfacet
  facet normal -0.888319 -0.459228 0
    outer loop
      vertex 232.2 24.5362 3
      vertex 232.136 24.66 10
      vertex 232.136 24.66 3
    endloop
  endfacet
  facet normal -0.888319 -0.459228 0
    outer loop
      vertex 232.136 24.66 10
      vertex 232.2 24.5362 3
      vertex 232.2 24.5362 10
    endloop
  endfacet
  facet normal 0.843337 -0.537385 0
    outer loop
      vertex 229.364 24.66 10
      vertex 229.439 24.7777 3
      vertex 229.439 24.7777 10
    endloop
  endfacet
  facet normal 0.843337 -0.537385 0
    outer loop
      vertex 229.439 24.7777 3
      vertex 229.364 24.66 10
      vertex 229.364 24.66 3
    endloop
  endfacet
  facet normal 0.888319 -0.459228 0
    outer loop
      vertex 229.3 24.5362 10
      vertex 229.364 24.66 3
      vertex 229.364 24.66 10
    endloop
  endfacet
  facet normal 0.888319 -0.459228 0
    outer loop
      vertex 229.364 24.66 3
      vertex 229.3 24.5362 10
      vertex 229.3 24.5362 3
    endloop
  endfacet
  facet normal -0.461465 0.887158 0
    outer loop
      vertex 231.55 22.4744 3
      vertex 231.426 22.4099 10
      vertex 231.55 22.4744 10
    endloop
  endfacet
  facet normal -0.461465 0.887158 0
    outer loop
      vertex 231.426 22.4099 10
      vertex 231.55 22.4744 3
      vertex 231.426 22.4099 3
    endloop
  endfacet
  facet normal 0.216778 -0.976221 0
    outer loop
      vertex 230.336 25.4055 3
      vertex 230.472 25.4357 10
      vertex 230.336 25.4055 10
    endloop
  endfacet
  facet normal 0.216778 -0.976221 0
    outer loop
      vertex 230.472 25.4357 10
      vertex 230.336 25.4055 3
      vertex 230.472 25.4357 3
    endloop
  endfacet
  facet normal 0.129827 -0.991537 0
    outer loop
      vertex 230.472 25.4357 3
      vertex 230.611 25.4539 10
      vertex 230.472 25.4357 10
    endloop
  endfacet
  facet normal 0.129827 -0.991537 0
    outer loop
      vertex 230.611 25.4539 10
      vertex 230.472 25.4357 3
      vertex 230.611 25.4539 3
    endloop
  endfacet
  facet normal -0.675271 -0.73757 0
    outer loop
      vertex 231.778 25.0857 3
      vertex 231.881 24.9914 10
      vertex 231.778 25.0857 10
    endloop
  endfacet
  facet normal -0.675271 -0.73757 -0
    outer loop
      vertex 231.881 24.9914 10
      vertex 231.778 25.0857 3
      vertex 231.881 24.9914 3
    endloop
  endfacet
  facet normal 0.843337 0.537385 0
    outer loop
      vertex 229.439 22.9423 10
      vertex 229.364 23.06 3
      vertex 229.364 23.06 10
    endloop
  endfacet
  facet normal 0.843337 0.537385 0
    outer loop
      vertex 229.364 23.06 3
      vertex 229.439 22.9423 10
      vertex 229.439 22.9423 3
    endloop
  endfacet
  facet normal 0.0438427 -0.999038 0
    outer loop
      vertex 230.611 25.4539 3
      vertex 230.75 25.46 10
      vertex 230.611 25.4539 10
    endloop
  endfacet
  facet normal 0.0438427 -0.999038 0
    outer loop
      vertex 230.75 25.46 10
      vertex 230.611 25.4539 3
      vertex 230.75 25.46 3
    endloop
  endfacet
  facet normal -0.675271 0.73757 0
    outer loop
      vertex 231.881 22.7286 3
      vertex 231.778 22.6343 10
      vertex 231.881 22.7286 10
    endloop
  endfacet
  facet normal -0.675271 0.73757 0
    outer loop
      vertex 231.778 22.6343 10
      vertex 231.881 22.7286 3
      vertex 231.778 22.6343 3
    endloop
  endfacet
  facet normal 0.734749 0.678339 0
    outer loop
      vertex 229.619 22.7286 10
      vertex 229.524 22.8315 3
      vertex 229.524 22.8315 10
    endloop
  endfacet
  facet normal 0.734749 0.678339 0
    outer loop
      vertex 229.524 22.8315 3
      vertex 229.619 22.7286 10
      vertex 229.619 22.7286 3
    endloop
  endfacet
  facet normal 0.793422 0.608672 0
    outer loop
      vertex 229.524 22.8315 10
      vertex 229.439 22.9423 3
      vertex 229.439 22.9423 10
    endloop
  endfacet
  facet normal 0.793422 0.608672 0
    outer loop
      vertex 229.439 22.9423 3
      vertex 229.524 22.8315 10
      vertex 229.524 22.8315 3
    endloop
  endfacet
  facet normal 0.301131 0.953583 -0
    outer loop
      vertex 230.336 22.3145 3
      vertex 230.203 22.3565 10
      vertex 230.336 22.3145 10
    endloop
  endfacet
  facet normal 0.301131 0.953583 0
    outer loop
      vertex 230.203 22.3565 10
      vertex 230.336 22.3145 3
      vertex 230.203 22.3565 3
    endloop
  endfacet
  facet normal -0.382478 0.923964 0
    outer loop
      vertex 231.426 22.4099 3
      vertex 231.297 22.3565 10
      vertex 231.426 22.4099 10
    endloop
  endfacet
  facet normal -0.382478 0.923964 0
    outer loop
      vertex 231.297 22.3565 10
      vertex 231.426 22.4099 3
      vertex 231.297 22.3565 3
    endloop
  endfacet
  facet normal -0.843337 0.537385 0
    outer loop
      vertex 232.061 22.9423 3
      vertex 232.136 23.06 10
      vertex 232.136 23.06 3
    endloop
  endfacet
  facet normal -0.843337 0.537385 0
    outer loop
      vertex 232.136 23.06 10
      vertex 232.061 22.9423 3
      vertex 232.061 22.9423 10
    endloop
  endfacet
  facet normal -0.888319 0.459228 0
    outer loop
      vertex 232.136 23.06 3
      vertex 232.2 23.1838 10
      vertex 232.2 23.1838 3
    endloop
  endfacet
  facet normal -0.888319 0.459228 0
    outer loop
      vertex 232.2 23.1838 10
      vertex 232.136 23.06 3
      vertex 232.136 23.06 10
    endloop
  endfacet
  facet normal -0.955686 0.294389 0
    outer loop
      vertex 232.254 23.3128 3
      vertex 232.295 23.4459 10
      vertex 232.295 23.4459 3
    endloop
  endfacet
  facet normal -0.955686 0.294389 0
    outer loop
      vertex 232.295 23.4459 10
      vertex 232.254 23.3128 3
      vertex 232.254 23.3128 10
    endloop
  endfacet
  facet normal 0.0438427 0.999038 -0
    outer loop
      vertex 230.75 22.26 3
      vertex 230.611 22.2661 10
      vertex 230.75 22.26 10
    endloop
  endfacet
  facet normal 0.0438427 0.999038 0
    outer loop
      vertex 230.611 22.2661 10
      vertex 230.75 22.26 3
      vertex 230.611 22.2661 3
    endloop
  endfacet
  facet normal 0.922441 -0.386138 0
    outer loop
      vertex 229.246 24.4072 10
      vertex 229.3 24.5362 3
      vertex 229.3 24.5362 10
    endloop
  endfacet
  facet normal 0.922441 -0.386138 0
    outer loop
      vertex 229.3 24.5362 3
      vertex 229.246 24.4072 10
      vertex 229.246 24.4072 3
    endloop
  endfacet
  facet normal 0.955686 -0.294389 0
    outer loop
      vertex 229.205 24.2741 10
      vertex 229.246 24.4072 3
      vertex 229.246 24.4072 10
    endloop
  endfacet
  facet normal 0.955686 -0.294389 0
    outer loop
      vertex 229.246 24.4072 3
      vertex 229.205 24.2741 10
      vertex 229.205 24.2741 3
    endloop
  endfacet
  facet normal -0.610997 0.791633 0
    outer loop
      vertex 231.778 22.6343 3
      vertex 231.668 22.5494 10
      vertex 231.778 22.6343 10
    endloop
  endfacet
  facet normal -0.610997 0.791633 0
    outer loop
      vertex 231.668 22.5494 10
      vertex 231.778 22.6343 3
      vertex 231.668 22.5494 3
    endloop
  endfacet
  facet normal -0.734749 -0.678339 0
    outer loop
      vertex 231.976 24.8885 3
      vertex 231.881 24.9914 10
      vertex 231.881 24.9914 3
    endloop
  endfacet
  facet normal -0.734749 -0.678339 0
    outer loop
      vertex 231.881 24.9914 10
      vertex 231.976 24.8885 3
      vertex 231.976 24.8885 10
    endloop
  endfacet
  facet normal 0.999075 -0.0430018 0
    outer loop
      vertex 229.15 23.86 10
      vertex 229.156 23.9994 3
      vertex 229.156 23.9994 10
    endloop
  endfacet
  facet normal 0.999075 -0.0430018 0
    outer loop
      vertex 229.156 23.9994 3
      vertex 229.15 23.86 10
      vertex 229.15 23.86 3
    endloop
  endfacet
  facet normal 0.610997 0.791633 -0
    outer loop
      vertex 229.832 22.5494 3
      vertex 229.722 22.6343 10
      vertex 229.832 22.5494 10
    endloop
  endfacet
  facet normal 0.610997 0.791633 0
    outer loop
      vertex 229.722 22.6343 10
      vertex 229.832 22.5494 3
      vertex 229.722 22.6343 3
    endloop
  endfacet
  facet normal 0.955686 0.294389 0
    outer loop
      vertex 229.246 23.3128 10
      vertex 229.205 23.4459 3
      vertex 229.205 23.4459 10
    endloop
  endfacet
  facet normal 0.955686 0.294389 0
    outer loop
      vertex 229.205 23.4459 3
      vertex 229.246 23.3128 10
      vertex 229.246 23.3128 3
    endloop
  endfacet
  facet normal -0.129827 -0.991537 0
    outer loop
      vertex 230.889 25.4539 3
      vertex 231.028 25.4357 10
      vertex 230.889 25.4539 10
    endloop
  endfacet
  facet normal -0.129827 -0.991537 -0
    outer loop
      vertex 231.028 25.4357 10
      vertex 230.889 25.4539 3
      vertex 231.028 25.4357 3
    endloop
  endfacet
  facet normal 0.536413 0.843956 -0
    outer loop
      vertex 229.95 22.4744 3
      vertex 229.832 22.5494 10
      vertex 229.95 22.4744 10
    endloop
  endfacet
  facet normal 0.536413 0.843956 0
    outer loop
      vertex 229.832 22.5494 10
      vertex 229.95 22.4744 3
      vertex 229.832 22.5494 3
    endloop
  endfacet
  facet normal 0.382478 0.923964 -0
    outer loop
      vertex 230.203 22.3565 3
      vertex 230.074 22.4099 10
      vertex 230.203 22.3565 10
    endloop
  endfacet
  facet normal 0.382478 0.923964 0
    outer loop
      vertex 230.074 22.4099 10
      vertex 230.203 22.3565 3
      vertex 230.074 22.4099 3
    endloop
  endfacet
  facet normal 0.129827 0.991537 -0
    outer loop
      vertex 230.611 22.2661 3
      vertex 230.472 22.2843 10
      vertex 230.611 22.2661 10
    endloop
  endfacet
  facet normal 0.129827 0.991537 0
    outer loop
      vertex 230.472 22.2843 10
      vertex 230.611 22.2661 3
      vertex 230.472 22.2843 3
    endloop
  endfacet
  facet normal 0.216778 0.976221 -0
    outer loop
      vertex 230.472 22.2843 3
      vertex 230.336 22.3145 10
      vertex 230.472 22.2843 10
    endloop
  endfacet
  facet normal 0.216778 0.976221 0
    outer loop
      vertex 230.336 22.3145 10
      vertex 230.472 22.2843 3
      vertex 230.336 22.3145 3
    endloop
  endfacet
  facet normal -0.793422 -0.608672 0
    outer loop
      vertex 232.061 24.7777 3
      vertex 231.976 24.8885 10
      vertex 231.976 24.8885 3
    endloop
  endfacet
  facet normal -0.793422 -0.608672 0
    outer loop
      vertex 231.976 24.8885 10
      vertex 232.061 24.7777 3
      vertex 232.061 24.7777 10
    endloop
  endfacet
  facet normal 0.991427 0.130662 0
    outer loop
      vertex 21.9848 131.709 10
      vertex 21.9392 132.055 3
      vertex 21.9392 132.055 10
    endloop
  endfacet
  facet normal 0.991427 0.130662 0
    outer loop
      vertex 21.9392 132.055 3
      vertex 21.9848 131.709 10
      vertex 21.9848 131.709 3
    endloop
  endfacet
  facet normal 0.999053 0.0435118 0
    outer loop
      vertex 22 131.36 10
      vertex 21.9848 131.709 3
      vertex 21.9848 131.709 10
    endloop
  endfacet
  facet normal 0.999053 0.0435118 0
    outer loop
      vertex 21.9848 131.709 3
      vertex 22 131.36 10
      vertex 22 131.36 3
    endloop
  endfacet
  facet normal 0.976221 0.216778 0
    outer loop
      vertex 21.9392 132.055 10
      vertex 21.8637 132.395 3
      vertex 21.8637 132.395 10
    endloop
  endfacet
  facet normal 0.976221 0.216778 0
    outer loop
      vertex 21.8637 132.395 3
      vertex 21.9392 132.055 10
      vertex 21.9392 132.055 3
    endloop
  endfacet
  facet normal 0.383802 -0.923416 0
    outer loop
      vertex 19.3681 127.601 3
      vertex 19.6905 127.735 10
      vertex 19.3681 127.601 10
    endloop
  endfacet
  facet normal 0.383802 -0.923416 0
    outer loop
      vertex 19.6905 127.735 10
      vertex 19.3681 127.601 3
      vertex 19.6905 127.735 3
    endloop
  endfacet
  facet normal -0.84313 -0.53771 0
    outer loop
      vertex 14.7234 129.066 3
      vertex 14.5359 129.36 10
      vertex 14.5359 129.36 3
    endloop
  endfacet
  facet normal -0.84313 -0.53771 0
    outer loop
      vertex 14.5359 129.36 10
      vertex 14.7234 129.066 3
      vertex 14.7234 129.066 10
    endloop
  endfacet
  facet normal -0.84313 0.53771 0
    outer loop
      vertex 14.5359 133.36 3
      vertex 14.7234 133.654 10
      vertex 14.7234 133.654 3
    endloop
  endfacet
  facet normal -0.84313 0.53771 0
    outer loop
      vertex 14.7234 133.654 10
      vertex 14.5359 133.36 3
      vertex 14.5359 133.36 10
    endloop
  endfacet
  facet normal 0.300885 0.953661 -0
    outer loop
      vertex 19.3681 135.119 3
      vertex 19.0353 135.224 10
      vertex 19.3681 135.119 10
    endloop
  endfacet
  facet normal 0.300885 0.953661 0
    outer loop
      vertex 19.0353 135.224 10
      vertex 19.3681 135.119 3
      vertex 19.0353 135.224 3
    endloop
  endfacet
  facet normal -0.300885 0.953661 0
    outer loop
      vertex 16.9647 135.224 3
      vertex 16.6319 135.119 10
      vertex 16.9647 135.224 10
    endloop
  endfacet
  facet normal -0.300885 0.953661 0
    outer loop
      vertex 16.6319 135.119 10
      vertex 16.9647 135.224 3
      vertex 16.6319 135.119 3
    endloop
  endfacet
  facet normal 0.131788 -0.991278 0
    outer loop
      vertex 18.3486 127.375 3
      vertex 18.6946 127.421 10
      vertex 18.3486 127.375 10
    endloop
  endfacet
  facet normal 0.131788 -0.991278 0
    outer loop
      vertex 18.6946 127.421 10
      vertex 18.3486 127.375 3
      vertex 18.6946 127.421 3
    endloop
  endfacet
  facet normal -0.953795 0.30046 0
    outer loop
      vertex 14.1363 132.395 3
      vertex 14.2412 132.728 10
      vertex 14.2412 132.728 3
    endloop
  endfacet
  facet normal -0.953795 0.30046 0
    outer loop
      vertex 14.2412 132.728 10
      vertex 14.1363 132.395 3
      vertex 14.1363 132.395 10
    endloop
  endfacet
  facet normal 0.609849 0.792518 -0
    outer loop
      vertex 20.5711 134.424 3
      vertex 20.2943 134.637 10
      vertex 20.5711 134.424 10
    endloop
  endfacet
  facet normal 0.609849 0.792518 0
    outer loop
      vertex 20.2943 134.637 10
      vertex 20.5711 134.424 3
      vertex 20.2943 134.637 3
    endloop
  endfacet
  facet normal 0.131788 0.991278 -0
    outer loop
      vertex 18.6946 135.299 3
      vertex 18.3486 135.345 10
      vertex 18.6946 135.299 10
    endloop
  endfacet
  facet normal 0.131788 0.991278 0
    outer loop
      vertex 18.3486 135.345 10
      vertex 18.6946 135.299 3
      vertex 18.3486 135.345 3
    endloop
  endfacet
  facet normal -0.923653 -0.38323 0
    outer loop
      vertex 14.3748 129.67 3
      vertex 14.2412 129.992 10
      vertex 14.2412 129.992 3
    endloop
  endfacet
  facet normal -0.923653 -0.38323 0
    outer loop
      vertex 14.2412 129.992 10
      vertex 14.3748 129.67 3
      vertex 14.3748 129.67 10
    endloop
  endfacet
  facet normal 0.79356 -0.608492 0
    outer loop
      vertex 21.0642 128.789 10
      vertex 21.2766 129.066 3
      vertex 21.2766 129.066 10
    endloop
  endfacet
  facet normal 0.79356 -0.608492 0
    outer loop
      vertex 21.2766 129.066 3
      vertex 21.0642 128.789 10
      vertex 21.0642 128.789 3
    endloop
  endfacet
  facet normal -0.953795 -0.30046 0
    outer loop
      vertex 14.2412 129.992 3
      vertex 14.1363 130.325 10
      vertex 14.1363 130.325 3
    endloop
  endfacet
  facet normal -0.953795 -0.30046 0
    outer loop
      vertex 14.1363 130.325 10
      vertex 14.2412 129.992 3
      vertex 14.2412 129.992 10
    endloop
  endfacet
  facet normal 0.976221 -0.216778 0
    outer loop
      vertex 21.8637 130.325 10
      vertex 21.9392 130.665 3
      vertex 21.9392 130.665 10
    endloop
  endfacet
  facet normal 0.976221 -0.216778 0
    outer loop
      vertex 21.9392 130.665 3
      vertex 21.8637 130.325 10
      vertex 21.8637 130.325 3
    endloop
  endfacet
  facet normal -0.461488 -0.887146 0
    outer loop
      vertex 16 127.896 3
      vertex 16.3095 127.735 10
      vertex 16 127.896 10
    endloop
  endfacet
  facet normal -0.461488 -0.887146 -0
    outer loop
      vertex 16.3095 127.735 10
      vertex 16 127.896 3
      vertex 16.3095 127.735 3
    endloop
  endfacet
  facet normal -0.79356 -0.608492 0
    outer loop
      vertex 14.9358 128.789 3
      vertex 14.7234 129.066 10
      vertex 14.7234 129.066 3
    endloop
  endfacet
  facet normal -0.79356 -0.608492 0
    outer loop
      vertex 14.7234 129.066 10
      vertex 14.9358 128.789 3
      vertex 14.9358 128.789 10
    endloop
  endfacet
  facet normal 0.461488 0.887146 -0
    outer loop
      vertex 20 134.824 3
      vertex 19.6905 134.985 10
      vertex 20 134.824 10
    endloop
  endfacet
  facet normal 0.461488 0.887146 0
    outer loop
      vertex 19.6905 134.985 10
      vertex 20 134.824 3
      vertex 19.6905 134.985 3
    endloop
  endfacet
  facet normal 0.0429895 0.999076 -0
    outer loop
      vertex 18.3486 135.345 3
      vertex 18 135.36 10
      vertex 18.3486 135.345 10
    endloop
  endfacet
  facet normal 0.0429895 0.999076 0
    outer loop
      vertex 18 135.36 10
      vertex 18.3486 135.345 3
      vertex 18 135.36 3
    endloop
  endfacet
  facet normal 0.736845 0.676062 0
    outer loop
      vertex 21.0642 133.931 10
      vertex 20.8284 134.188 3
      vertex 20.8284 134.188 10
    endloop
  endfacet
  facet normal 0.736845 0.676062 0
    outer loop
      vertex 20.8284 134.188 3
      vertex 21.0642 133.931 10
      vertex 21.0642 133.931 3
    endloop
  endfacet
  facet normal 0.5363 0.844027 -0
    outer loop
      vertex 20.2943 134.637 3
      vertex 20 134.824 10
      vertex 20.2943 134.637 10
    endloop
  endfacet
  facet normal 0.5363 0.844027 0
    outer loop
      vertex 20 134.824 10
      vertex 20.2943 134.637 3
      vertex 20 134.824 3
    endloop
  endfacet
  facet normal -0.214988 0.976617 0
    outer loop
      vertex 17.3054 135.299 3
      vertex 16.9647 135.224 10
      vertex 17.3054 135.299 10
    endloop
  endfacet
  facet normal -0.214988 0.976617 0
    outer loop
      vertex 16.9647 135.224 10
      vertex 17.3054 135.299 3
      vertex 16.9647 135.224 3
    endloop
  endfacet
  facet normal -0.609849 0.792518 0
    outer loop
      vertex 15.7057 134.637 3
      vertex 15.4289 134.424 10
      vertex 15.7057 134.637 10
    endloop
  endfacet
  facet normal -0.609849 0.792518 0
    outer loop
      vertex 15.4289 134.424 10
      vertex 15.7057 134.637 3
      vertex 15.4289 134.424 3
    endloop
  endfacet
  facet normal 0.953795 0.30046 0
    outer loop
      vertex 21.8637 132.395 10
      vertex 21.7588 132.728 3
      vertex 21.7588 132.728 10
    endloop
  endfacet
  facet normal 0.953795 0.30046 0
    outer loop
      vertex 21.7588 132.728 3
      vertex 21.8637 132.395 10
      vertex 21.8637 132.395 3
    endloop
  endfacet
  facet normal -0.609849 -0.792518 0
    outer loop
      vertex 15.4289 128.296 3
      vertex 15.7057 128.083 10
      vertex 15.4289 128.296 10
    endloop
  endfacet
  facet normal -0.609849 -0.792518 -0
    outer loop
      vertex 15.7057 128.083 10
      vertex 15.4289 128.296 3
      vertex 15.7057 128.083 3
    endloop
  endfacet
  facet normal 0.923653 -0.38323 0
    outer loop
      vertex 21.6252 129.67 10
      vertex 21.7588 129.992 3
      vertex 21.7588 129.992 10
    endloop
  endfacet
  facet normal 0.923653 -0.38323 0
    outer loop
      vertex 21.7588 129.992 3
      vertex 21.6252 129.67 10
      vertex 21.6252 129.67 3
    endloop
  endfacet
  facet normal 0.383802 0.923416 -0
    outer loop
      vertex 19.6905 134.985 3
      vertex 19.3681 135.119 10
      vertex 19.6905 134.985 10
    endloop
  endfacet
  facet normal 0.383802 0.923416 0
    outer loop
      vertex 19.3681 135.119 10
      vertex 19.6905 134.985 3
      vertex 19.3681 135.119 3
    endloop
  endfacet
  facet normal 0.214988 0.976617 -0
    outer loop
      vertex 19.0353 135.224 3
      vertex 18.6946 135.299 10
      vertex 19.0353 135.224 10
    endloop
  endfacet
  facet normal 0.214988 0.976617 0
    outer loop
      vertex 18.6946 135.299 10
      vertex 19.0353 135.224 3
      vertex 18.6946 135.299 3
    endloop
  endfacet
  facet normal -0.991427 0.130662 0
    outer loop
      vertex 14.0152 131.709 3
      vertex 14.0608 132.055 10
      vertex 14.0608 132.055 3
    endloop
  endfacet
  facet normal -0.991427 0.130662 0
    outer loop
      vertex 14.0608 132.055 10
      vertex 14.0152 131.709 3
      vertex 14.0152 131.709 10
    endloop
  endfacet
  facet normal 0 0 1
    outer loop
      vertex 19.6 131.36 10
      vertex 22 131.36 10
      vertex 21.9848 131.709 10
    endloop
  endfacet
  facet normal 0 0 1
    outer loop
      vertex 19.5939 131.499 10
      vertex 21.9848 131.709 10
      vertex 21.9392 132.055 10
    endloop
  endfacet
  facet normal 0 0 1
    outer loop
      vertex 22 131.36 10
      vertex 19.6 131.36 10
      vertex 21.9848 131.011 10
    endloop
  endfacet
  facet normal 0 0 1
    outer loop
      vertex 19.5757 131.638 10
      vertex 21.9392 132.055 10
      vertex 21.8637 132.395 10
    endloop
  endfacet
  facet normal -0 0 1
    outer loop
      vertex 19.5939 131.221 10
      vertex 21.9848 131.011 10
      vertex 19.6 131.36 10
    endloop
  endfacet
  facet normal 0 0 1
    outer loop
      vertex 19.5455 131.774 10
      vertex 21.8637 132.395 10
      vertex 21.7588 132.728 10
    endloop
  endfacet
  facet normal 0 0 1
    outer loop
      vertex 21.9848 131.011 10
      vertex 19.5939 131.221 10
      vertex 21.9392 130.665 10
    endloop
  endfacet
  facet normal 0 0 1
    outer loop
      vertex 19.5035 131.907 10
      vertex 21.7588 132.728 10
      vertex 21.6252 133.05 10
    endloop
  endfacet
  facet normal -0 0 1
    outer loop
      vertex 19.5757 131.082 10
      vertex 21.9392 130.665 10
      vertex 19.5939 131.221 10
    endloop
  endfacet
  facet normal 0 0 1
    outer loop
      vertex 19.4501 132.036 10
      vertex 21.6252 133.05 10
      vertex 21.4641 133.36 10
    endloop
  endfacet
  facet normal 0 0 1
    outer loop
      vertex 21.9392 130.665 10
      vertex 19.5757 131.082 10
      vertex 21.8637 130.325 10
    endloop
  endfacet
  facet normal 0 0 1
    outer loop
      vertex 19.3856 132.16 10
      vertex 21.4641 133.36 10
      vertex 21.2766 133.654 10
    endloop
  endfacet
  facet normal -0 0 1
    outer loop
      vertex 19.5455 130.946 10
      vertex 21.8637 130.325 10
      vertex 19.5757 131.082 10
    endloop
  endfacet
  facet normal 0 0 1
    outer loop
      vertex 19.3106 132.278 10
      vertex 21.2766 133.654 10
      vertex 21.0642 133.931 10
    endloop
  endfacet
  facet normal 0 0 1
    outer loop
      vertex 21.8637 130.325 10
      vertex 19.5455 130.946 10
      vertex 21.7588 129.992 10
    endloop
  endfacet
  facet normal 0 0 1
    outer loop
      vertex 19.2257 132.388 10
      vertex 21.0642 133.931 10
      vertex 20.8284 134.188 10
    endloop
  endfacet
  facet normal -0 0 1
    outer loop
      vertex 19.5035 130.813 10
      vertex 21.7588 129.992 10
      vertex 19.5455 130.946 10
    endloop
  endfacet
  facet normal 0 0 1
    outer loop
      vertex 19.1314 132.491 10
      vertex 20.8284 134.188 10
      vertex 20.5711 134.424 10
    endloop
  endfacet
  facet normal 0 0 1
    outer loop
      vertex 21.7588 129.992 10
      vertex 19.5035 130.813 10
      vertex 21.6252 129.67 10
    endloop
  endfacet
  facet normal 0 0 1
    outer loop
      vertex 19.0285 132.586 10
      vertex 20.5711 134.424 10
      vertex 20.2943 134.637 10
    endloop
  endfacet
  facet normal -0 0 1
    outer loop
      vertex 19.4501 130.684 10
      vertex 21.6252 129.67 10
      vertex 19.5035 130.813 10
    endloop
  endfacet
  facet normal 0 0 1
    outer loop
      vertex 18.9177 132.671 10
      vertex 20.2943 134.637 10
      vertex 20 134.824 10
    endloop
  endfacet
  facet normal 0 0 1
    outer loop
      vertex 21.6252 129.67 10
      vertex 19.4501 130.684 10
      vertex 21.4641 129.36 10
    endloop
  endfacet
  facet normal 0 0 1
    outer loop
      vertex 18.8 132.746 10
      vertex 20 134.824 10
      vertex 19.6905 134.985 10
    endloop
  endfacet
  facet normal -0 0 1
    outer loop
      vertex 19.3856 130.56 10
      vertex 21.4641 129.36 10
      vertex 19.4501 130.684 10
    endloop
  endfacet
  facet normal 0 0 1
    outer loop
      vertex 21.4641 129.36 10
      vertex 19.3856 130.56 10
      vertex 21.2766 129.066 10
    endloop
  endfacet
  facet normal 0 0 1
    outer loop
      vertex 21.9848 131.709 10
      vertex 19.5939 131.499 10
      vertex 19.6 131.36 10
    endloop
  endfacet
  facet normal 0 0 1
    outer loop
      vertex 21.9392 132.055 10
      vertex 19.5757 131.638 10
      vertex 19.5939 131.499 10
    endloop
  endfacet
  facet normal 0 0 1
    outer loop
      vertex 21.8637 132.395 10
      vertex 19.5455 131.774 10
      vertex 19.5757 131.638 10
    endloop
  endfacet
  facet normal 0 0 1
    outer loop
      vertex 21.7588 132.728 10
      vertex 19.5035 131.907 10
      vertex 19.5455 131.774 10
    endloop
  endfacet
  facet normal 0 0 1
    outer loop
      vertex 21.6252 133.05 10
      vertex 19.4501 132.036 10
      vertex 19.5035 131.907 10
    endloop
  endfacet
  facet normal 0 0 1
    outer loop
      vertex 21.4641 133.36 10
      vertex 19.3856 132.16 10
      vertex 19.4501 132.036 10
    endloop
  endfacet
  facet normal 0 0 1
    outer loop
      vertex 18.6762 132.81 10
      vertex 19.6905 134.985 10
      vertex 19.3681 135.119 10
    endloop
  endfacet
  facet normal 0 0 1
    outer loop
      vertex 21.2766 133.654 10
      vertex 19.3106 132.278 10
      vertex 19.3856 132.16 10
    endloop
  endfacet
  facet normal 0 0 1
    outer loop
      vertex 21.0642 133.931 10
      vertex 19.2257 132.388 10
      vertex 19.3106 132.278 10
    endloop
  endfacet
  facet normal 0 0 1
    outer loop
      vertex 20.8284 134.188 10
      vertex 19.1314 132.491 10
      vertex 19.2257 132.388 10
    endloop
  endfacet
  facet normal 0 0 1
    outer loop
      vertex 18.5472 132.864 10
      vertex 19.3681 135.119 10
      vertex 19.0353 135.224 10
    endloop
  endfacet
  facet normal 0 0 1
    outer loop
      vertex 20.5711 134.424 10
      vertex 19.0285 132.586 10
      vertex 19.1314 132.491 10
    endloop
  endfacet
  facet normal 0 0 1
    outer loop
      vertex 20.2943 134.637 10
      vertex 18.9177 132.671 10
      vertex 19.0285 132.586 10
    endloop
  endfacet
  facet normal 0 0 1
    outer loop
      vertex 20 134.824 10
      vertex 18.8 132.746 10
      vertex 18.9177 132.671 10
    endloop
  endfacet
  facet normal 0 0 1
    outer loop
      vertex 18.4141 132.905 10
      vertex 19.0353 135.224 10
      vertex 18.6946 135.299 10
    endloop
  endfacet
  facet normal 0 0 1
    outer loop
      vertex 19.6905 134.985 10
      vertex 18.6762 132.81 10
      vertex 18.8 132.746 10
    endloop
  endfacet
  facet normal 0 0 1
    outer loop
      vertex 19.3681 135.119 10
      vertex 18.5472 132.864 10
      vertex 18.6762 132.81 10
    endloop
  endfacet
  facet normal 0 0 1
    outer loop
      vertex 19.0353 135.224 10
      vertex 18.4141 132.905 10
      vertex 18.5472 132.864 10
    endloop
  endfacet
  facet normal 0 0 1
    outer loop
      vertex 18.2778 132.936 10
      vertex 18.6946 135.299 10
      vertex 18.3486 135.345 10
    endloop
  endfacet
  facet normal 0 0 1
    outer loop
      vertex 18.6946 135.299 10
      vertex 18.2778 132.936 10
      vertex 18.4141 132.905 10
    endloop
  endfacet
  facet normal 0 0 1
    outer loop
      vertex 18.3486 135.345 10
      vertex 18.1395 132.954 10
      vertex 18.2778 132.936 10
    endloop
  endfacet
  facet normal 0 0 1
    outer loop
      vertex 18 135.36 10
      vertex 18.1395 132.954 10
      vertex 18.3486 135.345 10
    endloop
  endfacet
  facet normal 0 0 1
    outer loop
      vertex 18 135.36 10
      vertex 18 132.96 10
      vertex 18.1395 132.954 10
    endloop
  endfacet
  facet normal 0 0 1
    outer loop
      vertex 18 135.36 10
      vertex 17.8605 132.954 10
      vertex 18 132.96 10
    endloop
  endfacet
  facet normal -0 0 1
    outer loop
      vertex 17.6514 135.345 10
      vertex 17.8605 132.954 10
      vertex 18 135.36 10
    endloop
  endfacet
  facet normal 0 0 1
    outer loop
      vertex 17.8605 132.954 10
      vertex 17.6514 135.345 10
      vertex 17.7222 132.936 10
    endloop
  endfacet
  facet normal -0 0 1
    outer loop
      vertex 17.3054 135.299 10
      vertex 17.7222 132.936 10
      vertex 17.6514 135.345 10
    endloop
  endfacet
  facet normal 0 0 1
    outer loop
      vertex 17.7222 132.936 10
      vertex 17.3054 135.299 10
      vertex 17.5859 132.905 10
    endloop
  endfacet
  facet normal -0 0 1
    outer loop
      vertex 16.9647 135.224 10
      vertex 17.5859 132.905 10
      vertex 17.3054 135.299 10
    endloop
  endfacet
  facet normal 0 0 1
    outer loop
      vertex 17.5859 132.905 10
      vertex 16.9647 135.224 10
      vertex 17.4528 132.864 10
    endloop
  endfacet
  facet normal -0 0 1
    outer loop
      vertex 16.6319 135.119 10
      vertex 17.4528 132.864 10
      vertex 16.9647 135.224 10
    endloop
  endfacet
  facet normal 0 0 1
    outer loop
      vertex 17.4528 132.864 10
      vertex 16.6319 135.119 10
      vertex 17.3238 132.81 10
    endloop
  endfacet
  facet normal -0 0 1
    outer loop
      vertex 16.3095 134.985 10
      vertex 17.3238 132.81 10
      vertex 16.6319 135.119 10
    endloop
  endfacet
  facet normal 0 0 1
    outer loop
      vertex 17.3238 132.81 10
      vertex 16.3095 134.985 10
      vertex 17.2 132.746 10
    endloop
  endfacet
  facet normal -0 0 1
    outer loop
      vertex 16 134.824 10
      vertex 17.2 132.746 10
      vertex 16.3095 134.985 10
    endloop
  endfacet
  facet normal 0 0 1
    outer loop
      vertex 17.2 132.746 10
      vertex 16 134.824 10
      vertex 17.0823 132.671 10
    endloop
  endfacet
  facet normal -0 0 1
    outer loop
      vertex 15.7057 134.637 10
      vertex 17.0823 132.671 10
      vertex 16 134.824 10
    endloop
  endfacet
  facet normal 0 0 1
    outer loop
      vertex 17.0823 132.671 10
      vertex 15.7057 134.637 10
      vertex 16.9715 132.586 10
    endloop
  endfacet
  facet normal -0 0 1
    outer loop
      vertex 15.4289 134.424 10
      vertex 16.9715 132.586 10
      vertex 15.7057 134.637 10
    endloop
  endfacet
  facet normal 0 0 1
    outer loop
      vertex 16.9715 132.586 10
      vertex 15.4289 134.424 10
      vertex 16.8686 132.491 10
    endloop
  endfacet
  facet normal -0 0 1
    outer loop
      vertex 15.1716 134.188 10
      vertex 16.8686 132.491 10
      vertex 15.4289 134.424 10
    endloop
  endfacet
  facet normal 0 0 1
    outer loop
      vertex 16.8686 132.491 10
      vertex 15.1716 134.188 10
      vertex 16.7743 132.388 10
    endloop
  endfacet
  facet normal -0 0 1
    outer loop
      vertex 14.9358 133.931 10
      vertex 16.7743 132.388 10
      vertex 15.1716 134.188 10
    endloop
  endfacet
  facet normal 0 0 1
    outer loop
      vertex 16.7743 132.388 10
      vertex 14.9358 133.931 10
      vertex 16.6894 132.278 10
    endloop
  endfacet
  facet normal 0 0 1
    outer loop
      vertex 16.6894 132.278 10
      vertex 14.7234 133.654 10
      vertex 16.6144 132.16 10
    endloop
  endfacet
  facet normal -0 0 1
    outer loop
      vertex 14.7234 133.654 10
      vertex 16.6894 132.278 10
      vertex 14.9358 133.931 10
    endloop
  endfacet
  facet normal -0 0 1
    outer loop
      vertex 19.3106 130.442 10
      vertex 21.2766 129.066 10
      vertex 19.3856 130.56 10
    endloop
  endfacet
  facet normal 0 0 1
    outer loop
      vertex 21.2766 129.066 10
      vertex 19.3106 130.442 10
      vertex 21.0642 128.789 10
    endloop
  endfacet
  facet normal -0 0 1
    outer loop
      vertex 19.2257 130.332 10
      vertex 21.0642 128.789 10
      vertex 19.3106 130.442 10
    endloop
  endfacet
  facet normal 0 0 1
    outer loop
      vertex 21.0642 128.789 10
      vertex 19.2257 130.332 10
      vertex 20.8284 128.532 10
    endloop
  endfacet
  facet normal -0 0 1
    outer loop
      vertex 19.1314 130.229 10
      vertex 20.8284 128.532 10
      vertex 19.2257 130.332 10
    endloop
  endfacet
  facet normal 0 0 1
    outer loop
      vertex 20.8284 128.532 10
      vertex 19.1314 130.229 10
      vertex 20.5711 128.296 10
    endloop
  endfacet
  facet normal -0 0 1
    outer loop
      vertex 19.0285 130.134 10
      vertex 20.5711 128.296 10
      vertex 19.1314 130.229 10
    endloop
  endfacet
  facet normal 0 0 1
    outer loop
      vertex 20.5711 128.296 10
      vertex 19.0285 130.134 10
      vertex 20.2943 128.083 10
    endloop
  endfacet
  facet normal -0 0 1
    outer loop
      vertex 18.9177 130.049 10
      vertex 20.2943 128.083 10
      vertex 19.0285 130.134 10
    endloop
  endfacet
  facet normal 0 0 1
    outer loop
      vertex 20.2943 128.083 10
      vertex 18.9177 130.049 10
      vertex 20 127.896 10
    endloop
  endfacet
  facet normal -0 0 1
    outer loop
      vertex 18.8 129.974 10
      vertex 20 127.896 10
      vertex 18.9177 130.049 10
    endloop
  endfacet
  facet normal 0 0 1
    outer loop
      vertex 20 127.896 10
      vertex 18.8 129.974 10
      vertex 19.6905 127.735 10
    endloop
  endfacet
  facet normal -0 0 1
    outer loop
      vertex 18.6762 129.91 10
      vertex 19.6905 127.735 10
      vertex 18.8 129.974 10
    endloop
  endfacet
  facet normal 0 0 1
    outer loop
      vertex 19.6905 127.735 10
      vertex 18.6762 129.91 10
      vertex 19.3681 127.601 10
    endloop
  endfacet
  facet normal -0 0 1
    outer loop
      vertex 18.5472 129.856 10
      vertex 19.3681 127.601 10
      vertex 18.6762 129.91 10
    endloop
  endfacet
  facet normal 0 0 1
    outer loop
      vertex 19.3681 127.601 10
      vertex 18.5472 129.856 10
      vertex 19.0353 127.496 10
    endloop
  endfacet
  facet normal -0 0 1
    outer loop
      vertex 18.4141 129.815 10
      vertex 19.0353 127.496 10
      vertex 18.5472 129.856 10
    endloop
  endfacet
  facet normal 0 0 1
    outer loop
      vertex 19.0353 127.496 10
      vertex 18.4141 129.815 10
      vertex 18.6946 127.421 10
    endloop
  endfacet
  facet normal -0 0 1
    outer loop
      vertex 18.2778 129.784 10
      vertex 18.6946 127.421 10
      vertex 18.4141 129.815 10
    endloop
  endfacet
  facet normal 0 0 1
    outer loop
      vertex 18.6946 127.421 10
      vertex 18.2778 129.784 10
      vertex 18.3486 127.375 10
    endloop
  endfacet
  facet normal -0 0 1
    outer loop
      vertex 18.1395 129.766 10
      vertex 18.3486 127.375 10
      vertex 18.2778 129.784 10
    endloop
  endfacet
  facet normal -0 0 1
    outer loop
      vertex 18 129.76 10
      vertex 18.3486 127.375 10
      vertex 18.1395 129.766 10
    endloop
  endfacet
  facet normal 0 0 1
    outer loop
      vertex 18 129.76 10
      vertex 18 127.36 10
      vertex 18.3486 127.375 10
    endloop
  endfacet
  facet normal 0 0 1
    outer loop
      vertex 17.8605 129.766 10
      vertex 18 127.36 10
      vertex 18 129.76 10
    endloop
  endfacet
  facet normal 0 0 1
    outer loop
      vertex 17.6514 127.375 10
      vertex 17.8605 129.766 10
      vertex 17.7222 129.784 10
    endloop
  endfacet
  facet normal 0 0 1
    outer loop
      vertex 17.8605 129.766 10
      vertex 17.6514 127.375 10
      vertex 18 127.36 10
    endloop
  endfacet
  facet normal 0 0 1
    outer loop
      vertex 17.3054 127.421 10
      vertex 17.7222 129.784 10
      vertex 17.5859 129.815 10
    endloop
  endfacet
  facet normal 0 0 1
    outer loop
      vertex 16.9647 127.496 10
      vertex 17.5859 129.815 10
      vertex 17.4528 129.856 10
    endloop
  endfacet
  facet normal 0 0 1
    outer loop
      vertex 16.6319 127.601 10
      vertex 17.4528 129.856 10
      vertex 17.3238 129.91 10
    endloop
  endfacet
  facet normal 0 0 1
    outer loop
      vertex 17.7222 129.784 10
      vertex 17.3054 127.421 10
      vertex 17.6514 127.375 10
    endloop
  endfacet
  facet normal 0 0 1
    outer loop
      vertex 16.3095 127.735 10
      vertex 17.3238 129.91 10
      vertex 17.2 129.974 10
    endloop
  endfacet
  facet normal 0 0 1
    outer loop
      vertex 16 127.896 10
      vertex 17.2 129.974 10
      vertex 17.0823 130.049 10
    endloop
  endfacet
  facet normal 0 0 1
    outer loop
      vertex 15.7057 128.083 10
      vertex 17.0823 130.049 10
      vertex 16.9715 130.134 10
    endloop
  endfacet
  facet normal 0 0 1
    outer loop
      vertex 17.5859 129.815 10
      vertex 16.9647 127.496 10
      vertex 17.3054 127.421 10
    endloop
  endfacet
  facet normal 0 0 1
    outer loop
      vertex 15.4289 128.296 10
      vertex 16.9715 130.134 10
      vertex 16.8686 130.229 10
    endloop
  endfacet
  facet normal 0 0 1
    outer loop
      vertex 15.1716 128.532 10
      vertex 16.8686 130.229 10
      vertex 16.7743 130.332 10
    endloop
  endfacet
  facet normal 0 0 1
    outer loop
      vertex 14.9358 128.789 10
      vertex 16.7743 130.332 10
      vertex 16.6894 130.442 10
    endloop
  endfacet
  facet normal 0 0 1
    outer loop
      vertex 17.4528 129.856 10
      vertex 16.6319 127.601 10
      vertex 16.9647 127.496 10
    endloop
  endfacet
  facet normal 0 0 1
    outer loop
      vertex 14.7234 129.066 10
      vertex 16.6894 130.442 10
      vertex 16.6144 130.56 10
    endloop
  endfacet
  facet normal 0 0 1
    outer loop
      vertex 14.5359 129.36 10
      vertex 16.6144 130.56 10
      vertex 16.5499 130.684 10
    endloop
  endfacet
  facet normal 0 0 1
    outer loop
      vertex 14.3748 129.67 10
      vertex 16.5499 130.684 10
      vertex 16.4965 130.813 10
    endloop
  endfacet
  facet normal 0 0 1
    outer loop
      vertex 14.2412 129.992 10
      vertex 16.4965 130.813 10
      vertex 16.4545 130.946 10
    endloop
  endfacet
  facet normal 0 0 1
    outer loop
      vertex 14.1363 130.325 10
      vertex 16.4545 130.946 10
      vertex 16.4243 131.082 10
    endloop
  endfacet
  facet normal 0 0 1
    outer loop
      vertex 14.0608 130.665 10
      vertex 16.4243 131.082 10
      vertex 16.4061 131.221 10
    endloop
  endfacet
  facet normal 0 0 1
    outer loop
      vertex 17.3238 129.91 10
      vertex 16.3095 127.735 10
      vertex 16.6319 127.601 10
    endloop
  endfacet
  facet normal 0 0 1
    outer loop
      vertex 14.0152 131.011 10
      vertex 16.4061 131.221 10
      vertex 16.4 131.36 10
    endloop
  endfacet
  facet normal -0 0 1
    outer loop
      vertex 14.5359 133.36 10
      vertex 16.6144 132.16 10
      vertex 14.7234 133.654 10
    endloop
  endfacet
  facet normal 0 0 1
    outer loop
      vertex 16.6144 132.16 10
      vertex 14.5359 133.36 10
      vertex 16.5499 132.036 10
    endloop
  endfacet
  facet normal 0 0 1
    outer loop
      vertex 17.2 129.974 10
      vertex 16 127.896 10
      vertex 16.3095 127.735 10
    endloop
  endfacet
  facet normal -0 0 1
    outer loop
      vertex 14.3748 133.05 10
      vertex 16.5499 132.036 10
      vertex 14.5359 133.36 10
    endloop
  endfacet
  facet normal 0 0 1
    outer loop
      vertex 17.0823 130.049 10
      vertex 15.7057 128.083 10
      vertex 16 127.896 10
    endloop
  endfacet
  facet normal 0 0 1
    outer loop
      vertex 16.5499 132.036 10
      vertex 14.3748 133.05 10
      vertex 16.4965 131.907 10
    endloop
  endfacet
  facet normal 0 0 1
    outer loop
      vertex 16.9715 130.134 10
      vertex 15.4289 128.296 10
      vertex 15.7057 128.083 10
    endloop
  endfacet
  facet normal -0 0 1
    outer loop
      vertex 14.2412 132.728 10
      vertex 16.4965 131.907 10
      vertex 14.3748 133.05 10
    endloop
  endfacet
  facet normal 0 0 1
    outer loop
      vertex 16.8686 130.229 10
      vertex 15.1716 128.532 10
      vertex 15.4289 128.296 10
    endloop
  endfacet
  facet normal 0 0 1
    outer loop
      vertex 16.4965 131.907 10
      vertex 14.2412 132.728 10
      vertex 16.4545 131.774 10
    endloop
  endfacet
  facet normal 0 0 1
    outer loop
      vertex 16.7743 130.332 10
      vertex 14.9358 128.789 10
      vertex 15.1716 128.532 10
    endloop
  endfacet
  facet normal -0 0 1
    outer loop
      vertex 14.1363 132.395 10
      vertex 16.4545 131.774 10
      vertex 14.2412 132.728 10
    endloop
  endfacet
  facet normal 0 0 1
    outer loop
      vertex 16.6894 130.442 10
      vertex 14.7234 129.066 10
      vertex 14.9358 128.789 10
    endloop
  endfacet
  facet normal 0 0 1
    outer loop
      vertex 16.4545 131.774 10
      vertex 14.1363 132.395 10
      vertex 16.4243 131.638 10
    endloop
  endfacet
  facet normal 0 0 1
    outer loop
      vertex 16.6144 130.56 10
      vertex 14.5359 129.36 10
      vertex 14.7234 129.066 10
    endloop
  endfacet
  facet normal -0 0 1
    outer loop
      vertex 14.0608 132.055 10
      vertex 16.4243 131.638 10
      vertex 14.1363 132.395 10
    endloop
  endfacet
  facet normal 0 0 1
    outer loop
      vertex 16.5499 130.684 10
      vertex 14.3748 129.67 10
      vertex 14.5359 129.36 10
    endloop
  endfacet
  facet normal 0 0 1
    outer loop
      vertex 16.4243 131.638 10
      vertex 14.0608 132.055 10
      vertex 16.4061 131.499 10
    endloop
  endfacet
  facet normal 0 0 1
    outer loop
      vertex 16.4965 130.813 10
      vertex 14.2412 129.992 10
      vertex 14.3748 129.67 10
    endloop
  endfacet
  facet normal -0 0 1
    outer loop
      vertex 14.0152 131.709 10
      vertex 16.4061 131.499 10
      vertex 14.0608 132.055 10
    endloop
  endfacet
  facet normal 0 0 1
    outer loop
      vertex 16.4545 130.946 10
      vertex 14.1363 130.325 10
      vertex 14.2412 129.992 10
    endloop
  endfacet
  facet normal 0 0 1
    outer loop
      vertex 16.4061 131.499 10
      vertex 14.0152 131.709 10
      vertex 16.4 131.36 10
    endloop
  endfacet
  facet normal 0 0 1
    outer loop
      vertex 16.4243 131.082 10
      vertex 14.0608 130.665 10
      vertex 14.1363 130.325 10
    endloop
  endfacet
  facet normal 0 0 1
    outer loop
      vertex 14 131.36 10
      vertex 16.4 131.36 10
      vertex 14.0152 131.709 10
    endloop
  endfacet
  facet normal 0 0 1
    outer loop
      vertex 16.4061 131.221 10
      vertex 14.0152 131.011 10
      vertex 14.0608 130.665 10
    endloop
  endfacet
  facet normal 0 0 1
    outer loop
      vertex 16.4 131.36 10
      vertex 14 131.36 10
      vertex 14.0152 131.011 10
    endloop
  endfacet
  facet normal -0.923653 0.38323 0
    outer loop
      vertex 14.2412 132.728 3
      vertex 14.3748 133.05 10
      vertex 14.3748 133.05 3
    endloop
  endfacet
  facet normal -0.923653 0.38323 0
    outer loop
      vertex 14.3748 133.05 10
      vertex 14.2412 132.728 3
      vertex 14.2412 132.728 10
    endloop
  endfacet
  facet normal -0.5363 -0.844027 0
    outer loop
      vertex 15.7057 128.083 3
      vertex 16 127.896 10
      vertex 15.7057 128.083 10
    endloop
  endfacet
  facet normal -0.5363 -0.844027 -0
    outer loop
      vertex 16 127.896 10
      vertex 15.7057 128.083 3
      vertex 16 127.896 3
    endloop
  endfacet
  facet normal -0.887334 0.461127 0
    outer loop
      vertex 14.3748 133.05 3
      vertex 14.5359 133.36 10
      vertex 14.5359 133.36 3
    endloop
  endfacet
  facet normal -0.887334 0.461127 0
    outer loop
      vertex 14.5359 133.36 10
      vertex 14.3748 133.05 3
      vertex 14.3748 133.05 10
    endloop
  endfacet
  facet normal 0.300885 -0.953661 0
    outer loop
      vertex 19.0353 127.496 3
      vertex 19.3681 127.601 10
      vertex 19.0353 127.496 10
    endloop
  endfacet
  facet normal 0.300885 -0.953661 0
    outer loop
      vertex 19.3681 127.601 10
      vertex 19.0353 127.496 3
      vertex 19.3681 127.601 3
    endloop
  endfacet
  facet normal -0.736845 0.676062 0
    outer loop
      vertex 14.9358 133.931 3
      vertex 15.1716 134.188 10
      vertex 15.1716 134.188 3
    endloop
  endfacet
  facet normal -0.736845 0.676062 0
    outer loop
      vertex 15.1716 134.188 10
      vertex 14.9358 133.931 3
      vertex 14.9358 133.931 10
    endloop
  endfacet
  facet normal 0.84313 0.53771 0
    outer loop
      vertex 21.4641 133.36 10
      vertex 21.2766 133.654 3
      vertex 21.2766 133.654 10
    endloop
  endfacet
  facet normal 0.84313 0.53771 0
    outer loop
      vertex 21.2766 133.654 3
      vertex 21.4641 133.36 10
      vertex 21.4641 133.36 3
    endloop
  endfacet
  facet normal 0.461488 -0.887146 0
    outer loop
      vertex 19.6905 127.735 3
      vertex 20 127.896 10
      vertex 19.6905 127.735 10
    endloop
  endfacet
  facet normal 0.461488 -0.887146 0
    outer loop
      vertex 20 127.896 10
      vertex 19.6905 127.735 3
      vertex 20 127.896 3
    endloop
  endfacet
  facet normal -0.976221 0.216778 0
    outer loop
      vertex 14.0608 132.055 3
      vertex 14.1363 132.395 10
      vertex 14.1363 132.395 3
    endloop
  endfacet
  facet normal -0.976221 0.216778 0
    outer loop
      vertex 14.1363 132.395 10
      vertex 14.0608 132.055 3
      vertex 14.0608 132.055 10
    endloop
  endfacet
  facet normal 0.79356 0.608492 0
    outer loop
      vertex 21.2766 133.654 10
      vertex 21.0642 133.931 3
      vertex 21.0642 133.931 10
    endloop
  endfacet
  facet normal 0.79356 0.608492 0
    outer loop
      vertex 21.0642 133.931 3
      vertex 21.2766 133.654 10
      vertex 21.2766 133.654 3
    endloop
  endfacet
  facet normal 0.0429895 -0.999076 0
    outer loop
      vertex 18 127.36 3
      vertex 18.3486 127.375 10
      vertex 18 127.36 10
    endloop
  endfacet
  facet normal 0.0429895 -0.999076 0
    outer loop
      vertex 18.3486 127.375 10
      vertex 18 127.36 3
      vertex 18.3486 127.375 3
    endloop
  endfacet
  facet normal 0.953795 -0.30046 0
    outer loop
      vertex 21.7588 129.992 10
      vertex 21.8637 130.325 3
      vertex 21.8637 130.325 10
    endloop
  endfacet
  facet normal 0.953795 -0.30046 0
    outer loop
      vertex 21.8637 130.325 3
      vertex 21.7588 129.992 10
      vertex 21.7588 129.992 3
    endloop
  endfacet
  facet normal 0.84313 -0.53771 0
    outer loop
      vertex 21.2766 129.066 10
      vertex 21.4641 129.36 3
      vertex 21.4641 129.36 10
    endloop
  endfacet
  facet normal 0.84313 -0.53771 0
    outer loop
      vertex 21.4641 129.36 3
      vertex 21.2766 129.066 10
      vertex 21.2766 129.066 3
    endloop
  endfacet
  facet normal -0.675945 -0.736952 0
    outer loop
      vertex 15.1716 128.532 3
      vertex 15.4289 128.296 10
      vertex 15.1716 128.532 10
    endloop
  endfacet
  facet normal -0.675945 -0.736952 -0
    outer loop
      vertex 15.4289 128.296 10
      vertex 15.1716 128.532 3
      vertex 15.4289 128.296 3
    endloop
  endfacet
  facet normal -0.131788 0.991278 0
    outer loop
      vertex 17.6514 135.345 3
      vertex 17.3054 135.299 10
      vertex 17.6514 135.345 10
    endloop
  endfacet
  facet normal -0.131788 0.991278 0
    outer loop
      vertex 17.3054 135.299 10
      vertex 17.6514 135.345 3
      vertex 17.3054 135.299 3
    endloop
  endfacet
  facet normal -0.5363 0.844027 0
    outer loop
      vertex 16 134.824 3
      vertex 15.7057 134.637 10
      vertex 16 134.824 10
    endloop
  endfacet
  facet normal -0.5363 0.844027 0
    outer loop
      vertex 15.7057 134.637 10
      vertex 16 134.824 3
      vertex 15.7057 134.637 3
    endloop
  endfacet
  facet normal -0.976221 -0.216778 0
    outer loop
      vertex 14.1363 130.325 3
      vertex 14.0608 130.665 10
      vertex 14.0608 130.665 3
    endloop
  endfacet
  facet normal -0.976221 -0.216778 0
    outer loop
      vertex 14.0608 130.665 10
      vertex 14.1363 130.325 3
      vertex 14.1363 130.325 10
    endloop
  endfacet
  facet normal 0.923653 0.38323 0
    outer loop
      vertex 21.7588 132.728 10
      vertex 21.6252 133.05 3
      vertex 21.6252 133.05 10
    endloop
  endfacet
  facet normal 0.923653 0.38323 0
    outer loop
      vertex 21.6252 133.05 3
      vertex 21.7588 132.728 10
      vertex 21.7588 132.728 3
    endloop
  endfacet
  facet normal -0.461488 0.887146 0
    outer loop
      vertex 16.3095 134.985 3
      vertex 16 134.824 10
      vertex 16.3095 134.985 10
    endloop
  endfacet
  facet normal -0.461488 0.887146 0
    outer loop
      vertex 16 134.824 10
      vertex 16.3095 134.985 3
      vertex 16 134.824 3
    endloop
  endfacet
  facet normal 0.887334 0.461127 0
    outer loop
      vertex 21.6252 133.05 10
      vertex 21.4641 133.36 3
      vertex 21.4641 133.36 10
    endloop
  endfacet
  facet normal 0.887334 0.461127 0
    outer loop
      vertex 21.4641 133.36 3
      vertex 21.6252 133.05 10
      vertex 21.6252 133.05 3
    endloop
  endfacet
  facet normal 0.999053 -0.0435118 0
    outer loop
      vertex 21.9848 131.011 10
      vertex 22 131.36 3
      vertex 22 131.36 10
    endloop
  endfacet
  facet normal 0.999053 -0.0435118 0
    outer loop
      vertex 22 131.36 3
      vertex 21.9848 131.011 10
      vertex 21.9848 131.011 3
    endloop
  endfacet
  facet normal 0.991427 -0.130662 0
    outer loop
      vertex 21.9392 130.665 10
      vertex 21.9848 131.011 3
      vertex 21.9848 131.011 10
    endloop
  endfacet
  facet normal 0.991427 -0.130662 0
    outer loop
      vertex 21.9848 131.011 3
      vertex 21.9392 130.665 10
      vertex 21.9392 130.665 3
    endloop
  endfacet
  facet normal -0.675945 0.736952 0
    outer loop
      vertex 15.4289 134.424 3
      vertex 15.1716 134.188 10
      vertex 15.4289 134.424 10
    endloop
  endfacet
  facet normal -0.675945 0.736952 0
    outer loop
      vertex 15.1716 134.188 10
      vertex 15.4289 134.424 3
      vertex 15.1716 134.188 3
    endloop
  endfacet
  facet normal -0.0429895 -0.999076 0
    outer loop
      vertex 17.6514 127.375 3
      vertex 18 127.36 10
      vertex 17.6514 127.375 10
    endloop
  endfacet
  facet normal -0.0429895 -0.999076 -0
    outer loop
      vertex 18 127.36 10
      vertex 17.6514 127.375 3
      vertex 18 127.36 3
    endloop
  endfacet
  facet normal 0.5363 -0.844027 0
    outer loop
      vertex 20 127.896 3
      vertex 20.2943 128.083 10
      vertex 20 127.896 10
    endloop
  endfacet
  facet normal 0.5363 -0.844027 0
    outer loop
      vertex 20.2943 128.083 10
      vertex 20 127.896 3
      vertex 20.2943 128.083 3
    endloop
  endfacet
  facet normal -0.383802 0.923416 0
    outer loop
      vertex 16.6319 135.119 3
      vertex 16.3095 134.985 10
      vertex 16.6319 135.119 10
    endloop
  endfacet
  facet normal -0.383802 0.923416 0
    outer loop
      vertex 16.3095 134.985 10
      vertex 16.6319 135.119 3
      vertex 16.3095 134.985 3
    endloop
  endfacet
  facet normal -0.999053 -0.0435118 0
    outer loop
      vertex 14.0152 131.011 3
      vertex 14 131.36 10
      vertex 14 131.36 3
    endloop
  endfacet
  facet normal -0.999053 -0.0435118 0
    outer loop
      vertex 14 131.36 10
      vertex 14.0152 131.011 3
      vertex 14.0152 131.011 10
    endloop
  endfacet
  facet normal -0.0429895 0.999076 0
    outer loop
      vertex 18 135.36 3
      vertex 17.6514 135.345 10
      vertex 18 135.36 10
    endloop
  endfacet
  facet normal -0.0429895 0.999076 0
    outer loop
      vertex 17.6514 135.345 10
      vertex 18 135.36 3
      vertex 17.6514 135.345 3
    endloop
  endfacet
  facet normal -0.887334 -0.461127 0
    outer loop
      vertex 14.5359 129.36 3
      vertex 14.3748 129.67 10
      vertex 14.3748 129.67 3
    endloop
  endfacet
  facet normal -0.887334 -0.461127 0
    outer loop
      vertex 14.3748 129.67 10
      vertex 14.5359 129.36 3
      vertex 14.5359 129.36 10
    endloop
  endfacet
  facet normal -0.79356 0.608492 0
    outer loop
      vertex 14.7234 133.654 3
      vertex 14.9358 133.931 10
      vertex 14.9358 133.931 3
    endloop
  endfacet
  facet normal -0.79356 0.608492 0
    outer loop
      vertex 14.9358 133.931 10
      vertex 14.7234 133.654 3
      vertex 14.7234 133.654 10
    endloop
  endfacet
  facet normal -0.736845 -0.676062 0
    outer loop
      vertex 15.1716 128.532 3
      vertex 14.9358 128.789 10
      vertex 14.9358 128.789 3
    endloop
  endfacet
  facet normal -0.736845 -0.676062 0
    outer loop
      vertex 14.9358 128.789 10
      vertex 15.1716 128.532 3
      vertex 15.1716 128.532 10
    endloop
  endfacet
  facet normal -0.991427 -0.130662 0
    outer loop
      vertex 14.0608 130.665 3
      vertex 14.0152 131.011 10
      vertex 14.0152 131.011 3
    endloop
  endfacet
  facet normal -0.991427 -0.130662 0
    outer loop
      vertex 14.0152 131.011 10
      vertex 14.0608 130.665 3
      vertex 14.0608 130.665 10
    endloop
  endfacet
  facet normal 0.214988 -0.976617 0
    outer loop
      vertex 18.6946 127.421 3
      vertex 19.0353 127.496 10
      vertex 18.6946 127.421 10
    endloop
  endfacet
  facet normal 0.214988 -0.976617 0
    outer loop
      vertex 19.0353 127.496 10
      vertex 18.6946 127.421 3
      vertex 19.0353 127.496 3
    endloop
  endfacet
  facet normal 0.887334 -0.461127 0
    outer loop
      vertex 21.4641 129.36 10
      vertex 21.6252 129.67 3
      vertex 21.6252 129.67 10
    endloop
  endfacet
  facet normal 0.887334 -0.461127 0
    outer loop
      vertex 21.6252 129.67 3
      vertex 21.4641 129.36 10
      vertex 21.4641 129.36 3
    endloop
  endfacet
  facet normal 0.609849 -0.792518 0
    outer loop
      vertex 20.2943 128.083 3
      vertex 20.5711 128.296 10
      vertex 20.2943 128.083 10
    endloop
  endfacet
  facet normal 0.609849 -0.792518 0
    outer loop
      vertex 20.5711 128.296 10
      vertex 20.2943 128.083 3
      vertex 20.5711 128.296 3
    endloop
  endfacet
  facet normal 0.675945 0.736952 -0
    outer loop
      vertex 20.8284 134.188 3
      vertex 20.5711 134.424 10
      vertex 20.8284 134.188 10
    endloop
  endfacet
  facet normal 0.675945 0.736952 0
    outer loop
      vertex 20.5711 134.424 10
      vertex 20.8284 134.188 3
      vertex 20.5711 134.424 3
    endloop
  endfacet
  facet normal -0.999053 0.0435118 0
    outer loop
      vertex 14 131.36 3
      vertex 14.0152 131.709 10
      vertex 14.0152 131.709 3
    endloop
  endfacet
  facet normal -0.999053 0.0435118 0
    outer loop
      vertex 14.0152 131.709 10
      vertex 14 131.36 3
      vertex 14 131.36 10
    endloop
  endfacet
  facet normal -0.383802 -0.923416 0
    outer loop
      vertex 16.3095 127.735 3
      vertex 16.6319 127.601 10
      vertex 16.3095 127.735 10
    endloop
  endfacet
  facet normal -0.383802 -0.923416 -0
    outer loop
      vertex 16.6319 127.601 10
      vertex 16.3095 127.735 3
      vertex 16.6319 127.601 3
    endloop
  endfacet
  facet normal 0.736845 -0.676062 0
    outer loop
      vertex 20.8284 128.532 10
      vertex 21.0642 128.789 3
      vertex 21.0642 128.789 10
    endloop
  endfacet
  facet normal 0.736845 -0.676062 0
    outer loop
      vertex 21.0642 128.789 3
      vertex 20.8284 128.532 10
      vertex 20.8284 128.532 3
    endloop
  endfacet
  facet normal -0.131788 -0.991278 0
    outer loop
      vertex 17.3054 127.421 3
      vertex 17.6514 127.375 10
      vertex 17.3054 127.421 10
    endloop
  endfacet
  facet normal -0.131788 -0.991278 -0
    outer loop
      vertex 17.6514 127.375 10
      vertex 17.3054 127.421 3
      vertex 17.6514 127.375 3
    endloop
  endfacet
  facet normal 0.675945 -0.736952 0
    outer loop
      vertex 20.5711 128.296 3
      vertex 20.8284 128.532 10
      vertex 20.5711 128.296 10
    endloop
  endfacet
  facet normal 0.675945 -0.736952 0
    outer loop
      vertex 20.8284 128.532 10
      vertex 20.5711 128.296 3
      vertex 20.8284 128.532 3
    endloop
  endfacet
  facet normal -0.214988 -0.976617 0
    outer loop
      vertex 16.9647 127.496 3
      vertex 17.3054 127.421 10
      vertex 16.9647 127.496 10
    endloop
  endfacet
  facet normal -0.214988 -0.976617 -0
    outer loop
      vertex 17.3054 127.421 10
      vertex 16.9647 127.496 3
      vertex 17.3054 127.421 3
    endloop
  endfacet
  facet normal -0.300885 -0.953661 0
    outer loop
      vertex 16.6319 127.601 3
      vertex 16.9647 127.496 10
      vertex 16.6319 127.601 10
    endloop
  endfacet
  facet normal -0.300885 -0.953661 -0
    outer loop
      vertex 16.9647 127.496 10
      vertex 16.6319 127.601 3
      vertex 16.9647 127.496 3
    endloop
  endfacet
  facet normal -0.991537 -0.129827 0
    outer loop
      vertex 19.5939 131.499 3
      vertex 19.5757 131.638 10
      vertex 19.5757 131.638 3
    endloop
  endfacet
  facet normal -0.991537 -0.129827 0
    outer loop
      vertex 19.5757 131.638 10
      vertex 19.5939 131.499 3
      vertex 19.5939 131.499 10
    endloop
  endfacet
  facet normal -0.999038 -0.0438427 0
    outer loop
      vertex 19.6 131.36 3
      vertex 19.5939 131.499 10
      vertex 19.5939 131.499 3
    endloop
  endfacet
  facet normal -0.999038 -0.0438427 0
    outer loop
      vertex 19.5939 131.499 10
      vertex 19.6 131.36 3
      vertex 19.6 131.36 10
    endloop
  endfacet
  facet normal -0.976221 -0.216778 0
    outer loop
      vertex 19.5757 131.638 3
      vertex 19.5455 131.774 10
      vertex 19.5455 131.774 3
    endloop
  endfacet
  facet normal -0.976221 -0.216778 0
    outer loop
      vertex 19.5455 131.774 10
      vertex 19.5757 131.638 3
      vertex 19.5757 131.638 10
    endloop
  endfacet
  facet normal -0.608672 -0.793422 0
    outer loop
      vertex 18.9177 132.671 3
      vertex 19.0285 132.586 10
      vertex 18.9177 132.671 10
    endloop
  endfacet
  facet normal -0.608672 -0.793422 -0
    outer loop
      vertex 19.0285 132.586 10
      vertex 18.9177 132.671 3
      vertex 19.0285 132.586 3
    endloop
  endfacet
  facet normal -0.73757 0.675271 0
    outer loop
      vertex 19.1314 130.229 3
      vertex 19.2257 130.332 10
      vertex 19.2257 130.332 3
    endloop
  endfacet
  facet normal -0.73757 0.675271 0
    outer loop
      vertex 19.2257 130.332 10
      vertex 19.1314 130.229 3
      vertex 19.1314 130.229 10
    endloop
  endfacet
  facet normal 0.608672 -0.793422 0
    outer loop
      vertex 16.9715 132.586 3
      vertex 17.0823 132.671 10
      vertex 16.9715 132.586 10
    endloop
  endfacet
  facet normal 0.608672 -0.793422 0
    outer loop
      vertex 17.0823 132.671 10
      vertex 16.9715 132.586 3
      vertex 17.0823 132.671 3
    endloop
  endfacet
  facet normal 0.537385 -0.843337 0
    outer loop
      vertex 17.0823 132.671 3
      vertex 17.2 132.746 10
      vertex 17.0823 132.671 10
    endloop
  endfacet
  facet normal 0.537385 -0.843337 0
    outer loop
      vertex 17.2 132.746 10
      vertex 17.0823 132.671 3
      vertex 17.2 132.746 3
    endloop
  endfacet
  facet normal -0.459228 -0.888319 0
    outer loop
      vertex 18.6762 132.81 3
      vertex 18.8 132.746 10
      vertex 18.6762 132.81 10
    endloop
  endfacet
  facet normal -0.459228 -0.888319 -0
    outer loop
      vertex 18.8 132.746 10
      vertex 18.6762 132.81 3
      vertex 18.8 132.746 3
    endloop
  endfacet
  facet normal 0.459228 -0.888319 0
    outer loop
      vertex 17.2 132.746 3
      vertex 17.3238 132.81 10
      vertex 17.2 132.746 10
    endloop
  endfacet
  facet normal 0.459228 -0.888319 0
    outer loop
      vertex 17.3238 132.81 10
      vertex 17.2 132.746 3
      vertex 17.3238 132.81 3
    endloop
  endfacet
  facet normal 0.386138 -0.922441 0
    outer loop
      vertex 17.3238 132.81 3
      vertex 17.4528 132.864 10
      vertex 17.3238 132.81 10
    endloop
  endfacet
  facet normal 0.386138 -0.922441 0
    outer loop
      vertex 17.4528 132.864 10
      vertex 17.3238 132.81 3
      vertex 17.4528 132.864 3
    endloop
  endfacet
  facet normal 0.791633 -0.610997 0
    outer loop
      vertex 16.6894 132.278 10
      vertex 16.7743 132.388 3
      vertex 16.7743 132.388 10
    endloop
  endfacet
  facet normal 0.791633 -0.610997 0
    outer loop
      vertex 16.7743 132.388 3
      vertex 16.6894 132.278 10
      vertex 16.6894 132.278 3
    endloop
  endfacet
  facet normal -0.923964 0.382478 0
    outer loop
      vertex 19.4501 130.684 3
      vertex 19.5035 130.813 10
      vertex 19.5035 130.813 3
    endloop
  endfacet
  facet normal -0.923964 0.382478 0
    outer loop
      vertex 19.5035 130.813 10
      vertex 19.4501 130.684 3
      vertex 19.4501 130.684 10
    endloop
  endfacet
  facet normal -0.923964 -0.382478 0
    outer loop
      vertex 19.5035 131.907 3
      vertex 19.4501 132.036 10
      vertex 19.4501 132.036 3
    endloop
  endfacet
  facet normal -0.923964 -0.382478 0
    outer loop
      vertex 19.4501 132.036 10
      vertex 19.5035 131.907 3
      vertex 19.5035 131.907 10
    endloop
  endfacet
  facet normal -0.537385 -0.843337 0
    outer loop
      vertex 18.8 132.746 3
      vertex 18.9177 132.671 10
      vertex 18.8 132.746 10
    endloop
  endfacet
  facet normal -0.537385 -0.843337 -0
    outer loop
      vertex 18.9177 132.671 10
      vertex 18.8 132.746 3
      vertex 18.9177 132.671 3
    endloop
  endfacet
  facet normal 0.999038 0.0438427 0
    outer loop
      vertex 16.4061 131.221 10
      vertex 16.4 131.36 3
      vertex 16.4 131.36 10
    endloop
  endfacet
  facet normal 0.999038 0.0438427 0
    outer loop
      vertex 16.4 131.36 3
      vertex 16.4061 131.221 10
      vertex 16.4061 131.221 3
    endloop
  endfacet
  facet normal 0.887158 0.461465 0
    outer loop
      vertex 16.6144 130.56 10
      vertex 16.5499 130.684 3
      vertex 16.5499 130.684 10
    endloop
  endfacet
  facet normal 0.887158 0.461465 0
    outer loop
      vertex 16.5499 130.684 3
      vertex 16.6144 130.56 10
      vertex 16.6144 130.56 3
    endloop
  endfacet
  facet normal 0.976221 -0.216778 0
    outer loop
      vertex 16.4243 131.638 10
      vertex 16.4545 131.774 3
      vertex 16.4545 131.774 10
    endloop
  endfacet
  facet normal 0.976221 -0.216778 0
    outer loop
      vertex 16.4545 131.774 3
      vertex 16.4243 131.638 10
      vertex 16.4243 131.638 3
    endloop
  endfacet
  facet normal 0.991537 -0.129827 0
    outer loop
      vertex 16.4061 131.499 10
      vertex 16.4243 131.638 3
      vertex 16.4243 131.638 10
    endloop
  endfacet
  facet normal 0.991537 -0.129827 0
    outer loop
      vertex 16.4243 131.638 3
      vertex 16.4061 131.499 10
      vertex 16.4061 131.499 3
    endloop
  endfacet
  facet normal -0.294389 0.955686 0
    outer loop
      vertex 18.5472 129.856 3
      vertex 18.4141 129.815 10
      vertex 18.5472 129.856 10
    endloop
  endfacet
  facet normal -0.294389 0.955686 0
    outer loop
      vertex 18.4141 129.815 10
      vertex 18.5472 129.856 3
      vertex 18.4141 129.815 3
    endloop
  endfacet
  facet normal 0.294389 -0.955686 0
    outer loop
      vertex 17.4528 132.864 3
      vertex 17.5859 132.905 10
      vertex 17.4528 132.864 10
    endloop
  endfacet
  facet normal 0.294389 -0.955686 0
    outer loop
      vertex 17.5859 132.905 10
      vertex 17.4528 132.864 3
      vertex 17.5859 132.905 3
    endloop
  endfacet
  facet normal -0.386138 -0.922441 0
    outer loop
      vertex 18.5472 132.864 3
      vertex 18.6762 132.81 10
      vertex 18.5472 132.864 10
    endloop
  endfacet
  facet normal -0.386138 -0.922441 -0
    outer loop
      vertex 18.6762 132.81 10
      vertex 18.5472 132.864 3
      vertex 18.6762 132.81 3
    endloop
  endfacet
  facet normal -0.976221 0.216778 0
    outer loop
      vertex 19.5455 130.946 3
      vertex 19.5757 131.082 10
      vertex 19.5757 131.082 3
    endloop
  endfacet
  facet normal -0.976221 0.216778 0
    outer loop
      vertex 19.5757 131.082 10
      vertex 19.5455 130.946 3
      vertex 19.5455 130.946 10
    endloop
  endfacet
  facet normal 0.459228 0.888319 -0
    outer loop
      vertex 17.3238 129.91 3
      vertex 17.2 129.974 10
      vertex 17.3238 129.91 10
    endloop
  endfacet
  facet normal 0.459228 0.888319 0
    outer loop
      vertex 17.2 129.974 10
      vertex 17.3238 129.91 3
      vertex 17.2 129.974 3
    endloop
  endfacet
  facet normal -0.843956 -0.536413 0
    outer loop
      vertex 19.3856 132.16 3
      vertex 19.3106 132.278 10
      vertex 19.3106 132.278 3
    endloop
  endfacet
  facet normal -0.843956 -0.536413 0
    outer loop
      vertex 19.3106 132.278 10
      vertex 19.3856 132.16 3
      vertex 19.3856 132.16 10
    endloop
  endfacet
  facet normal -0.042971 0.999076 0
    outer loop
      vertex 18.1395 129.766 3
      vertex 18 129.76 10
      vertex 18.1395 129.766 10
    endloop
  endfacet
  facet normal -0.042971 0.999076 0
    outer loop
      vertex 18 129.76 10
      vertex 18.1395 129.766 3
      vertex 18 129.76 3
    endloop
  endfacet
  facet normal -0.537385 0.843337 0
    outer loop
      vertex 18.9177 130.049 3
      vertex 18.8 129.974 10
      vertex 18.9177 130.049 10
    endloop
  endfacet
  facet normal -0.537385 0.843337 0
    outer loop
      vertex 18.8 129.974 10
      vertex 18.9177 130.049 3
      vertex 18.8 129.974 3
    endloop
  endfacet
  facet normal 0.678339 0.734749 -0
    outer loop
      vertex 16.9715 130.134 3
      vertex 16.8686 130.229 10
      vertex 16.9715 130.134 10
    endloop
  endfacet
  facet normal 0.678339 0.734749 0
    outer loop
      vertex 16.8686 130.229 10
      vertex 16.9715 130.134 3
      vertex 16.8686 130.229 3
    endloop
  endfacet
  facet normal 0.73757 -0.675271 0
    outer loop
      vertex 16.7743 132.388 10
      vertex 16.8686 132.491 3
      vertex 16.8686 132.491 10
    endloop
  endfacet
  facet normal 0.73757 -0.675271 0
    outer loop
      vertex 16.8686 132.491 3
      vertex 16.7743 132.388 10
      vertex 16.7743 132.388 3
    endloop
  endfacet
  facet normal 0.976221 0.216778 0
    outer loop
      vertex 16.4545 130.946 10
      vertex 16.4243 131.082 3
      vertex 16.4243 131.082 10
    endloop
  endfacet
  facet normal 0.976221 0.216778 0
    outer loop
      vertex 16.4243 131.082 3
      vertex 16.4545 130.946 10
      vertex 16.4545 130.946 3
    endloop
  endfacet
  facet normal -0.129063 0.991636 0
    outer loop
      vertex 18.2778 129.784 3
      vertex 18.1395 129.766 10
      vertex 18.2778 129.784 10
    endloop
  endfacet
  facet normal -0.129063 0.991636 0
    outer loop
      vertex 18.1395 129.766 10
      vertex 18.2778 129.784 3
      vertex 18.1395 129.766 3
    endloop
  endfacet
  facet normal 0.678339 -0.734749 0
    outer loop
      vertex 16.8686 132.491 3
      vertex 16.9715 132.586 10
      vertex 16.8686 132.491 10
    endloop
  endfacet
  facet normal 0.678339 -0.734749 0
    outer loop
      vertex 16.9715 132.586 10
      vertex 16.8686 132.491 3
      vertex 16.9715 132.586 3
    endloop
  endfacet
  facet normal 0.923964 0.382478 0
    outer loop
      vertex 16.5499 130.684 10
      vertex 16.4965 130.813 3
      vertex 16.4965 130.813 10
    endloop
  endfacet
  facet normal 0.923964 0.382478 0
    outer loop
      vertex 16.4965 130.813 3
      vertex 16.5499 130.684 10
      vertex 16.5499 130.684 3
    endloop
  endfacet
  facet normal -0.991537 0.129827 0
    outer loop
      vertex 19.5757 131.082 3
      vertex 19.5939 131.221 10
      vertex 19.5939 131.221 3
    endloop
  endfacet
  facet normal -0.991537 0.129827 0
    outer loop
      vertex 19.5939 131.221 10
      vertex 19.5757 131.082 3
      vertex 19.5757 131.082 10
    endloop
  endfacet
  facet normal -0.999038 0.0438427 0
    outer loop
      vertex 19.5939 131.221 3
      vertex 19.6 131.36 10
      vertex 19.6 131.36 3
    endloop
  endfacet
  facet normal -0.999038 0.0438427 0
    outer loop
      vertex 19.6 131.36 10
      vertex 19.5939 131.221 3
      vertex 19.5939 131.221 10
    endloop
  endfacet
  facet normal -0.953583 -0.301131 0
    outer loop
      vertex 19.5455 131.774 3
      vertex 19.5035 131.907 10
      vertex 19.5035 131.907 3
    endloop
  endfacet
  facet normal -0.953583 -0.301131 0
    outer loop
      vertex 19.5035 131.907 10
      vertex 19.5455 131.774 3
      vertex 19.5455 131.774 10
    endloop
  endfacet
  facet normal -0.791633 0.610997 0
    outer loop
      vertex 19.2257 130.332 3
      vertex 19.3106 130.442 10
      vertex 19.3106 130.442 3
    endloop
  endfacet
  facet normal -0.791633 0.610997 0
    outer loop
      vertex 19.3106 130.442 10
      vertex 19.2257 130.332 3
      vertex 19.2257 130.332 10
    endloop
  endfacet
  facet normal -0.221776 -0.975098 0
    outer loop
      vertex 18.2778 132.936 3
      vertex 18.4141 132.905 10
      vertex 18.2778 132.936 10
    endloop
  endfacet
  facet normal -0.221776 -0.975098 -0
    outer loop
      vertex 18.4141 132.905 10
      vertex 18.2778 132.936 3
      vertex 18.4141 132.905 3
    endloop
  endfacet
  facet normal 0.991537 0.129827 0
    outer loop
      vertex 16.4243 131.082 10
      vertex 16.4061 131.221 3
      vertex 16.4061 131.221 10
    endloop
  endfacet
  facet normal 0.991537 0.129827 0
    outer loop
      vertex 16.4061 131.221 3
      vertex 16.4243 131.082 10
      vertex 16.4243 131.082 3
    endloop
  endfacet
  facet normal -0.294389 -0.955686 0
    outer loop
      vertex 18.4141 132.905 3
      vertex 18.5472 132.864 10
      vertex 18.4141 132.905 10
    endloop
  endfacet
  facet normal -0.294389 -0.955686 -0
    outer loop
      vertex 18.5472 132.864 10
      vertex 18.4141 132.905 3
      vertex 18.5472 132.864 3
    endloop
  endfacet
  facet normal -0.221776 0.975098 0
    outer loop
      vertex 18.4141 129.815 3
      vertex 18.2778 129.784 10
      vertex 18.4141 129.815 10
    endloop
  endfacet
  facet normal -0.221776 0.975098 0
    outer loop
      vertex 18.2778 129.784 10
      vertex 18.4141 129.815 3
      vertex 18.2778 129.784 3
    endloop
  endfacet
  facet normal -0.042971 -0.999076 0
    outer loop
      vertex 18 132.96 3
      vertex 18.1395 132.954 10
      vertex 18 132.96 10
    endloop
  endfacet
  facet normal -0.042971 -0.999076 -0
    outer loop
      vertex 18.1395 132.954 10
      vertex 18 132.96 3
      vertex 18.1395 132.954 3
    endloop
  endfacet
  facet normal -0.887158 -0.461465 0
    outer loop
      vertex 19.4501 132.036 3
      vertex 19.3856 132.16 10
      vertex 19.3856 132.16 3
    endloop
  endfacet
  facet normal -0.887158 -0.461465 0
    outer loop
      vertex 19.3856 132.16 10
      vertex 19.4501 132.036 3
      vertex 19.4501 132.036 10
    endloop
  endfacet
  facet normal 0.843956 -0.536413 0
    outer loop
      vertex 16.6144 132.16 10
      vertex 16.6894 132.278 3
      vertex 16.6894 132.278 10
    endloop
  endfacet
  facet normal 0.843956 -0.536413 0
    outer loop
      vertex 16.6894 132.278 3
      vertex 16.6144 132.16 10
      vertex 16.6144 132.16 3
    endloop
  endfacet
  facet normal 0.887158 -0.461465 0
    outer loop
      vertex 16.5499 132.036 10
      vertex 16.6144 132.16 3
      vertex 16.6144 132.16 10
    endloop
  endfacet
  facet normal 0.887158 -0.461465 0
    outer loop
      vertex 16.6144 132.16 3
      vertex 16.5499 132.036 10
      vertex 16.5499 132.036 3
    endloop
  endfacet
  facet normal -0.459228 0.888319 0
    outer loop
      vertex 18.8 129.974 3
      vertex 18.6762 129.91 10
      vertex 18.8 129.974 10
    endloop
  endfacet
  facet normal -0.459228 0.888319 0
    outer loop
      vertex 18.6762 129.91 10
      vertex 18.8 129.974 3
      vertex 18.6762 129.91 3
    endloop
  endfacet
  facet normal 0.221776 -0.975098 0
    outer loop
      vertex 17.5859 132.905 3
      vertex 17.7222 132.936 10
      vertex 17.5859 132.905 10
    endloop
  endfacet
  facet normal 0.221776 -0.975098 0
    outer loop
      vertex 17.7222 132.936 10
      vertex 17.5859 132.905 3
      vertex 17.7222 132.936 3
    endloop
  endfacet
  facet normal 0.129063 -0.991636 0
    outer loop
      vertex 17.7222 132.936 3
      vertex 17.8605 132.954 10
      vertex 17.7222 132.936 10
    endloop
  endfacet
  facet normal 0.129063 -0.991636 0
    outer loop
      vertex 17.8605 132.954 10
      vertex 17.7222 132.936 3
      vertex 17.8605 132.954 3
    endloop
  endfacet
  facet normal -0.678339 -0.734749 0
    outer loop
      vertex 19.0285 132.586 3
      vertex 19.1314 132.491 10
      vertex 19.0285 132.586 10
    endloop
  endfacet
  facet normal -0.678339 -0.734749 -0
    outer loop
      vertex 19.1314 132.491 10
      vertex 19.0285 132.586 3
      vertex 19.1314 132.491 3
    endloop
  endfacet
  facet normal 0.843956 0.536413 0
    outer loop
      vertex 16.6894 130.442 10
      vertex 16.6144 130.56 3
      vertex 16.6144 130.56 10
    endloop
  endfacet
  facet normal 0.843956 0.536413 0
    outer loop
      vertex 16.6144 130.56 3
      vertex 16.6894 130.442 10
      vertex 16.6894 130.442 3
    endloop
  endfacet
  facet normal 0.042971 -0.999076 0
    outer loop
      vertex 17.8605 132.954 3
      vertex 18 132.96 10
      vertex 17.8605 132.954 10
    endloop
  endfacet
  facet normal 0.042971 -0.999076 0
    outer loop
      vertex 18 132.96 10
      vertex 17.8605 132.954 3
      vertex 18 132.96 3
    endloop
  endfacet
  facet normal -0.678339 0.734749 0
    outer loop
      vertex 19.1314 130.229 3
      vertex 19.0285 130.134 10
      vertex 19.1314 130.229 10
    endloop
  endfacet
  facet normal -0.678339 0.734749 0
    outer loop
      vertex 19.0285 130.134 10
      vertex 19.1314 130.229 3
      vertex 19.0285 130.134 3
    endloop
  endfacet
  facet normal 0.73757 0.675271 0
    outer loop
      vertex 16.8686 130.229 10
      vertex 16.7743 130.332 3
      vertex 16.7743 130.332 10
    endloop
  endfacet
  facet normal 0.73757 0.675271 0
    outer loop
      vertex 16.7743 130.332 3
      vertex 16.8686 130.229 10
      vertex 16.8686 130.229 3
    endloop
  endfacet
  facet normal 0.791633 0.610997 0
    outer loop
      vertex 16.7743 130.332 10
      vertex 16.6894 130.442 3
      vertex 16.6894 130.442 10
    endloop
  endfacet
  facet normal 0.791633 0.610997 0
    outer loop
      vertex 16.6894 130.442 3
      vertex 16.7743 130.332 10
      vertex 16.7743 130.332 3
    endloop
  endfacet
  facet normal 0.294389 0.955686 -0
    outer loop
      vertex 17.5859 129.815 3
      vertex 17.4528 129.856 10
      vertex 17.5859 129.815 10
    endloop
  endfacet
  facet normal 0.294389 0.955686 0
    outer loop
      vertex 17.4528 129.856 10
      vertex 17.5859 129.815 3
      vertex 17.4528 129.856 3
    endloop
  endfacet
  facet normal -0.386138 0.922441 0
    outer loop
      vertex 18.6762 129.91 3
      vertex 18.5472 129.856 10
      vertex 18.6762 129.91 10
    endloop
  endfacet
  facet normal -0.386138 0.922441 0
    outer loop
      vertex 18.5472 129.856 10
      vertex 18.6762 129.91 3
      vertex 18.5472 129.856 3
    endloop
  endfacet
  facet normal -0.843956 0.536413 0
    outer loop
      vertex 19.3106 130.442 3
      vertex 19.3856 130.56 10
      vertex 19.3856 130.56 3
    endloop
  endfacet
  facet normal -0.843956 0.536413 0
    outer loop
      vertex 19.3856 130.56 10
      vertex 19.3106 130.442 3
      vertex 19.3106 130.442 10
    endloop
  endfacet
  facet normal -0.887158 0.461465 0
    outer loop
      vertex 19.3856 130.56 3
      vertex 19.4501 130.684 10
      vertex 19.4501 130.684 3
    endloop
  endfacet
  facet normal -0.887158 0.461465 0
    outer loop
      vertex 19.4501 130.684 10
      vertex 19.3856 130.56 3
      vertex 19.3856 130.56 10
    endloop
  endfacet
  facet normal -0.953583 0.301131 0
    outer loop
      vertex 19.5035 130.813 3
      vertex 19.5455 130.946 10
      vertex 19.5455 130.946 3
    endloop
  endfacet
  facet normal -0.953583 0.301131 0
    outer loop
      vertex 19.5455 130.946 10
      vertex 19.5035 130.813 3
      vertex 19.5035 130.813 10
    endloop
  endfacet
  facet normal 0.042971 0.999076 -0
    outer loop
      vertex 18 129.76 3
      vertex 17.8605 129.766 10
      vertex 18 129.76 10
    endloop
  endfacet
  facet normal 0.042971 0.999076 0
    outer loop
      vertex 17.8605 129.766 10
      vertex 18 129.76 3
      vertex 17.8605 129.766 3
    endloop
  endfacet
  facet normal 0.923964 -0.382478 0
    outer loop
      vertex 16.4965 131.907 10
      vertex 16.5499 132.036 3
      vertex 16.5499 132.036 10
    endloop
  endfacet
  facet normal 0.923964 -0.382478 0
    outer loop
      vertex 16.5499 132.036 3
      vertex 16.4965 131.907 10
      vertex 16.4965 131.907 3
    endloop
  endfacet
  facet normal 0.953583 -0.301131 0
    outer loop
      vertex 16.4545 131.774 10
      vertex 16.4965 131.907 3
      vertex 16.4965 131.907 10
    endloop
  endfacet
  facet normal 0.953583 -0.301131 0
    outer loop
      vertex 16.4965 131.907 3
      vertex 16.4545 131.774 10
      vertex 16.4545 131.774 3
    endloop
  endfacet
  facet normal -0.608672 0.793422 0
    outer loop
      vertex 19.0285 130.134 3
      vertex 18.9177 130.049 10
      vertex 19.0285 130.134 10
    endloop
  endfacet
  facet normal -0.608672 0.793422 0
    outer loop
      vertex 18.9177 130.049 10
      vertex 19.0285 130.134 3
      vertex 18.9177 130.049 3
    endloop
  endfacet
  facet normal -0.73757 -0.675271 0
    outer loop
      vertex 19.2257 132.388 3
      vertex 19.1314 132.491 10
      vertex 19.1314 132.491 3
    endloop
  endfacet
  facet normal -0.73757 -0.675271 0
    outer loop
      vertex 19.1314 132.491 10
      vertex 19.2257 132.388 3
      vertex 19.2257 132.388 10
    endloop
  endfacet
  facet normal 0.999038 -0.0438427 0
    outer loop
      vertex 16.4 131.36 10
      vertex 16.4061 131.499 3
      vertex 16.4061 131.499 10
    endloop
  endfacet
  facet normal 0.999038 -0.0438427 0
    outer loop
      vertex 16.4061 131.499 3
      vertex 16.4 131.36 10
      vertex 16.4 131.36 3
    endloop
  endfacet
  facet normal 0.608672 0.793422 -0
    outer loop
      vertex 17.0823 130.049 3
      vertex 16.9715 130.134 10
      vertex 17.0823 130.049 10
    endloop
  endfacet
  facet normal 0.608672 0.793422 0
    outer loop
      vertex 16.9715 130.134 10
      vertex 17.0823 130.049 3
      vertex 16.9715 130.134 3
    endloop
  endfacet
  facet normal 0.953583 0.301131 0
    outer loop
      vertex 16.4965 130.813 10
      vertex 16.4545 130.946 3
      vertex 16.4545 130.946 10
    endloop
  endfacet
  facet normal 0.953583 0.301131 0
    outer loop
      vertex 16.4545 130.946 3
      vertex 16.4965 130.813 10
      vertex 16.4965 130.813 3
    endloop
  endfacet
  facet normal -0.129063 -0.991636 0
    outer loop
      vertex 18.1395 132.954 3
      vertex 18.2778 132.936 10
      vertex 18.1395 132.954 10
    endloop
  endfacet
  facet normal -0.129063 -0.991636 -0
    outer loop
      vertex 18.2778 132.936 10
      vertex 18.1395 132.954 3
      vertex 18.2778 132.936 3
    endloop
  endfacet
  facet normal 0.537385 0.843337 -0
    outer loop
      vertex 17.2 129.974 3
      vertex 17.0823 130.049 10
      vertex 17.2 129.974 10
    endloop
  endfacet
  facet normal 0.537385 0.843337 0
    outer loop
      vertex 17.0823 130.049 10
      vertex 17.2 129.974 3
      vertex 17.0823 130.049 3
    endloop
  endfacet
  facet normal 0.386138 0.922441 -0
    outer loop
      vertex 17.4528 129.856 3
      vertex 17.3238 129.91 10
      vertex 17.4528 129.856 10
    endloop
  endfacet
  facet normal 0.386138 0.922441 0
    outer loop
      vertex 17.3238 129.91 10
      vertex 17.4528 129.856 3
      vertex 17.3238 129.91 3
    endloop
  endfacet
  facet normal 0.129063 0.991636 -0
    outer loop
      vertex 17.8605 129.766 3
      vertex 17.7222 129.784 10
      vertex 17.8605 129.766 10
    endloop
  endfacet
  facet normal 0.129063 0.991636 0
    outer loop
      vertex 17.7222 129.784 10
      vertex 17.8605 129.766 3
      vertex 17.7222 129.784 3
    endloop
  endfacet
  facet normal 0.221776 0.975098 -0
    outer loop
      vertex 17.7222 129.784 3
      vertex 17.5859 129.815 10
      vertex 17.7222 129.784 10
    endloop
  endfacet
  facet normal 0.221776 0.975098 0
    outer loop
      vertex 17.5859 129.815 10
      vertex 17.7222 129.784 3
      vertex 17.5859 129.815 3
    endloop
  endfacet
  facet normal -0.791633 -0.610997 0
    outer loop
      vertex 19.3106 132.278 3
      vertex 19.2257 132.388 10
      vertex 19.2257 132.388 3
    endloop
  endfacet
  facet normal -0.791633 -0.610997 0
    outer loop
      vertex 19.2257 132.388 10
      vertex 19.3106 132.278 3
      vertex 19.3106 132.278 10
    endloop
  endfacet
  facet normal 0.991278 0.131788 0
    outer loop
      vertex 229.985 131.459 10
      vertex 229.939 131.805 3
      vertex 229.939 131.805 10
    endloop
  endfacet
  facet normal 0.991278 0.131788 0
    outer loop
      vertex 229.939 131.805 3
      vertex 229.985 131.459 10
      vertex 229.985 131.459 3
    endloop
  endfacet
  facet normal 0.999078 0.0429403 0
    outer loop
      vertex 230 131.11 10
      vertex 229.985 131.459 3
      vertex 229.985 131.459 10
    endloop
  endfacet
  facet normal 0.999078 0.0429403 0
    outer loop
      vertex 229.985 131.459 3
      vertex 230 131.11 10
      vertex 230 131.11 3
    endloop
  endfacet
  facet normal 0.976524 0.21541 0
    outer loop
      vertex 229.939 131.805 10
      vertex 229.864 132.145 3
      vertex 229.864 132.145 10
    endloop
  endfacet
  facet normal 0.976524 0.21541 0
    outer loop
      vertex 229.864 132.145 3
      vertex 229.939 131.805 10
      vertex 229.939 131.805 3
    endloop
  endfacet
  facet normal 0.384208 -0.923246 0
    outer loop
      vertex 227.368 127.351 3
      vertex 227.69 127.485 10
      vertex 227.368 127.351 10
    endloop
  endfacet
  facet normal 0.384208 -0.923246 0
    outer loop
      vertex 227.69 127.485 10
      vertex 227.368 127.351 3
      vertex 227.69 127.485 3
    endloop
  endfacet
  facet normal -0.84378 -0.53669 0
    outer loop
      vertex 222.723 128.816 3
      vertex 222.536 129.11 10
      vertex 222.536 129.11 3
    endloop
  endfacet
  facet normal -0.84378 -0.53669 0
    outer loop
      vertex 222.536 129.11 10
      vertex 222.723 128.816 3
      vertex 222.723 128.816 10
    endloop
  endfacet
  facet normal -0.84378 0.53669 0
    outer loop
      vertex 222.536 133.11 3
      vertex 222.723 133.404 10
      vertex 222.723 133.404 3
    endloop
  endfacet
  facet normal -0.84378 0.53669 0
    outer loop
      vertex 222.723 133.404 10
      vertex 222.536 133.11 3
      vertex 222.536 133.11 10
    endloop
  endfacet
  facet normal 0.30072 0.953712 -0
    outer loop
      vertex 227.368 134.869 3
      vertex 227.035 134.974 10
      vertex 227.368 134.869 10
    endloop
  endfacet
  facet normal 0.30072 0.953712 0
    outer loop
      vertex 227.035 134.974 10
      vertex 227.368 134.869 3
      vertex 227.035 134.974 3
    endloop
  endfacet
  facet normal -0.30072 0.953712 0
    outer loop
      vertex 224.965 134.974 3
      vertex 224.632 134.869 10
      vertex 224.965 134.974 10
    endloop
  endfacet
  facet normal -0.30072 0.953712 0
    outer loop
      vertex 224.632 134.869 10
      vertex 224.965 134.974 3
      vertex 224.632 134.869 3
    endloop
  endfacet
  facet normal 0.131788 -0.991278 0
    outer loop
      vertex 226.349 127.125 3
      vertex 226.695 127.171 10
      vertex 226.349 127.125 10
    endloop
  endfacet
  facet normal 0.131788 -0.991278 0
    outer loop
      vertex 226.695 127.171 10
      vertex 226.349 127.125 3
      vertex 226.695 127.171 3
    endloop
  endfacet
  facet normal -0.953712 0.30072 0
    outer loop
      vertex 222.136 132.145 3
      vertex 222.241 132.478 10
      vertex 222.241 132.478 3
    endloop
  endfacet
  facet normal -0.953712 0.30072 0
    outer loop
      vertex 222.241 132.478 10
      vertex 222.136 132.145 3
      vertex 222.136 132.145 10
    endloop
  endfacet
  facet normal 0.609572 0.79273 -0
    outer loop
      vertex 228.571 134.174 3
      vertex 228.294 134.387 10
      vertex 228.571 134.174 10
    endloop
  endfacet
  facet normal 0.609572 0.79273 0
    outer loop
      vertex 228.294 134.387 10
      vertex 228.571 134.174 3
      vertex 228.294 134.387 3
    endloop
  endfacet
  facet normal 0.131788 0.991278 -0
    outer loop
      vertex 226.695 135.049 3
      vertex 226.349 135.095 10
      vertex 226.695 135.049 10
    endloop
  endfacet
  facet normal 0.131788 0.991278 0
    outer loop
      vertex 226.349 135.095 10
      vertex 226.695 135.049 3
      vertex 226.349 135.095 3
    endloop
  endfacet
  facet normal -0.923246 -0.384208 0
    outer loop
      vertex 222.375 129.42 3
      vertex 222.241 129.742 10
      vertex 222.241 129.742 3
    endloop
  endfacet
  facet normal -0.923246 -0.384208 0
    outer loop
      vertex 222.241 129.742 10
      vertex 222.375 129.42 3
      vertex 222.375 129.42 10
    endloop
  endfacet
  facet normal 0.79273 -0.609572 0
    outer loop
      vertex 229.064 128.539 10
      vertex 229.277 128.816 3
      vertex 229.277 128.816 10
    endloop
  endfacet
  facet normal 0.79273 -0.609572 0
    outer loop
      vertex 229.277 128.816 3
      vertex 229.064 128.539 10
      vertex 229.064 128.539 3
    endloop
  endfacet
  facet normal -0.953712 -0.30072 0
    outer loop
      vertex 222.241 129.742 3
      vertex 222.136 130.075 10
      vertex 222.136 130.075 3
    endloop
  endfacet
  facet normal -0.953712 -0.30072 0
    outer loop
      vertex 222.136 130.075 10
      vertex 222.241 129.742 3
      vertex 222.241 129.742 10
    endloop
  endfacet
  facet normal 0.976524 -0.21541 0
    outer loop
      vertex 229.864 130.075 10
      vertex 229.939 130.415 3
      vertex 229.939 130.415 10
    endloop
  endfacet
  facet normal 0.976524 -0.21541 0
    outer loop
      vertex 229.939 130.415 3
      vertex 229.864 130.075 10
      vertex 229.864 130.075 3
    endloop
  endfacet
  facet normal -0.460902 -0.887451 0
    outer loop
      vertex 224 127.646 3
      vertex 224.31 127.485 10
      vertex 224 127.646 10
    endloop
  endfacet
  facet normal -0.460902 -0.887451 -0
    outer loop
      vertex 224.31 127.485 10
      vertex 224 127.646 3
      vertex 224.31 127.485 3
    endloop
  endfacet
  facet normal -0.79273 -0.609572 0
    outer loop
      vertex 222.936 128.539 3
      vertex 222.723 128.816 10
      vertex 222.723 128.816 3
    endloop
  endfacet
  facet normal -0.79273 -0.609572 0
    outer loop
      vertex 222.723 128.816 10
      vertex 222.936 128.539 3
      vertex 222.936 128.539 10
    endloop
  endfacet
  facet normal 0.460902 0.887451 -0
    outer loop
      vertex 228 134.574 3
      vertex 227.69 134.735 10
      vertex 228 134.574 10
    endloop
  endfacet
  facet normal 0.460902 0.887451 0
    outer loop
      vertex 227.69 134.735 10
      vertex 228 134.574 3
      vertex 227.69 134.735 3
    endloop
  endfacet
  facet normal 0.0429403 0.999078 -0
    outer loop
      vertex 226.349 135.095 3
      vertex 226 135.11 10
      vertex 226.349 135.095 10
    endloop
  endfacet
  facet normal 0.0429403 0.999078 0
    outer loop
      vertex 226 135.11 10
      vertex 226.349 135.095 3
      vertex 226 135.11 3
    endloop
  endfacet
  facet normal 0.736559 0.676373 0
    outer loop
      vertex 229.064 133.681 10
      vertex 228.828 133.938 3
      vertex 228.828 133.938 10
    endloop
  endfacet
  facet normal 0.736559 0.676373 0
    outer loop
      vertex 228.828 133.938 3
      vertex 229.064 133.681 10
      vertex 229.064 133.681 3
    endloop
  endfacet
  facet normal 0.53669 0.84378 -0
    outer loop
      vertex 228.294 134.387 3
      vertex 228 134.574 10
      vertex 228.294 134.387 10
    endloop
  endfacet
  facet normal 0.53669 0.84378 0
    outer loop
      vertex 228 134.574 10
      vertex 228.294 134.387 3
      vertex 228 134.574 3
    endloop
  endfacet
  facet normal -0.21541 0.976524 0
    outer loop
      vertex 225.305 135.049 3
      vertex 224.965 134.974 10
      vertex 225.305 135.049 10
    endloop
  endfacet
  facet normal -0.21541 0.976524 0
    outer loop
      vertex 224.965 134.974 10
      vertex 225.305 135.049 3
      vertex 224.965 134.974 3
    endloop
  endfacet
  facet normal -0.609572 0.79273 0
    outer loop
      vertex 223.706 134.387 3
      vertex 223.429 134.174 10
      vertex 223.706 134.387 10
    endloop
  endfacet
  facet normal -0.609572 0.79273 0
    outer loop
      vertex 223.429 134.174 10
      vertex 223.706 134.387 3
      vertex 223.429 134.174 3
    endloop
  endfacet
  facet normal 0.953712 0.30072 0
    outer loop
      vertex 229.864 132.145 10
      vertex 229.759 132.478 3
      vertex 229.759 132.478 10
    endloop
  endfacet
  facet normal 0.953712 0.30072 0
    outer loop
      vertex 229.759 132.478 3
      vertex 229.864 132.145 10
      vertex 229.864 132.145 3
    endloop
  endfacet
  facet normal -0.609572 -0.79273 0
    outer loop
      vertex 223.429 128.046 3
      vertex 223.706 127.833 10
      vertex 223.429 128.046 10
    endloop
  endfacet
  facet normal -0.609572 -0.79273 -0
    outer loop
      vertex 223.706 127.833 10
      vertex 223.429 128.046 3
      vertex 223.706 127.833 3
    endloop
  endfacet
  facet normal 0.923246 -0.384208 0
    outer loop
      vertex 229.625 129.42 10
      vertex 229.759 129.742 3
      vertex 229.759 129.742 10
    endloop
  endfacet
  facet normal 0.923246 -0.384208 0
    outer loop
      vertex 229.759 129.742 3
      vertex 229.625 129.42 10
      vertex 229.625 129.42 3
    endloop
  endfacet
  facet normal 0.384208 0.923246 -0
    outer loop
      vertex 227.69 134.735 3
      vertex 227.368 134.869 10
      vertex 227.69 134.735 10
    endloop
  endfacet
  facet normal 0.384208 0.923246 0
    outer loop
      vertex 227.368 134.869 10
      vertex 227.69 134.735 3
      vertex 227.368 134.869 3
    endloop
  endfacet
  facet normal 0.21541 0.976524 -0
    outer loop
      vertex 227.035 134.974 3
      vertex 226.695 135.049 10
      vertex 227.035 134.974 10
    endloop
  endfacet
  facet normal 0.21541 0.976524 0
    outer loop
      vertex 226.695 135.049 10
      vertex 227.035 134.974 3
      vertex 226.695 135.049 3
    endloop
  endfacet
  facet normal -0.991278 0.131788 0
    outer loop
      vertex 222.015 131.459 3
      vertex 222.061 131.805 10
      vertex 222.061 131.805 3
    endloop
  endfacet
  facet normal -0.991278 0.131788 0
    outer loop
      vertex 222.061 131.805 10
      vertex 222.015 131.459 3
      vertex 222.015 131.459 10
    endloop
  endfacet
  facet normal 0 0 1
    outer loop
      vertex 227.6 131.11 10
      vertex 230 131.11 10
      vertex 229.985 131.459 10
    endloop
  endfacet
  facet normal 0 0 1
    outer loop
      vertex 227.594 131.249 10
      vertex 229.985 131.459 10
      vertex 229.939 131.805 10
    endloop
  endfacet
  facet normal 0 0 1
    outer loop
      vertex 230 131.11 10
      vertex 227.6 131.11 10
      vertex 229.985 130.761 10
    endloop
  endfacet
  facet normal 0 0 1
    outer loop
      vertex 227.576 131.388 10
      vertex 229.939 131.805 10
      vertex 229.864 132.145 10
    endloop
  endfacet
  facet normal -0 0 1
    outer loop
      vertex 227.594 130.971 10
      vertex 229.985 130.761 10
      vertex 227.6 131.11 10
    endloop
  endfacet
  facet normal 0 0 1
    outer loop
      vertex 227.545 131.524 10
      vertex 229.864 132.145 10
      vertex 229.759 132.478 10
    endloop
  endfacet
  facet normal 0 0 1
    outer loop
      vertex 229.985 130.761 10
      vertex 227.594 130.971 10
      vertex 229.939 130.415 10
    endloop
  endfacet
  facet normal 0 0 1
    outer loop
      vertex 227.504 131.657 10
      vertex 229.759 132.478 10
      vertex 229.625 132.8 10
    endloop
  endfacet
  facet normal -0 0 1
    outer loop
      vertex 227.576 130.832 10
      vertex 229.939 130.415 10
      vertex 227.594 130.971 10
    endloop
  endfacet
  facet normal 0 0 1
    outer loop
      vertex 227.45 131.786 10
      vertex 229.625 132.8 10
      vertex 229.464 133.11 10
    endloop
  endfacet
  facet normal 0 0 1
    outer loop
      vertex 229.939 130.415 10
      vertex 227.576 130.832 10
      vertex 229.864 130.075 10
    endloop
  endfacet
  facet normal 0 0 1
    outer loop
      vertex 227.386 131.91 10
      vertex 229.464 133.11 10
      vertex 229.277 133.404 10
    endloop
  endfacet
  facet normal -0 0 1
    outer loop
      vertex 227.545 130.696 10
      vertex 229.864 130.075 10
      vertex 227.576 130.832 10
    endloop
  endfacet
  facet normal 0 0 1
    outer loop
      vertex 227.311 132.028 10
      vertex 229.277 133.404 10
      vertex 229.064 133.681 10
    endloop
  endfacet
  facet normal 0 0 1
    outer loop
      vertex 229.864 130.075 10
      vertex 227.545 130.696 10
      vertex 229.759 129.742 10
    endloop
  endfacet
  facet normal 0 0 1
    outer loop
      vertex 227.226 132.138 10
      vertex 229.064 133.681 10
      vertex 228.828 133.938 10
    endloop
  endfacet
  facet normal -0 0 1
    outer loop
      vertex 227.504 130.563 10
      vertex 229.759 129.742 10
      vertex 227.545 130.696 10
    endloop
  endfacet
  facet normal 0 0 1
    outer loop
      vertex 227.131 132.241 10
      vertex 228.828 133.938 10
      vertex 228.571 134.174 10
    endloop
  endfacet
  facet normal 0 0 1
    outer loop
      vertex 229.759 129.742 10
      vertex 227.504 130.563 10
      vertex 229.625 129.42 10
    endloop
  endfacet
  facet normal 0 0 1
    outer loop
      vertex 227.028 132.336 10
      vertex 228.571 134.174 10
      vertex 228.294 134.387 10
    endloop
  endfacet
  facet normal -0 0 1
    outer loop
      vertex 227.45 130.434 10
      vertex 229.625 129.42 10
      vertex 227.504 130.563 10
    endloop
  endfacet
  facet normal 0 0 1
    outer loop
      vertex 226.918 132.421 10
      vertex 228.294 134.387 10
      vertex 228 134.574 10
    endloop
  endfacet
  facet normal 0 0 1
    outer loop
      vertex 229.625 129.42 10
      vertex 227.45 130.434 10
      vertex 229.464 129.11 10
    endloop
  endfacet
  facet normal 0 0 1
    outer loop
      vertex 226.8 132.496 10
      vertex 228 134.574 10
      vertex 227.69 134.735 10
    endloop
  endfacet
  facet normal -0 0 1
    outer loop
      vertex 227.386 130.31 10
      vertex 229.464 129.11 10
      vertex 227.45 130.434 10
    endloop
  endfacet
  facet normal 0 0 1
    outer loop
      vertex 229.464 129.11 10
      vertex 227.386 130.31 10
      vertex 229.277 128.816 10
    endloop
  endfacet
  facet normal 0 0 1
    outer loop
      vertex 229.985 131.459 10
      vertex 227.594 131.249 10
      vertex 227.6 131.11 10
    endloop
  endfacet
  facet normal 0 0 1
    outer loop
      vertex 229.939 131.805 10
      vertex 227.576 131.388 10
      vertex 227.594 131.249 10
    endloop
  endfacet
  facet normal 0 0 1
    outer loop
      vertex 229.864 132.145 10
      vertex 227.545 131.524 10
      vertex 227.576 131.388 10
    endloop
  endfacet
  facet normal 0 0 1
    outer loop
      vertex 229.759 132.478 10
      vertex 227.504 131.657 10
      vertex 227.545 131.524 10
    endloop
  endfacet
  facet normal 0 0 1
    outer loop
      vertex 229.625 132.8 10
      vertex 227.45 131.786 10
      vertex 227.504 131.657 10
    endloop
  endfacet
  facet normal 0 0 1
    outer loop
      vertex 229.464 133.11 10
      vertex 227.386 131.91 10
      vertex 227.45 131.786 10
    endloop
  endfacet
  facet normal 0 0 1
    outer loop
      vertex 226.676 132.56 10
      vertex 227.69 134.735 10
      vertex 227.368 134.869 10
    endloop
  endfacet
  facet normal 0 0 1
    outer loop
      vertex 229.277 133.404 10
      vertex 227.311 132.028 10
      vertex 227.386 131.91 10
    endloop
  endfacet
  facet normal 0 0 1
    outer loop
      vertex 229.064 133.681 10
      vertex 227.226 132.138 10
      vertex 227.311 132.028 10
    endloop
  endfacet
  facet normal 0 0 1
    outer loop
      vertex 228.828 133.938 10
      vertex 227.131 132.241 10
      vertex 227.226 132.138 10
    endloop
  endfacet
  facet normal 0 0 1
    outer loop
      vertex 226.547 132.614 10
      vertex 227.368 134.869 10
      vertex 227.035 134.974 10
    endloop
  endfacet
  facet normal 0 0 1
    outer loop
      vertex 228.571 134.174 10
      vertex 227.028 132.336 10
      vertex 227.131 132.241 10
    endloop
  endfacet
  facet normal 0 0 1
    outer loop
      vertex 228.294 134.387 10
      vertex 226.918 132.421 10
      vertex 227.028 132.336 10
    endloop
  endfacet
  facet normal 0 0 1
    outer loop
      vertex 228 134.574 10
      vertex 226.8 132.496 10
      vertex 226.918 132.421 10
    endloop
  endfacet
  facet normal 0 0 1
    outer loop
      vertex 226.414 132.655 10
      vertex 227.035 134.974 10
      vertex 226.695 135.049 10
    endloop
  endfacet
  facet normal 0 0 1
    outer loop
      vertex 227.69 134.735 10
      vertex 226.676 132.56 10
      vertex 226.8 132.496 10
    endloop
  endfacet
  facet normal 0 0 1
    outer loop
      vertex 227.368 134.869 10
      vertex 226.547 132.614 10
      vertex 226.676 132.56 10
    endloop
  endfacet
  facet normal 0 0 1
    outer loop
      vertex 227.035 134.974 10
      vertex 226.414 132.655 10
      vertex 226.547 132.614 10
    endloop
  endfacet
  facet normal 0 0 1
    outer loop
      vertex 226.278 132.686 10
      vertex 226.695 135.049 10
      vertex 226.349 135.095 10
    endloop
  endfacet
  facet normal 0 0 1
    outer loop
      vertex 226.695 135.049 10
      vertex 226.278 132.686 10
      vertex 226.414 132.655 10
    endloop
  endfacet
  facet normal 0 0 1
    outer loop
      vertex 226.349 135.095 10
      vertex 226.139 132.704 10
      vertex 226.278 132.686 10
    endloop
  endfacet
  facet normal 0 0 1
    outer loop
      vertex 226 135.11 10
      vertex 226.139 132.704 10
      vertex 226.349 135.095 10
    endloop
  endfacet
  facet normal 0 0 1
    outer loop
      vertex 226 135.11 10
      vertex 226 132.71 10
      vertex 226.139 132.704 10
    endloop
  endfacet
  facet normal 0 0 1
    outer loop
      vertex 226 135.11 10
      vertex 225.861 132.704 10
      vertex 226 132.71 10
    endloop
  endfacet
  facet normal -0 0 1
    outer loop
      vertex 225.651 135.095 10
      vertex 225.861 132.704 10
      vertex 226 135.11 10
    endloop
  endfacet
  facet normal 0 0 1
    outer loop
      vertex 225.861 132.704 10
      vertex 225.651 135.095 10
      vertex 225.722 132.686 10
    endloop
  endfacet
  facet normal -0 0 1
    outer loop
      vertex 225.305 135.049 10
      vertex 225.722 132.686 10
      vertex 225.651 135.095 10
    endloop
  endfacet
  facet normal 0 0 1
    outer loop
      vertex 225.722 132.686 10
      vertex 225.305 135.049 10
      vertex 225.586 132.655 10
    endloop
  endfacet
  facet normal -0 0 1
    outer loop
      vertex 224.965 134.974 10
      vertex 225.586 132.655 10
      vertex 225.305 135.049 10
    endloop
  endfacet
  facet normal 0 0 1
    outer loop
      vertex 225.586 132.655 10
      vertex 224.965 134.974 10
      vertex 225.453 132.614 10
    endloop
  endfacet
  facet normal -0 0 1
    outer loop
      vertex 224.632 134.869 10
      vertex 225.453 132.614 10
      vertex 224.965 134.974 10
    endloop
  endfacet
  facet normal 0 0 1
    outer loop
      vertex 225.453 132.614 10
      vertex 224.632 134.869 10
      vertex 225.324 132.56 10
    endloop
  endfacet
  facet normal -0 0 1
    outer loop
      vertex 224.31 134.735 10
      vertex 225.324 132.56 10
      vertex 224.632 134.869 10
    endloop
  endfacet
  facet normal 0 0 1
    outer loop
      vertex 225.324 132.56 10
      vertex 224.31 134.735 10
      vertex 225.2 132.496 10
    endloop
  endfacet
  facet normal -0 0 1
    outer loop
      vertex 224 134.574 10
      vertex 225.2 132.496 10
      vertex 224.31 134.735 10
    endloop
  endfacet
  facet normal 0 0 1
    outer loop
      vertex 225.2 132.496 10
      vertex 224 134.574 10
      vertex 225.082 132.421 10
    endloop
  endfacet
  facet normal -0 0 1
    outer loop
      vertex 223.706 134.387 10
      vertex 225.082 132.421 10
      vertex 224 134.574 10
    endloop
  endfacet
  facet normal 0 0 1
    outer loop
      vertex 225.082 132.421 10
      vertex 223.706 134.387 10
      vertex 224.972 132.336 10
    endloop
  endfacet
  facet normal -0 0 1
    outer loop
      vertex 223.429 134.174 10
      vertex 224.972 132.336 10
      vertex 223.706 134.387 10
    endloop
  endfacet
  facet normal 0 0 1
    outer loop
      vertex 224.972 132.336 10
      vertex 223.429 134.174 10
      vertex 224.869 132.241 10
    endloop
  endfacet
  facet normal -0 0 1
    outer loop
      vertex 223.172 133.938 10
      vertex 224.869 132.241 10
      vertex 223.429 134.174 10
    endloop
  endfacet
  facet normal 0 0 1
    outer loop
      vertex 224.869 132.241 10
      vertex 223.172 133.938 10
      vertex 224.774 132.138 10
    endloop
  endfacet
  facet normal -0 0 1
    outer loop
      vertex 222.936 133.681 10
      vertex 224.774 132.138 10
      vertex 223.172 133.938 10
    endloop
  endfacet
  facet normal 0 0 1
    outer loop
      vertex 224.774 132.138 10
      vertex 222.936 133.681 10
      vertex 224.689 132.028 10
    endloop
  endfacet
  facet normal 0 0 1
    outer loop
      vertex 224.689 132.028 10
      vertex 222.723 133.404 10
      vertex 224.614 131.91 10
    endloop
  endfacet
  facet normal -0 0 1
    outer loop
      vertex 222.723 133.404 10
      vertex 224.689 132.028 10
      vertex 222.936 133.681 10
    endloop
  endfacet
  facet normal -0 0 1
    outer loop
      vertex 227.311 130.192 10
      vertex 229.277 128.816 10
      vertex 227.386 130.31 10
    endloop
  endfacet
  facet normal 0 0 1
    outer loop
      vertex 229.277 128.816 10
      vertex 227.311 130.192 10
      vertex 229.064 128.539 10
    endloop
  endfacet
  facet normal -0 0 1
    outer loop
      vertex 227.226 130.082 10
      vertex 229.064 128.539 10
      vertex 227.311 130.192 10
    endloop
  endfacet
  facet normal 0 0 1
    outer loop
      vertex 229.064 128.539 10
      vertex 227.226 130.082 10
      vertex 228.828 128.282 10
    endloop
  endfacet
  facet normal -0 0 1
    outer loop
      vertex 227.131 129.979 10
      vertex 228.828 128.282 10
      vertex 227.226 130.082 10
    endloop
  endfacet
  facet normal 0 0 1
    outer loop
      vertex 228.828 128.282 10
      vertex 227.131 129.979 10
      vertex 228.571 128.046 10
    endloop
  endfacet
  facet normal -0 0 1
    outer loop
      vertex 227.028 129.884 10
      vertex 228.571 128.046 10
      vertex 227.131 129.979 10
    endloop
  endfacet
  facet normal 0 0 1
    outer loop
      vertex 228.571 128.046 10
      vertex 227.028 129.884 10
      vertex 228.294 127.833 10
    endloop
  endfacet
  facet normal -0 0 1
    outer loop
      vertex 226.918 129.799 10
      vertex 228.294 127.833 10
      vertex 227.028 129.884 10
    endloop
  endfacet
  facet normal 0 0 1
    outer loop
      vertex 228.294 127.833 10
      vertex 226.918 129.799 10
      vertex 228 127.646 10
    endloop
  endfacet
  facet normal -0 0 1
    outer loop
      vertex 226.8 129.724 10
      vertex 228 127.646 10
      vertex 226.918 129.799 10
    endloop
  endfacet
  facet normal 0 0 1
    outer loop
      vertex 228 127.646 10
      vertex 226.8 129.724 10
      vertex 227.69 127.485 10
    endloop
  endfacet
  facet normal -0 0 1
    outer loop
      vertex 226.676 129.66 10
      vertex 227.69 127.485 10
      vertex 226.8 129.724 10
    endloop
  endfacet
  facet normal 0 0 1
    outer loop
      vertex 227.69 127.485 10
      vertex 226.676 129.66 10
      vertex 227.368 127.351 10
    endloop
  endfacet
  facet normal -0 0 1
    outer loop
      vertex 226.547 129.606 10
      vertex 227.368 127.351 10
      vertex 226.676 129.66 10
    endloop
  endfacet
  facet normal 0 0 1
    outer loop
      vertex 227.368 127.351 10
      vertex 226.547 129.606 10
      vertex 227.035 127.246 10
    endloop
  endfacet
  facet normal -0 0 1
    outer loop
      vertex 226.414 129.565 10
      vertex 227.035 127.246 10
      vertex 226.547 129.606 10
    endloop
  endfacet
  facet normal 0 0 1
    outer loop
      vertex 227.035 127.246 10
      vertex 226.414 129.565 10
      vertex 226.695 127.171 10
    endloop
  endfacet
  facet normal -0 0 1
    outer loop
      vertex 226.278 129.534 10
      vertex 226.695 127.171 10
      vertex 226.414 129.565 10
    endloop
  endfacet
  facet normal 0 0 1
    outer loop
      vertex 226.695 127.171 10
      vertex 226.278 129.534 10
      vertex 226.349 127.125 10
    endloop
  endfacet
  facet normal -0 0 1
    outer loop
      vertex 226.139 129.516 10
      vertex 226.349 127.125 10
      vertex 226.278 129.534 10
    endloop
  endfacet
  facet normal -0 0 1
    outer loop
      vertex 226 129.51 10
      vertex 226.349 127.125 10
      vertex 226.139 129.516 10
    endloop
  endfacet
  facet normal 0 0 1
    outer loop
      vertex 226 129.51 10
      vertex 226 127.11 10
      vertex 226.349 127.125 10
    endloop
  endfacet
  facet normal 0 0 1
    outer loop
      vertex 225.861 129.516 10
      vertex 226 127.11 10
      vertex 226 129.51 10
    endloop
  endfacet
  facet normal 0 0 1
    outer loop
      vertex 225.651 127.125 10
      vertex 225.861 129.516 10
      vertex 225.722 129.534 10
    endloop
  endfacet
  facet normal 0 0 1
    outer loop
      vertex 225.861 129.516 10
      vertex 225.651 127.125 10
      vertex 226 127.11 10
    endloop
  endfacet
  facet normal 0 0 1
    outer loop
      vertex 225.305 127.171 10
      vertex 225.722 129.534 10
      vertex 225.586 129.565 10
    endloop
  endfacet
  facet normal 0 0 1
    outer loop
      vertex 224.965 127.246 10
      vertex 225.586 129.565 10
      vertex 225.453 129.606 10
    endloop
  endfacet
  facet normal 0 0 1
    outer loop
      vertex 224.632 127.351 10
      vertex 225.453 129.606 10
      vertex 225.324 129.66 10
    endloop
  endfacet
  facet normal 0 0 1
    outer loop
      vertex 225.722 129.534 10
      vertex 225.305 127.171 10
      vertex 225.651 127.125 10
    endloop
  endfacet
  facet normal 0 0 1
    outer loop
      vertex 224.31 127.485 10
      vertex 225.324 129.66 10
      vertex 225.2 129.724 10
    endloop
  endfacet
  facet normal 0 0 1
    outer loop
      vertex 224 127.646 10
      vertex 225.2 129.724 10
      vertex 225.082 129.799 10
    endloop
  endfacet
  facet normal 0 0 1
    outer loop
      vertex 223.706 127.833 10
      vertex 225.082 129.799 10
      vertex 224.972 129.884 10
    endloop
  endfacet
  facet normal 0 0 1
    outer loop
      vertex 225.586 129.565 10
      vertex 224.965 127.246 10
      vertex 225.305 127.171 10
    endloop
  endfacet
  facet normal 0 0 1
    outer loop
      vertex 223.429 128.046 10
      vertex 224.972 129.884 10
      vertex 224.869 129.979 10
    endloop
  endfacet
  facet normal 0 0 1
    outer loop
      vertex 223.172 128.282 10
      vertex 224.869 129.979 10
      vertex 224.774 130.082 10
    endloop
  endfacet
  facet normal 0 0 1
    outer loop
      vertex 222.936 128.539 10
      vertex 224.774 130.082 10
      vertex 224.689 130.192 10
    endloop
  endfacet
  facet normal 0 0 1
    outer loop
      vertex 225.453 129.606 10
      vertex 224.632 127.351 10
      vertex 224.965 127.246 10
    endloop
  endfacet
  facet normal 0 0 1
    outer loop
      vertex 222.723 128.816 10
      vertex 224.689 130.192 10
      vertex 224.614 130.31 10
    endloop
  endfacet
  facet normal 0 0 1
    outer loop
      vertex 222.536 129.11 10
      vertex 224.614 130.31 10
      vertex 224.55 130.434 10
    endloop
  endfacet
  facet normal 0 0 1
    outer loop
      vertex 222.375 129.42 10
      vertex 224.55 130.434 10
      vertex 224.496 130.563 10
    endloop
  endfacet
  facet normal 0 0 1
    outer loop
      vertex 222.241 129.742 10
      vertex 224.496 130.563 10
      vertex 224.455 130.696 10
    endloop
  endfacet
  facet normal 0 0 1
    outer loop
      vertex 222.136 130.075 10
      vertex 224.455 130.696 10
      vertex 224.424 130.832 10
    endloop
  endfacet
  facet normal 0 0 1
    outer loop
      vertex 222.061 130.415 10
      vertex 224.424 130.832 10
      vertex 224.406 130.971 10
    endloop
  endfacet
  facet normal 0 0 1
    outer loop
      vertex 225.324 129.66 10
      vertex 224.31 127.485 10
      vertex 224.632 127.351 10
    endloop
  endfacet
  facet normal 0 0 1
    outer loop
      vertex 222.015 130.761 10
      vertex 224.406 130.971 10
      vertex 224.4 131.11 10
    endloop
  endfacet
  facet normal -0 0 1
    outer loop
      vertex 222.536 133.11 10
      vertex 224.614 131.91 10
      vertex 222.723 133.404 10
    endloop
  endfacet
  facet normal 0 0 1
    outer loop
      vertex 224.614 131.91 10
      vertex 222.536 133.11 10
      vertex 224.55 131.786 10
    endloop
  endfacet
  facet normal 0 0 1
    outer loop
      vertex 225.2 129.724 10
      vertex 224 127.646 10
      vertex 224.31 127.485 10
    endloop
  endfacet
  facet normal -0 0 1
    outer loop
      vertex 222.375 132.8 10
      vertex 224.55 131.786 10
      vertex 222.536 133.11 10
    endloop
  endfacet
  facet normal 0 0 1
    outer loop
      vertex 225.082 129.799 10
      vertex 223.706 127.833 10
      vertex 224 127.646 10
    endloop
  endfacet
  facet normal 0 0 1
    outer loop
      vertex 224.55 131.786 10
      vertex 222.375 132.8 10
      vertex 224.496 131.657 10
    endloop
  endfacet
  facet normal 0 0 1
    outer loop
      vertex 224.972 129.884 10
      vertex 223.429 128.046 10
      vertex 223.706 127.833 10
    endloop
  endfacet
  facet normal -0 0 1
    outer loop
      vertex 222.241 132.478 10
      vertex 224.496 131.657 10
      vertex 222.375 132.8 10
    endloop
  endfacet
  facet normal 0 0 1
    outer loop
      vertex 224.869 129.979 10
      vertex 223.172 128.282 10
      vertex 223.429 128.046 10
    endloop
  endfacet
  facet normal 0 0 1
    outer loop
      vertex 224.496 131.657 10
      vertex 222.241 132.478 10
      vertex 224.455 131.524 10
    endloop
  endfacet
  facet normal 0 0 1
    outer loop
      vertex 224.774 130.082 10
      vertex 222.936 128.539 10
      vertex 223.172 128.282 10
    endloop
  endfacet
  facet normal -0 0 1
    outer loop
      vertex 222.136 132.145 10
      vertex 224.455 131.524 10
      vertex 222.241 132.478 10
    endloop
  endfacet
  facet normal 0 0 1
    outer loop
      vertex 224.689 130.192 10
      vertex 222.723 128.816 10
      vertex 222.936 128.539 10
    endloop
  endfacet
  facet normal 0 0 1
    outer loop
      vertex 224.455 131.524 10
      vertex 222.136 132.145 10
      vertex 224.424 131.388 10
    endloop
  endfacet
  facet normal 0 0 1
    outer loop
      vertex 224.614 130.31 10
      vertex 222.536 129.11 10
      vertex 222.723 128.816 10
    endloop
  endfacet
  facet normal -0 0 1
    outer loop
      vertex 222.061 131.805 10
      vertex 224.424 131.388 10
      vertex 222.136 132.145 10
    endloop
  endfacet
  facet normal 0 0 1
    outer loop
      vertex 224.55 130.434 10
      vertex 222.375 129.42 10
      vertex 222.536 129.11 10
    endloop
  endfacet
  facet normal 0 0 1
    outer loop
      vertex 224.424 131.388 10
      vertex 222.061 131.805 10
      vertex 224.406 131.249 10
    endloop
  endfacet
  facet normal 0 0 1
    outer loop
      vertex 224.496 130.563 10
      vertex 222.241 129.742 10
      vertex 222.375 129.42 10
    endloop
  endfacet
  facet normal -0 0 1
    outer loop
      vertex 222.015 131.459 10
      vertex 224.406 131.249 10
      vertex 222.061 131.805 10
    endloop
  endfacet
  facet normal 0 0 1
    outer loop
      vertex 224.455 130.696 10
      vertex 222.136 130.075 10
      vertex 222.241 129.742 10
    endloop
  endfacet
  facet normal 0 0 1
    outer loop
      vertex 224.406 131.249 10
      vertex 222.015 131.459 10
      vertex 224.4 131.11 10
    endloop
  endfacet
  facet normal 0 0 1
    outer loop
      vertex 224.424 130.832 10
      vertex 222.061 130.415 10
      vertex 222.136 130.075 10
    endloop
  endfacet
  facet normal 0 0 1
    outer loop
      vertex 222 131.11 10
      vertex 224.4 131.11 10
      vertex 222.015 131.459 10
    endloop
  endfacet
  facet normal 0 0 1
    outer loop
      vertex 224.406 130.971 10
      vertex 222.015 130.761 10
      vertex 222.061 130.415 10
    endloop
  endfacet
  facet normal 0 0 1
    outer loop
      vertex 224.4 131.11 10
      vertex 222 131.11 10
      vertex 222.015 130.761 10
    endloop
  endfacet
  facet normal -0.923246 0.384208 0
    outer loop
      vertex 222.241 132.478 3
      vertex 222.375 132.8 10
      vertex 222.375 132.8 3
    endloop
  endfacet
  facet normal -0.923246 0.384208 0
    outer loop
      vertex 222.375 132.8 10
      vertex 222.241 132.478 3
      vertex 222.241 132.478 10
    endloop
  endfacet
  facet normal -0.53669 -0.84378 0
    outer loop
      vertex 223.706 127.833 3
      vertex 224 127.646 10
      vertex 223.706 127.833 10
    endloop
  endfacet
  facet normal -0.53669 -0.84378 -0
    outer loop
      vertex 224 127.646 10
      vertex 223.706 127.833 3
      vertex 224 127.646 3
    endloop
  endfacet
  facet normal -0.887451 0.460902 0
    outer loop
      vertex 222.375 132.8 3
      vertex 222.536 133.11 10
      vertex 222.536 133.11 3
    endloop
  endfacet
  facet normal -0.887451 0.460902 0
    outer loop
      vertex 222.536 133.11 10
      vertex 222.375 132.8 3
      vertex 222.375 132.8 10
    endloop
  endfacet
  facet normal 0.30072 -0.953712 0
    outer loop
      vertex 227.035 127.246 3
      vertex 227.368 127.351 10
      vertex 227.035 127.246 10
    endloop
  endfacet
  facet normal 0.30072 -0.953712 0
    outer loop
      vertex 227.368 127.351 10
      vertex 227.035 127.246 3
      vertex 227.368 127.351 3
    endloop
  endfacet
  facet normal -0.736559 0.676373 0
    outer loop
      vertex 222.936 133.681 3
      vertex 223.172 133.938 10
      vertex 223.172 133.938 3
    endloop
  endfacet
  facet normal -0.736559 0.676373 0
    outer loop
      vertex 223.172 133.938 10
      vertex 222.936 133.681 3
      vertex 222.936 133.681 10
    endloop
  endfacet
  facet normal 0.84378 0.53669 0
    outer loop
      vertex 229.464 133.11 10
      vertex 229.277 133.404 3
      vertex 229.277 133.404 10
    endloop
  endfacet
  facet normal 0.84378 0.53669 0
    outer loop
      vertex 229.277 133.404 3
      vertex 229.464 133.11 10
      vertex 229.464 133.11 3
    endloop
  endfacet
  facet normal 0.460902 -0.887451 0
    outer loop
      vertex 227.69 127.485 3
      vertex 228 127.646 10
      vertex 227.69 127.485 10
    endloop
  endfacet
  facet normal 0.460902 -0.887451 0
    outer loop
      vertex 228 127.646 10
      vertex 227.69 127.485 3
      vertex 228 127.646 3
    endloop
  endfacet
  facet normal -0.976524 0.21541 0
    outer loop
      vertex 222.061 131.805 3
      vertex 222.136 132.145 10
      vertex 222.136 132.145 3
    endloop
  endfacet
  facet normal -0.976524 0.21541 0
    outer loop
      vertex 222.136 132.145 10
      vertex 222.061 131.805 3
      vertex 222.061 131.805 10
    endloop
  endfacet
  facet normal 0.79273 0.609572 0
    outer loop
      vertex 229.277 133.404 10
      vertex 229.064 133.681 3
      vertex 229.064 133.681 10
    endloop
  endfacet
  facet normal 0.79273 0.609572 0
    outer loop
      vertex 229.064 133.681 3
      vertex 229.277 133.404 10
      vertex 229.277 133.404 3
    endloop
  endfacet
  facet normal 0.0429403 -0.999078 0
    outer loop
      vertex 226 127.11 3
      vertex 226.349 127.125 10
      vertex 226 127.11 10
    endloop
  endfacet
  facet normal 0.0429403 -0.999078 0
    outer loop
      vertex 226.349 127.125 10
      vertex 226 127.11 3
      vertex 226.349 127.125 3
    endloop
  endfacet
  facet normal 0.953712 -0.30072 0
    outer loop
      vertex 229.759 129.742 10
      vertex 229.864 130.075 3
      vertex 229.864 130.075 10
    endloop
  endfacet
  facet normal 0.953712 -0.30072 0
    outer loop
      vertex 229.864 130.075 3
      vertex 229.759 129.742 10
      vertex 229.759 129.742 3
    endloop
  endfacet
  facet normal 0.84378 -0.53669 0
    outer loop
      vertex 229.277 128.816 10
      vertex 229.464 129.11 3
      vertex 229.464 129.11 10
    endloop
  endfacet
  facet normal 0.84378 -0.53669 0
    outer loop
      vertex 229.464 129.11 3
      vertex 229.277 128.816 10
      vertex 229.277 128.816 3
    endloop
  endfacet
  facet normal -0.676373 -0.736559 0
    outer loop
      vertex 223.172 128.282 3
      vertex 223.429 128.046 10
      vertex 223.172 128.282 10
    endloop
  endfacet
  facet normal -0.676373 -0.736559 -0
    outer loop
      vertex 223.429 128.046 10
      vertex 223.172 128.282 3
      vertex 223.429 128.046 3
    endloop
  endfacet
  facet normal -0.131788 0.991278 0
    outer loop
      vertex 225.651 135.095 3
      vertex 225.305 135.049 10
      vertex 225.651 135.095 10
    endloop
  endfacet
  facet normal -0.131788 0.991278 0
    outer loop
      vertex 225.305 135.049 10
      vertex 225.651 135.095 3
      vertex 225.305 135.049 3
    endloop
  endfacet
  facet normal -0.53669 0.84378 0
    outer loop
      vertex 224 134.574 3
      vertex 223.706 134.387 10
      vertex 224 134.574 10
    endloop
  endfacet
  facet normal -0.53669 0.84378 0
    outer loop
      vertex 223.706 134.387 10
      vertex 224 134.574 3
      vertex 223.706 134.387 3
    endloop
  endfacet
  facet normal -0.976524 -0.21541 0
    outer loop
      vertex 222.136 130.075 3
      vertex 222.061 130.415 10
      vertex 222.061 130.415 3
    endloop
  endfacet
  facet normal -0.976524 -0.21541 0
    outer loop
      vertex 222.061 130.415 10
      vertex 222.136 130.075 3
      vertex 222.136 130.075 10
    endloop
  endfacet
  facet normal 0.923246 0.384208 0
    outer loop
      vertex 229.759 132.478 10
      vertex 229.625 132.8 3
      vertex 229.625 132.8 10
    endloop
  endfacet
  facet normal 0.923246 0.384208 0
    outer loop
      vertex 229.625 132.8 3
      vertex 229.759 132.478 10
      vertex 229.759 132.478 3
    endloop
  endfacet
  facet normal -0.460902 0.887451 0
    outer loop
      vertex 224.31 134.735 3
      vertex 224 134.574 10
      vertex 224.31 134.735 10
    endloop
  endfacet
  facet normal -0.460902 0.887451 0
    outer loop
      vertex 224 134.574 10
      vertex 224.31 134.735 3
      vertex 224 134.574 3
    endloop
  endfacet
  facet normal 0.887451 0.460902 0
    outer loop
      vertex 229.625 132.8 10
      vertex 229.464 133.11 3
      vertex 229.464 133.11 10
    endloop
  endfacet
  facet normal 0.887451 0.460902 0
    outer loop
      vertex 229.464 133.11 3
      vertex 229.625 132.8 10
      vertex 229.625 132.8 3
    endloop
  endfacet
  facet normal 0.999078 -0.0429403 0
    outer loop
      vertex 229.985 130.761 10
      vertex 230 131.11 3
      vertex 230 131.11 10
    endloop
  endfacet
  facet normal 0.999078 -0.0429403 0
    outer loop
      vertex 230 131.11 3
      vertex 229.985 130.761 10
      vertex 229.985 130.761 3
    endloop
  endfacet
  facet normal 0.991278 -0.131788 0
    outer loop
      vertex 229.939 130.415 10
      vertex 229.985 130.761 3
      vertex 229.985 130.761 10
    endloop
  endfacet
  facet normal 0.991278 -0.131788 0
    outer loop
      vertex 229.985 130.761 3
      vertex 229.939 130.415 10
      vertex 229.939 130.415 3
    endloop
  endfacet
  facet normal -0.676373 0.736559 0
    outer loop
      vertex 223.429 134.174 3
      vertex 223.172 133.938 10
      vertex 223.429 134.174 10
    endloop
  endfacet
  facet normal -0.676373 0.736559 0
    outer loop
      vertex 223.172 133.938 10
      vertex 223.429 134.174 3
      vertex 223.172 133.938 3
    endloop
  endfacet
  facet normal -0.0429403 -0.999078 0
    outer loop
      vertex 225.651 127.125 3
      vertex 226 127.11 10
      vertex 225.651 127.125 10
    endloop
  endfacet
  facet normal -0.0429403 -0.999078 -0
    outer loop
      vertex 226 127.11 10
      vertex 225.651 127.125 3
      vertex 226 127.11 3
    endloop
  endfacet
  facet normal 0.53669 -0.84378 0
    outer loop
      vertex 228 127.646 3
      vertex 228.294 127.833 10
      vertex 228 127.646 10
    endloop
  endfacet
  facet normal 0.53669 -0.84378 0
    outer loop
      vertex 228.294 127.833 10
      vertex 228 127.646 3
      vertex 228.294 127.833 3
    endloop
  endfacet
  facet normal -0.384208 0.923246 0
    outer loop
      vertex 224.632 134.869 3
      vertex 224.31 134.735 10
      vertex 224.632 134.869 10
    endloop
  endfacet
  facet normal -0.384208 0.923246 0
    outer loop
      vertex 224.31 134.735 10
      vertex 224.632 134.869 3
      vertex 224.31 134.735 3
    endloop
  endfacet
  facet normal -0.999078 -0.0429403 0
    outer loop
      vertex 222.015 130.761 3
      vertex 222 131.11 10
      vertex 222 131.11 3
    endloop
  endfacet
  facet normal -0.999078 -0.0429403 0
    outer loop
      vertex 222 131.11 10
      vertex 222.015 130.761 3
      vertex 222.015 130.761 10
    endloop
  endfacet
  facet normal -0.0429403 0.999078 0
    outer loop
      vertex 226 135.11 3
      vertex 225.651 135.095 10
      vertex 226 135.11 10
    endloop
  endfacet
  facet normal -0.0429403 0.999078 0
    outer loop
      vertex 225.651 135.095 10
      vertex 226 135.11 3
      vertex 225.651 135.095 3
    endloop
  endfacet
  facet normal -0.887451 -0.460902 0
    outer loop
      vertex 222.536 129.11 3
      vertex 222.375 129.42 10
      vertex 222.375 129.42 3
    endloop
  endfacet
  facet normal -0.887451 -0.460902 0
    outer loop
      vertex 222.375 129.42 10
      vertex 222.536 129.11 3
      vertex 222.536 129.11 10
    endloop
  endfacet
  facet normal -0.79273 0.609572 0
    outer loop
      vertex 222.723 133.404 3
      vertex 222.936 133.681 10
      vertex 222.936 133.681 3
    endloop
  endfacet
  facet normal -0.79273 0.609572 0
    outer loop
      vertex 222.936 133.681 10
      vertex 222.723 133.404 3
      vertex 222.723 133.404 10
    endloop
  endfacet
  facet normal -0.736559 -0.676373 0
    outer loop
      vertex 223.172 128.282 3
      vertex 222.936 128.539 10
      vertex 222.936 128.539 3
    endloop
  endfacet
  facet normal -0.736559 -0.676373 0
    outer loop
      vertex 222.936 128.539 10
      vertex 223.172 128.282 3
      vertex 223.172 128.282 10
    endloop
  endfacet
  facet normal -0.991278 -0.131788 0
    outer loop
      vertex 222.061 130.415 3
      vertex 222.015 130.761 10
      vertex 222.015 130.761 3
    endloop
  endfacet
  facet normal -0.991278 -0.131788 0
    outer loop
      vertex 222.015 130.761 10
      vertex 222.061 130.415 3
      vertex 222.061 130.415 10
    endloop
  endfacet
  facet normal 0.21541 -0.976524 0
    outer loop
      vertex 226.695 127.171 3
      vertex 227.035 127.246 10
      vertex 226.695 127.171 10
    endloop
  endfacet
  facet normal 0.21541 -0.976524 0
    outer loop
      vertex 227.035 127.246 10
      vertex 226.695 127.171 3
      vertex 227.035 127.246 3
    endloop
  endfacet
  facet normal 0.887451 -0.460902 0
    outer loop
      vertex 229.464 129.11 10
      vertex 229.625 129.42 3
      vertex 229.625 129.42 10
    endloop
  endfacet
  facet normal 0.887451 -0.460902 0
    outer loop
      vertex 229.625 129.42 3
      vertex 229.464 129.11 10
      vertex 229.464 129.11 3
    endloop
  endfacet
  facet normal 0.609572 -0.79273 0
    outer loop
      vertex 228.294 127.833 3
      vertex 228.571 128.046 10
      vertex 228.294 127.833 10
    endloop
  endfacet
  facet normal 0.609572 -0.79273 0
    outer loop
      vertex 228.571 128.046 10
      vertex 228.294 127.833 3
      vertex 228.571 128.046 3
    endloop
  endfacet
  facet normal 0.676373 0.736559 -0
    outer loop
      vertex 228.828 133.938 3
      vertex 228.571 134.174 10
      vertex 228.828 133.938 10
    endloop
  endfacet
  facet normal 0.676373 0.736559 0
    outer loop
      vertex 228.571 134.174 10
      vertex 228.828 133.938 3
      vertex 228.571 134.174 3
    endloop
  endfacet
  facet normal -0.999078 0.0429403 0
    outer loop
      vertex 222 131.11 3
      vertex 222.015 131.459 10
      vertex 222.015 131.459 3
    endloop
  endfacet
  facet normal -0.999078 0.0429403 0
    outer loop
      vertex 222.015 131.459 10
      vertex 222 131.11 3
      vertex 222 131.11 10
    endloop
  endfacet
  facet normal -0.384208 -0.923246 0
    outer loop
      vertex 224.31 127.485 3
      vertex 224.632 127.351 10
      vertex 224.31 127.485 10
    endloop
  endfacet
  facet normal -0.384208 -0.923246 -0
    outer loop
      vertex 224.632 127.351 10
      vertex 224.31 127.485 3
      vertex 224.632 127.351 3
    endloop
  endfacet
  facet normal 0.736559 -0.676373 0
    outer loop
      vertex 228.828 128.282 10
      vertex 229.064 128.539 3
      vertex 229.064 128.539 10
    endloop
  endfacet
  facet normal 0.736559 -0.676373 0
    outer loop
      vertex 229.064 128.539 3
      vertex 228.828 128.282 10
      vertex 228.828 128.282 3
    endloop
  endfacet
  facet normal -0.131788 -0.991278 0
    outer loop
      vertex 225.305 127.171 3
      vertex 225.651 127.125 10
      vertex 225.305 127.171 10
    endloop
  endfacet
  facet normal -0.131788 -0.991278 -0
    outer loop
      vertex 225.651 127.125 10
      vertex 225.305 127.171 3
      vertex 225.651 127.125 3
    endloop
  endfacet
  facet normal 0.676373 -0.736559 0
    outer loop
      vertex 228.571 128.046 3
      vertex 228.828 128.282 10
      vertex 228.571 128.046 10
    endloop
  endfacet
  facet normal 0.676373 -0.736559 0
    outer loop
      vertex 228.828 128.282 10
      vertex 228.571 128.046 3
      vertex 228.828 128.282 3
    endloop
  endfacet
  facet normal -0.21541 -0.976524 0
    outer loop
      vertex 224.965 127.246 3
      vertex 225.305 127.171 10
      vertex 224.965 127.246 10
    endloop
  endfacet
  facet normal -0.21541 -0.976524 -0
    outer loop
      vertex 225.305 127.171 10
      vertex 224.965 127.246 3
      vertex 225.305 127.171 3
    endloop
  endfacet
  facet normal -0.30072 -0.953712 0
    outer loop
      vertex 224.632 127.351 3
      vertex 224.965 127.246 10
      vertex 224.632 127.351 10
    endloop
  endfacet
  facet normal -0.30072 -0.953712 -0
    outer loop
      vertex 224.965 127.246 10
      vertex 224.632 127.351 3
      vertex 224.965 127.246 3
    endloop
  endfacet
  facet normal -0.991719 -0.128424 0
    outer loop
      vertex 227.594 131.249 3
      vertex 227.576 131.388 10
      vertex 227.576 131.388 3
    endloop
  endfacet
  facet normal -0.991719 -0.128424 0
    outer loop
      vertex 227.576 131.388 10
      vertex 227.594 131.249 3
      vertex 227.594 131.249 10
    endloop
  endfacet
  facet normal -0.99907 -0.0431253 0
    outer loop
      vertex 227.6 131.11 3
      vertex 227.594 131.249 10
      vertex 227.594 131.249 3
    endloop
  endfacet
  facet normal -0.99907 -0.0431253 0
    outer loop
      vertex 227.594 131.249 10
      vertex 227.6 131.11 3
      vertex 227.6 131.11 10
    endloop
  endfacet
  facet normal -0.974992 -0.222241 0
    outer loop
      vertex 227.576 131.388 3
      vertex 227.545 131.524 10
      vertex 227.545 131.524 3
    endloop
  endfacet
  facet normal -0.974992 -0.222241 0
    outer loop
      vertex 227.545 131.524 10
      vertex 227.576 131.388 3
      vertex 227.576 131.388 10
    endloop
  endfacet
  facet normal -0.611448 -0.791285 0
    outer loop
      vertex 226.918 132.421 3
      vertex 227.028 132.336 10
      vertex 226.918 132.421 10
    endloop
  endfacet
  facet normal -0.611448 -0.791285 -0
    outer loop
      vertex 227.028 132.336 10
      vertex 226.918 132.421 3
      vertex 227.028 132.336 3
    endloop
  endfacet
  facet normal -0.735077 0.677984 0
    outer loop
      vertex 227.131 129.979 3
      vertex 227.226 130.082 10
      vertex 227.226 130.082 3
    endloop
  endfacet
  facet normal -0.735077 0.677984 0
    outer loop
      vertex 227.226 130.082 10
      vertex 227.131 129.979 3
      vertex 227.131 129.979 10
    endloop
  endfacet
  facet normal 0.611448 -0.791285 0
    outer loop
      vertex 224.972 132.336 3
      vertex 225.082 132.421 10
      vertex 224.972 132.336 10
    endloop
  endfacet
  facet normal 0.611448 -0.791285 0
    outer loop
      vertex 225.082 132.421 10
      vertex 224.972 132.336 3
      vertex 225.082 132.421 3
    endloop
  endfacet
  facet normal 0.536413 -0.843956 0
    outer loop
      vertex 225.082 132.421 3
      vertex 225.2 132.496 10
      vertex 225.082 132.421 10
    endloop
  endfacet
  facet normal 0.536413 -0.843956 0
    outer loop
      vertex 225.2 132.496 10
      vertex 225.082 132.421 3
      vertex 225.2 132.496 3
    endloop
  endfacet
  facet normal -0.458643 -0.888621 0
    outer loop
      vertex 226.676 132.56 3
      vertex 226.8 132.496 10
      vertex 226.676 132.56 10
    endloop
  endfacet
  facet normal -0.458643 -0.888621 -0
    outer loop
      vertex 226.8 132.496 10
      vertex 226.676 132.56 3
      vertex 226.8 132.496 3
    endloop
  endfacet
  facet normal 0.458643 -0.888621 0
    outer loop
      vertex 225.2 132.496 3
      vertex 225.324 132.56 10
      vertex 225.2 132.496 10
    endloop
  endfacet
  facet normal 0.458643 -0.888621 0
    outer loop
      vertex 225.324 132.56 10
      vertex 225.2 132.496 3
      vertex 225.324 132.56 3
    endloop
  endfacet
  facet normal 0.386138 -0.922441 0
    outer loop
      vertex 225.324 132.56 3
      vertex 225.453 132.614 10
      vertex 225.324 132.56 10
    endloop
  endfacet
  facet normal 0.386138 -0.922441 0
    outer loop
      vertex 225.453 132.614 10
      vertex 225.324 132.56 3
      vertex 225.453 132.614 3
    endloop
  endfacet
  facet normal 0.791285 -0.611448 0
    outer loop
      vertex 224.689 132.028 10
      vertex 224.774 132.138 3
      vertex 224.774 132.138 10
    endloop
  endfacet
  facet normal 0.791285 -0.611448 0
    outer loop
      vertex 224.774 132.138 3
      vertex 224.689 132.028 10
      vertex 224.689 132.028 3
    endloop
  endfacet
  facet normal -0.922441 0.386138 0
    outer loop
      vertex 227.45 130.434 3
      vertex 227.504 130.563 10
      vertex 227.504 130.563 3
    endloop
  endfacet
  facet normal -0.922441 0.386138 0
    outer loop
      vertex 227.504 130.563 10
      vertex 227.45 130.434 3
      vertex 227.45 130.434 10
    endloop
  endfacet
  facet normal -0.922441 -0.386138 0
    outer loop
      vertex 227.504 131.657 3
      vertex 227.45 131.786 10
      vertex 227.45 131.786 3
    endloop
  endfacet
  facet normal -0.922441 -0.386138 0
    outer loop
      vertex 227.45 131.786 10
      vertex 227.504 131.657 3
      vertex 227.504 131.657 10
    endloop
  endfacet
  facet normal -0.536413 -0.843956 0
    outer loop
      vertex 226.8 132.496 3
      vertex 226.918 132.421 10
      vertex 226.8 132.496 10
    endloop
  endfacet
  facet normal -0.536413 -0.843956 -0
    outer loop
      vertex 226.918 132.421 10
      vertex 226.8 132.496 3
      vertex 226.918 132.421 3
    endloop
  endfacet
  facet normal 0.99907 0.0431253 0
    outer loop
      vertex 224.406 130.971 10
      vertex 224.4 131.11 3
      vertex 224.4 131.11 10
    endloop
  endfacet
  facet normal 0.99907 0.0431253 0
    outer loop
      vertex 224.4 131.11 3
      vertex 224.406 130.971 10
      vertex 224.406 130.971 3
    endloop
  endfacet
  facet normal 0.888621 0.458643 0
    outer loop
      vertex 224.614 130.31 10
      vertex 224.55 130.434 3
      vertex 224.55 130.434 10
    endloop
  endfacet
  facet normal 0.888621 0.458643 0
    outer loop
      vertex 224.55 130.434 3
      vertex 224.614 130.31 10
      vertex 224.614 130.31 3
    endloop
  endfacet
  facet normal 0.974992 -0.222241 0
    outer loop
      vertex 224.424 131.388 10
      vertex 224.455 131.524 3
      vertex 224.455 131.524 10
    endloop
  endfacet
  facet normal 0.974992 -0.222241 0
    outer loop
      vertex 224.455 131.524 3
      vertex 224.424 131.388 10
      vertex 224.424 131.388 3
    endloop
  endfacet
  facet normal 0.991719 -0.128424 0
    outer loop
      vertex 224.406 131.249 10
      vertex 224.424 131.388 3
      vertex 224.424 131.388 10
    endloop
  endfacet
  facet normal 0.991719 -0.128424 0
    outer loop
      vertex 224.424 131.388 3
      vertex 224.406 131.249 10
      vertex 224.406 131.249 3
    endloop
  endfacet
  facet normal -0.294591 0.955624 0
    outer loop
      vertex 226.547 129.606 3
      vertex 226.414 129.565 10
      vertex 226.547 129.606 10
    endloop
  endfacet
  facet normal -0.294591 0.955624 0
    outer loop
      vertex 226.414 129.565 10
      vertex 226.547 129.606 3
      vertex 226.414 129.565 3
    endloop
  endfacet
  facet normal 0.294591 -0.955624 0
    outer loop
      vertex 225.453 132.614 3
      vertex 225.586 132.655 10
      vertex 225.453 132.614 10
    endloop
  endfacet
  facet normal 0.294591 -0.955624 0
    outer loop
      vertex 225.586 132.655 10
      vertex 225.453 132.614 3
      vertex 225.586 132.655 3
    endloop
  endfacet
  facet normal -0.386138 -0.922441 0
    outer loop
      vertex 226.547 132.614 3
      vertex 226.676 132.56 10
      vertex 226.547 132.614 10
    endloop
  endfacet
  facet normal -0.386138 -0.922441 -0
    outer loop
      vertex 226.676 132.56 10
      vertex 226.547 132.614 3
      vertex 226.676 132.56 3
    endloop
  endfacet
  facet normal -0.974992 0.222241 0
    outer loop
      vertex 227.545 130.696 3
      vertex 227.576 130.832 10
      vertex 227.576 130.832 3
    endloop
  endfacet
  facet normal -0.974992 0.222241 0
    outer loop
      vertex 227.576 130.832 10
      vertex 227.545 130.696 3
      vertex 227.545 130.696 10
    endloop
  endfacet
  facet normal 0.458643 0.888621 -0
    outer loop
      vertex 225.324 129.66 3
      vertex 225.2 129.724 10
      vertex 225.324 129.66 10
    endloop
  endfacet
  facet normal 0.458643 0.888621 0
    outer loop
      vertex 225.2 129.724 10
      vertex 225.324 129.66 3
      vertex 225.2 129.724 3
    endloop
  endfacet
  facet normal -0.843956 -0.536413 0
    outer loop
      vertex 227.386 131.91 3
      vertex 227.311 132.028 10
      vertex 227.311 132.028 3
    endloop
  endfacet
  facet normal -0.843956 -0.536413 0
    outer loop
      vertex 227.311 132.028 10
      vertex 227.386 131.91 3
      vertex 227.386 131.91 10
    endloop
  endfacet
  facet normal -0.0431253 0.99907 0
    outer loop
      vertex 226.139 129.516 3
      vertex 226 129.51 10
      vertex 226.139 129.516 10
    endloop
  endfacet
  facet normal -0.0431253 0.99907 0
    outer loop
      vertex 226 129.51 10
      vertex 226.139 129.516 3
      vertex 226 129.51 3
    endloop
  endfacet
  facet normal -0.536413 0.843956 0
    outer loop
      vertex 226.918 129.799 3
      vertex 226.8 129.724 10
      vertex 226.918 129.799 10
    endloop
  endfacet
  facet normal -0.536413 0.843956 0
    outer loop
      vertex 226.8 129.724 10
      vertex 226.918 129.799 3
      vertex 226.8 129.724 3
    endloop
  endfacet
  facet normal 0.677984 0.735077 -0
    outer loop
      vertex 224.972 129.884 3
      vertex 224.869 129.979 10
      vertex 224.972 129.884 10
    endloop
  endfacet
  facet normal 0.677984 0.735077 0
    outer loop
      vertex 224.869 129.979 10
      vertex 224.972 129.884 3
      vertex 224.869 129.979 3
    endloop
  endfacet
  facet normal 0.735077 -0.677984 0
    outer loop
      vertex 224.774 132.138 10
      vertex 224.869 132.241 3
      vertex 224.869 132.241 10
    endloop
  endfacet
  facet normal 0.735077 -0.677984 0
    outer loop
      vertex 224.869 132.241 3
      vertex 224.774 132.138 10
      vertex 224.774 132.138 3
    endloop
  endfacet
  facet normal 0.974992 0.222241 0
    outer loop
      vertex 224.455 130.696 10
      vertex 224.424 130.832 3
      vertex 224.424 130.832 10
    endloop
  endfacet
  facet normal 0.974992 0.222241 0
    outer loop
      vertex 224.424 130.832 3
      vertex 224.455 130.696 10
      vertex 224.455 130.696 3
    endloop
  endfacet
  facet normal -0.128424 0.991719 0
    outer loop
      vertex 226.278 129.534 3
      vertex 226.139 129.516 10
      vertex 226.278 129.534 10
    endloop
  endfacet
  facet normal -0.128424 0.991719 0
    outer loop
      vertex 226.139 129.516 10
      vertex 226.278 129.534 3
      vertex 226.139 129.516 3
    endloop
  endfacet
  facet normal 0.677984 -0.735077 0
    outer loop
      vertex 224.869 132.241 3
      vertex 224.972 132.336 10
      vertex 224.869 132.241 10
    endloop
  endfacet
  facet normal 0.677984 -0.735077 0
    outer loop
      vertex 224.972 132.336 10
      vertex 224.869 132.241 3
      vertex 224.972 132.336 3
    endloop
  endfacet
  facet normal 0.922441 0.386138 0
    outer loop
      vertex 224.55 130.434 10
      vertex 224.496 130.563 3
      vertex 224.496 130.563 10
    endloop
  endfacet
  facet normal 0.922441 0.386138 0
    outer loop
      vertex 224.496 130.563 3
      vertex 224.55 130.434 10
      vertex 224.55 130.434 3
    endloop
  endfacet
  facet normal -0.991719 0.128424 0
    outer loop
      vertex 227.576 130.832 3
      vertex 227.594 130.971 10
      vertex 227.594 130.971 3
    endloop
  endfacet
  facet normal -0.991719 0.128424 0
    outer loop
      vertex 227.594 130.971 10
      vertex 227.576 130.832 3
      vertex 227.576 130.832 10
    endloop
  endfacet
  facet normal -0.99907 0.0431253 0
    outer loop
      vertex 227.594 130.971 3
      vertex 227.6 131.11 10
      vertex 227.6 131.11 3
    endloop
  endfacet
  facet normal -0.99907 0.0431253 0
    outer loop
      vertex 227.6 131.11 10
      vertex 227.594 130.971 3
      vertex 227.594 130.971 10
    endloop
  endfacet
  facet normal -0.955624 -0.294591 0
    outer loop
      vertex 227.545 131.524 3
      vertex 227.504 131.657 10
      vertex 227.504 131.657 3
    endloop
  endfacet
  facet normal -0.955624 -0.294591 0
    outer loop
      vertex 227.504 131.657 10
      vertex 227.545 131.524 3
      vertex 227.545 131.524 10
    endloop
  endfacet
  facet normal -0.791285 0.611448 0
    outer loop
      vertex 227.226 130.082 3
      vertex 227.311 130.192 10
      vertex 227.311 130.192 3
    endloop
  endfacet
  facet normal -0.791285 0.611448 0
    outer loop
      vertex 227.311 130.192 10
      vertex 227.226 130.082 3
      vertex 227.226 130.082 10
    endloop
  endfacet
  facet normal -0.222241 -0.974992 0
    outer loop
      vertex 226.278 132.686 3
      vertex 226.414 132.655 10
      vertex 226.278 132.686 10
    endloop
  endfacet
  facet normal -0.222241 -0.974992 -0
    outer loop
      vertex 226.414 132.655 10
      vertex 226.278 132.686 3
      vertex 226.414 132.655 3
    endloop
  endfacet
  facet normal 0.991719 0.128424 0
    outer loop
      vertex 224.424 130.832 10
      vertex 224.406 130.971 3
      vertex 224.406 130.971 10
    endloop
  endfacet
  facet normal 0.991719 0.128424 0
    outer loop
      vertex 224.406 130.971 3
      vertex 224.424 130.832 10
      vertex 224.424 130.832 3
    endloop
  endfacet
  facet normal -0.294591 -0.955624 0
    outer loop
      vertex 226.414 132.655 3
      vertex 226.547 132.614 10
      vertex 226.414 132.655 10
    endloop
  endfacet
  facet normal -0.294591 -0.955624 -0
    outer loop
      vertex 226.547 132.614 10
      vertex 226.414 132.655 3
      vertex 226.547 132.614 3
    endloop
  endfacet
  facet normal -0.222241 0.974992 0
    outer loop
      vertex 226.414 129.565 3
      vertex 226.278 129.534 10
      vertex 226.414 129.565 10
    endloop
  endfacet
  facet normal -0.222241 0.974992 0
    outer loop
      vertex 226.278 129.534 10
      vertex 226.414 129.565 3
      vertex 226.278 129.534 3
    endloop
  endfacet
  facet normal -0.0431253 -0.99907 0
    outer loop
      vertex 226 132.71 3
      vertex 226.139 132.704 10
      vertex 226 132.71 10
    endloop
  endfacet
  facet normal -0.0431253 -0.99907 -0
    outer loop
      vertex 226.139 132.704 10
      vertex 226 132.71 3
      vertex 226.139 132.704 3
    endloop
  endfacet
  facet normal -0.888621 -0.458643 0
    outer loop
      vertex 227.45 131.786 3
      vertex 227.386 131.91 10
      vertex 227.386 131.91 3
    endloop
  endfacet
  facet normal -0.888621 -0.458643 0
    outer loop
      vertex 227.386 131.91 10
      vertex 227.45 131.786 3
      vertex 227.45 131.786 10
    endloop
  endfacet
  facet normal 0.843956 -0.536413 0
    outer loop
      vertex 224.614 131.91 10
      vertex 224.689 132.028 3
      vertex 224.689 132.028 10
    endloop
  endfacet
  facet normal 0.843956 -0.536413 0
    outer loop
      vertex 224.689 132.028 3
      vertex 224.614 131.91 10
      vertex 224.614 131.91 3
    endloop
  endfacet
  facet normal 0.888621 -0.458643 0
    outer loop
      vertex 224.55 131.786 10
      vertex 224.614 131.91 3
      vertex 224.614 131.91 10
    endloop
  endfacet
  facet normal 0.888621 -0.458643 0
    outer loop
      vertex 224.614 131.91 3
      vertex 224.55 131.786 10
      vertex 224.55 131.786 3
    endloop
  endfacet
  facet normal -0.458643 0.888621 0
    outer loop
      vertex 226.8 129.724 3
      vertex 226.676 129.66 10
      vertex 226.8 129.724 10
    endloop
  endfacet
  facet normal -0.458643 0.888621 0
    outer loop
      vertex 226.676 129.66 10
      vertex 226.8 129.724 3
      vertex 226.676 129.66 3
    endloop
  endfacet
  facet normal 0.222241 -0.974992 0
    outer loop
      vertex 225.586 132.655 3
      vertex 225.722 132.686 10
      vertex 225.586 132.655 10
    endloop
  endfacet
  facet normal 0.222241 -0.974992 0
    outer loop
      vertex 225.722 132.686 10
      vertex 225.586 132.655 3
      vertex 225.722 132.686 3
    endloop
  endfacet
  facet normal 0.128424 -0.991719 0
    outer loop
      vertex 225.722 132.686 3
      vertex 225.861 132.704 10
      vertex 225.722 132.686 10
    endloop
  endfacet
  facet normal 0.128424 -0.991719 0
    outer loop
      vertex 225.861 132.704 10
      vertex 225.722 132.686 3
      vertex 225.861 132.704 3
    endloop
  endfacet
  facet normal -0.677984 -0.735077 0
    outer loop
      vertex 227.028 132.336 3
      vertex 227.131 132.241 10
      vertex 227.028 132.336 10
    endloop
  endfacet
  facet normal -0.677984 -0.735077 -0
    outer loop
      vertex 227.131 132.241 10
      vertex 227.028 132.336 3
      vertex 227.131 132.241 3
    endloop
  endfacet
  facet normal 0.843956 0.536413 0
    outer loop
      vertex 224.689 130.192 10
      vertex 224.614 130.31 3
      vertex 224.614 130.31 10
    endloop
  endfacet
  facet normal 0.843956 0.536413 0
    outer loop
      vertex 224.614 130.31 3
      vertex 224.689 130.192 10
      vertex 224.689 130.192 3
    endloop
  endfacet
  facet normal 0.0431253 -0.99907 0
    outer loop
      vertex 225.861 132.704 3
      vertex 226 132.71 10
      vertex 225.861 132.704 10
    endloop
  endfacet
  facet normal 0.0431253 -0.99907 0
    outer loop
      vertex 226 132.71 10
      vertex 225.861 132.704 3
      vertex 226 132.71 3
    endloop
  endfacet
  facet normal -0.677984 0.735077 0
    outer loop
      vertex 227.131 129.979 3
      vertex 227.028 129.884 10
      vertex 227.131 129.979 10
    endloop
  endfacet
  facet normal -0.677984 0.735077 0
    outer loop
      vertex 227.028 129.884 10
      vertex 227.131 129.979 3
      vertex 227.028 129.884 3
    endloop
  endfacet
  facet normal 0.735077 0.677984 0
    outer loop
      vertex 224.869 129.979 10
      vertex 224.774 130.082 3
      vertex 224.774 130.082 10
    endloop
  endfacet
  facet normal 0.735077 0.677984 0
    outer loop
      vertex 224.774 130.082 3
      vertex 224.869 129.979 10
      vertex 224.869 129.979 3
    endloop
  endfacet
  facet normal 0.791285 0.611448 0
    outer loop
      vertex 224.774 130.082 10
      vertex 224.689 130.192 3
      vertex 224.689 130.192 10
    endloop
  endfacet
  facet normal 0.791285 0.611448 0
    outer loop
      vertex 224.689 130.192 3
      vertex 224.774 130.082 10
      vertex 224.774 130.082 3
    endloop
  endfacet
  facet normal 0.294591 0.955624 -0
    outer loop
      vertex 225.586 129.565 3
      vertex 225.453 129.606 10
      vertex 225.586 129.565 10
    endloop
  endfacet
  facet normal 0.294591 0.955624 0
    outer loop
      vertex 225.453 129.606 10
      vertex 225.586 129.565 3
      vertex 225.453 129.606 3
    endloop
  endfacet
  facet normal -0.386138 0.922441 0
    outer loop
      vertex 226.676 129.66 3
      vertex 226.547 129.606 10
      vertex 226.676 129.66 10
    endloop
  endfacet
  facet normal -0.386138 0.922441 0
    outer loop
      vertex 226.547 129.606 10
      vertex 226.676 129.66 3
      vertex 226.547 129.606 3
    endloop
  endfacet
  facet normal -0.843956 0.536413 0
    outer loop
      vertex 227.311 130.192 3
      vertex 227.386 130.31 10
      vertex 227.386 130.31 3
    endloop
  endfacet
  facet normal -0.843956 0.536413 0
    outer loop
      vertex 227.386 130.31 10
      vertex 227.311 130.192 3
      vertex 227.311 130.192 10
    endloop
  endfacet
  facet normal -0.888621 0.458643 0
    outer loop
      vertex 227.386 130.31 3
      vertex 227.45 130.434 10
      vertex 227.45 130.434 3
    endloop
  endfacet
  facet normal -0.888621 0.458643 0
    outer loop
      vertex 227.45 130.434 10
      vertex 227.386 130.31 3
      vertex 227.386 130.31 10
    endloop
  endfacet
  facet normal -0.955624 0.294591 0
    outer loop
      vertex 227.504 130.563 3
      vertex 227.545 130.696 10
      vertex 227.545 130.696 3
    endloop
  endfacet
  facet normal -0.955624 0.294591 0
    outer loop
      vertex 227.545 130.696 10
      vertex 227.504 130.563 3
      vertex 227.504 130.563 10
    endloop
  endfacet
  facet normal 0.0431253 0.99907 -0
    outer loop
      vertex 226 129.51 3
      vertex 225.861 129.516 10
      vertex 226 129.51 10
    endloop
  endfacet
  facet normal 0.0431253 0.99907 0
    outer loop
      vertex 225.861 129.516 10
      vertex 226 129.51 3
      vertex 225.861 129.516 3
    endloop
  endfacet
  facet normal 0.922441 -0.386138 0
    outer loop
      vertex 224.496 131.657 10
      vertex 224.55 131.786 3
      vertex 224.55 131.786 10
    endloop
  endfacet
  facet normal 0.922441 -0.386138 0
    outer loop
      vertex 224.55 131.786 3
      vertex 224.496 131.657 10
      vertex 224.496 131.657 3
    endloop
  endfacet
  facet normal 0.955624 -0.294591 0
    outer loop
      vertex 224.455 131.524 10
      vertex 224.496 131.657 3
      vertex 224.496 131.657 10
    endloop
  endfacet
  facet normal 0.955624 -0.294591 0
    outer loop
      vertex 224.496 131.657 3
      vertex 224.455 131.524 10
      vertex 224.455 131.524 3
    endloop
  endfacet
  facet normal -0.611448 0.791285 0
    outer loop
      vertex 227.028 129.884 3
      vertex 226.918 129.799 10
      vertex 227.028 129.884 10
    endloop
  endfacet
  facet normal -0.611448 0.791285 0
    outer loop
      vertex 226.918 129.799 10
      vertex 227.028 129.884 3
      vertex 226.918 129.799 3
    endloop
  endfacet
  facet normal -0.735077 -0.677984 0
    outer loop
      vertex 227.226 132.138 3
      vertex 227.131 132.241 10
      vertex 227.131 132.241 3
    endloop
  endfacet
  facet normal -0.735077 -0.677984 0
    outer loop
      vertex 227.131 132.241 10
      vertex 227.226 132.138 3
      vertex 227.226 132.138 10
    endloop
  endfacet
  facet normal 0.99907 -0.0431253 0
    outer loop
      vertex 224.4 131.11 10
      vertex 224.406 131.249 3
      vertex 224.406 131.249 10
    endloop
  endfacet
  facet normal 0.99907 -0.0431253 0
    outer loop
      vertex 224.406 131.249 3
      vertex 224.4 131.11 10
      vertex 224.4 131.11 3
    endloop
  endfacet
  facet normal 0.611448 0.791285 -0
    outer loop
      vertex 225.082 129.799 3
      vertex 224.972 129.884 10
      vertex 225.082 129.799 10
    endloop
  endfacet
  facet normal 0.611448 0.791285 0
    outer loop
      vertex 224.972 129.884 10
      vertex 225.082 129.799 3
      vertex 224.972 129.884 3
    endloop
  endfacet
  facet normal 0.955624 0.294591 0
    outer loop
      vertex 224.496 130.563 10
      vertex 224.455 130.696 3
      vertex 224.455 130.696 10
    endloop
  endfacet
  facet normal 0.955624 0.294591 0
    outer loop
      vertex 224.455 130.696 3
      vertex 224.496 130.563 10
      vertex 224.496 130.563 3
    endloop
  endfacet
  facet normal -0.128424 -0.991719 0
    outer loop
      vertex 226.139 132.704 3
      vertex 226.278 132.686 10
      vertex 226.139 132.704 10
    endloop
  endfacet
  facet normal -0.128424 -0.991719 -0
    outer loop
      vertex 226.278 132.686 10
      vertex 226.139 132.704 3
      vertex 226.278 132.686 3
    endloop
  endfacet
  facet normal 0.536413 0.843956 -0
    outer loop
      vertex 225.2 129.724 3
      vertex 225.082 129.799 10
      vertex 225.2 129.724 10
    endloop
  endfacet
  facet normal 0.536413 0.843956 0
    outer loop
      vertex 225.082 129.799 10
      vertex 225.2 129.724 3
      vertex 225.082 129.799 3
    endloop
  endfacet
  facet normal 0.386138 0.922441 -0
    outer loop
      vertex 225.453 129.606 3
      vertex 225.324 129.66 10
      vertex 225.453 129.606 10
    endloop
  endfacet
  facet normal 0.386138 0.922441 0
    outer loop
      vertex 225.324 129.66 10
      vertex 225.453 129.606 3
      vertex 225.324 129.66 3
    endloop
  endfacet
  facet normal 0.128424 0.991719 -0
    outer loop
      vertex 225.861 129.516 3
      vertex 225.722 129.534 10
      vertex 225.861 129.516 10
    endloop
  endfacet
  facet normal 0.128424 0.991719 0
    outer loop
      vertex 225.722 129.534 10
      vertex 225.861 129.516 3
      vertex 225.722 129.534 3
    endloop
  endfacet
  facet normal 0.222241 0.974992 -0
    outer loop
      vertex 225.722 129.534 3
      vertex 225.586 129.565 10
      vertex 225.722 129.534 10
    endloop
  endfacet
  facet normal 0.222241 0.974992 0
    outer loop
      vertex 225.586 129.565 10
      vertex 225.722 129.534 3
      vertex 225.586 129.565 3
    endloop
  endfacet
  facet normal -0.791285 -0.611448 0
    outer loop
      vertex 227.311 132.028 3
      vertex 227.226 132.138 10
      vertex 227.226 132.138 3
    endloop
  endfacet
  facet normal -0.791285 -0.611448 0
    outer loop
      vertex 227.226 132.138 10
      vertex 227.311 132.028 3
      vertex 227.311 132.028 10
    endloop
  endfacet
  facet normal 1 -0 0
    outer loop
      vertex 243.75 0 108
      vertex 243.75 148.86 0
      vertex 243.75 148.86 108
    endloop
  endfacet
  facet normal 1 0 0
    outer loop
      vertex 243.75 148.86 0
      vertex 243.75 0 108
      vertex 243.75 0 0
    endloop
  endfacet
  facet normal 0 0 -1
    outer loop
      vertex 0 0 0
      vertex 243.75 148.86 0
      vertex 243.75 0 0
    endloop
  endfacet
  facet normal -0 0 -1
    outer loop
      vertex 243.75 148.86 0
      vertex 0 0 0
      vertex 0 148.86 0
    endloop
  endfacet
  facet normal -1 0 0
    outer loop
      vertex 0 0 0
      vertex 0 148.86 108
      vertex 0 148.86 0
    endloop
  endfacet
  facet normal -1 -0 0
    outer loop
      vertex 0 148.86 108
      vertex 0 0 0
      vertex 0 0 108
    endloop
  endfacet
  facet normal 0 1 0
    outer loop
      vertex 243.75 148.86 108
      vertex 240.75 148.86 9
      vertex 240.75 148.86 108
    endloop
  endfacet
  facet normal 0 1 0
    outer loop
      vertex 240.75 148.86 9
      vertex 243.75 148.86 0
      vertex 3 148.86 9
    endloop
  endfacet
  facet normal 0 1 -0
    outer loop
      vertex 243.75 148.86 0
      vertex 240.75 148.86 9
      vertex 243.75 148.86 108
    endloop
  endfacet
  facet normal 0 1 -0
    outer loop
      vertex 3 148.86 9
      vertex 0 148.86 108
      vertex 3 148.86 108
    endloop
  endfacet
  facet normal 0 1 0
    outer loop
      vertex 3 148.86 9
      vertex 0 148.86 0
      vertex 0 148.86 108
    endloop
  endfacet
  facet normal 0 1 0
    outer loop
      vertex 0 148.86 0
      vertex 3 148.86 9
      vertex 243.75 148.86 0
    endloop
  endfacet
  facet normal 0 -1 0
    outer loop
      vertex 0 0 108
      vertex 3 0 9
      vertex 3 0 108
    endloop
  endfacet
  facet normal 0 -1 -0
    outer loop
      vertex 3 0 9
      vertex 0 0 0
      vertex 240.75 0 9
    endloop
  endfacet
  facet normal 0 -1 0
    outer loop
      vertex 0 0 0
      vertex 3 0 9
      vertex 0 0 108
    endloop
  endfacet
  facet normal 0 -1 0
    outer loop
      vertex 240.75 0 9
      vertex 243.75 0 108
      vertex 240.75 0 108
    endloop
  endfacet
  facet normal 0 -1 0
    outer loop
      vertex 240.75 0 9
      vertex 243.75 0 0
      vertex 243.75 0 108
    endloop
  endfacet
  facet normal 0 -1 0
    outer loop
      vertex 243.75 0 0
      vertex 240.75 0 9
      vertex 0 0 0
    endloop
  endfacet
  facet normal 1 0 0
    outer loop
      vertex 3 148.86 108
      vertex 3 146.501 105
      vertex 3 148.86 9
    endloop
  endfacet
  facet normal 1 0 0
    outer loop
      vertex 3 148.86 108
      vertex 3 141.219 105
      vertex 3 146.501 105
    endloop
  endfacet
  facet normal 1 0 0
    outer loop
      vertex 3 141.219 105
      vertex 3 7.64119 105
      vertex 3 141.219 3
    endloop
  endfacet
  facet normal 1 0 0
    outer loop
      vertex 3 148.86 108
      vertex 3 7.64119 105
      vertex 3 141.219 105
    endloop
  endfacet
  facet normal 1 -0 0
    outer loop
      vertex 3 0 108
      vertex 3 7.64119 105
      vertex 3 148.86 108
    endloop
  endfacet
  facet normal 1 0 0
    outer loop
      vertex 3 7.64119 105
      vertex 3 0 108
      vertex 3 2.35881 105
    endloop
  endfacet
  facet normal 1 0 0
    outer loop
      vertex 3 0 9
      vertex 3 2.35881 105
      vertex 3 0 108
    endloop
  endfacet
  facet normal 1 0 0
    outer loop
      vertex 3 2.35881 105
      vertex 3 0 9
      vertex 3 2.35881 9
    endloop
  endfacet
  facet normal 1 0 0
    outer loop
      vertex 3 148.86 9
      vertex 3 146.501 105
      vertex 3 146.501 9
    endloop
  endfacet
  facet normal 1 0 0
    outer loop
      vertex 3 141.219 3
      vertex 3 7.64119 105
      vertex 3 7.64119 3
    endloop
  endfacet
  facet normal -0 0 1
    outer loop
      vertex 0 148.86 108
      vertex 3 0 108
      vertex 3 148.86 108
    endloop
  endfacet
  facet normal 0 0 1
    outer loop
      vertex 3 0 108
      vertex 0 148.86 108
      vertex 0 0 108
    endloop
  endfacet
  facet normal -0 0 1
    outer loop
      vertex 240.75 148.86 108
      vertex 243.75 0 108
      vertex 243.75 148.86 108
    endloop
  endfacet
  facet normal 0 0 1
    outer loop
      vertex 243.75 0 108
      vertex 240.75 148.86 108
      vertex 240.75 0 108
    endloop
  endfacet
  facet normal -1 0 0
    outer loop
      vertex 240.75 2.35881 9
      vertex 240.75 0 9
      vertex 240.75 2.35881 105
    endloop
  endfacet
  facet normal -1 0 0
    outer loop
      vertex 240.75 141.219 3
      vertex 240.75 7.64119 3
      vertex 240.75 141.219 105
    endloop
  endfacet
  facet normal -1 0 0
    outer loop
      vertex 240.75 146.501 105
      vertex 240.75 148.86 9
      vertex 240.75 146.501 9
    endloop
  endfacet
  facet normal -1 0 0
    outer loop
      vertex 240.75 148.86 9
      vertex 240.75 146.501 105
      vertex 240.75 148.86 108
    endloop
  endfacet
  facet normal -1 0 0
    outer loop
      vertex 240.75 141.219 105
      vertex 240.75 148.86 108
      vertex 240.75 146.501 105
    endloop
  endfacet
  facet normal -1 0 0
    outer loop
      vertex 240.75 7.64119 105
      vertex 240.75 141.219 105
      vertex 240.75 7.64119 3
    endloop
  endfacet
  facet normal -1 0 0
    outer loop
      vertex 240.75 7.64119 105
      vertex 240.75 148.86 108
      vertex 240.75 141.219 105
    endloop
  endfacet
  facet normal -1 0 0
    outer loop
      vertex 240.75 0 108
      vertex 240.75 7.64119 105
      vertex 240.75 2.35881 105
    endloop
  endfacet
  facet normal -1 0 0
    outer loop
      vertex 240.75 7.64119 105
      vertex 240.75 0 108
      vertex 240.75 148.86 108
    endloop
  endfacet
  facet normal -1 0 0
    outer loop
      vertex 240.75 0 108
      vertex 240.75 2.35881 105
      vertex 240.75 0 9
    endloop
  endfacet
  facet normal -0 0 1
    outer loop
      vertex 240.578 2.17157 9
      vertex 240.75 0 9
      vertex 240.75 2.35881 9
    endloop
  endfacet
  facet normal -0 0 1
    outer loop
      vertex 240.321 1.93582 9
      vertex 240.75 0 9
      vertex 240.578 2.17157 9
    endloop
  endfacet
  facet normal -0 0 1
    outer loop
      vertex 240.044 1.72339 9
      vertex 240.75 0 9
      vertex 240.321 1.93582 9
    endloop
  endfacet
  facet normal -0 0 1
    outer loop
      vertex 239.75 1.5359 9
      vertex 240.75 0 9
      vertex 240.044 1.72339 9
    endloop
  endfacet
  facet normal -0 0 1
    outer loop
      vertex 239.44 1.37477 9
      vertex 240.75 0 9
      vertex 239.75 1.5359 9
    endloop
  endfacet
  facet normal -0 0 1
    outer loop
      vertex 239.118 1.24123 9
      vertex 240.75 0 9
      vertex 239.44 1.37477 9
    endloop
  endfacet
  facet normal -0 0 1
    outer loop
      vertex 238.785 1.1363 9
      vertex 240.75 0 9
      vertex 239.118 1.24123 9
    endloop
  endfacet
  facet normal -0 0 1
    outer loop
      vertex 238.445 1.06077 9
      vertex 240.75 0 9
      vertex 238.785 1.1363 9
    endloop
  endfacet
  facet normal -0 0 1
    outer loop
      vertex 238.099 1.01522 9
      vertex 240.75 0 9
      vertex 238.445 1.06077 9
    endloop
  endfacet
  facet normal -0 0 1
    outer loop
      vertex 237.75 1 9
      vertex 240.75 0 9
      vertex 238.099 1.01522 9
    endloop
  endfacet
  facet normal 0 0 1
    outer loop
      vertex 237.401 1.01522 9
      vertex 240.75 0 9
      vertex 237.75 1 9
    endloop
  endfacet
  facet normal 0 0 1
    outer loop
      vertex 237.055 1.06077 9
      vertex 240.75 0 9
      vertex 237.401 1.01522 9
    endloop
  endfacet
  facet normal 0 0 1
    outer loop
      vertex 236.715 1.1363 9
      vertex 240.75 0 9
      vertex 237.055 1.06077 9
    endloop
  endfacet
  facet normal -0 0 1
    outer loop
      vertex 9.4641 3 9
      vertex 234.473 2.70569 9
      vertex 234.286 3 9
    endloop
  endfacet
  facet normal 0 0 1
    outer loop
      vertex 9.27661 2.70569 9
      vertex 234.473 2.70569 9
      vertex 9.4641 3 9
    endloop
  endfacet
  facet normal 0 0 1
    outer loop
      vertex 234.473 2.70569 9
      vertex 9.27661 2.70569 9
      vertex 234.686 2.42885 9
    endloop
  endfacet
  facet normal 0 0 1
    outer loop
      vertex 9.06418 2.42885 9
      vertex 234.686 2.42885 9
      vertex 9.27661 2.70569 9
    endloop
  endfacet
  facet normal 0 0 1
    outer loop
      vertex 234.686 2.42885 9
      vertex 9.06418 2.42885 9
      vertex 234.922 2.17157 9
    endloop
  endfacet
  facet normal 0 0 1
    outer loop
      vertex 8.82843 2.17157 9
      vertex 234.922 2.17157 9
      vertex 9.06418 2.42885 9
    endloop
  endfacet
  facet normal 0 0 1
    outer loop
      vertex 234.922 2.17157 9
      vertex 8.82843 2.17157 9
      vertex 235.179 1.93582 9
    endloop
  endfacet
  facet normal 0 0 1
    outer loop
      vertex 8.57115 1.93582 9
      vertex 235.179 1.93582 9
      vertex 8.82843 2.17157 9
    endloop
  endfacet
  facet normal 0 0 1
    outer loop
      vertex 235.179 1.93582 9
      vertex 8.57115 1.93582 9
      vertex 235.456 1.72339 9
    endloop
  endfacet
  facet normal 0 0 1
    outer loop
      vertex 8.2943 1.72339 9
      vertex 235.456 1.72339 9
      vertex 8.57115 1.93582 9
    endloop
  endfacet
  facet normal 0 0 1
    outer loop
      vertex 235.456 1.72339 9
      vertex 8.2943 1.72339 9
      vertex 235.75 1.5359 9
    endloop
  endfacet
  facet normal 0 0 1
    outer loop
      vertex 8 1.5359 9
      vertex 235.75 1.5359 9
      vertex 8.2943 1.72339 9
    endloop
  endfacet
  facet normal 0 0 1
    outer loop
      vertex 235.75 1.5359 9
      vertex 8 1.5359 9
      vertex 236.06 1.37477 9
    endloop
  endfacet
  facet normal 0 0 1
    outer loop
      vertex 7.69047 1.37477 9
      vertex 236.06 1.37477 9
      vertex 8 1.5359 9
    endloop
  endfacet
  facet normal 0 0 1
    outer loop
      vertex 236.06 1.37477 9
      vertex 7.69047 1.37477 9
      vertex 236.382 1.24123 9
    endloop
  endfacet
  facet normal 0 0 1
    outer loop
      vertex 7.36808 1.24123 9
      vertex 236.382 1.24123 9
      vertex 7.69047 1.37477 9
    endloop
  endfacet
  facet normal 0 0 1
    outer loop
      vertex 236.382 1.24123 9
      vertex 7.36808 1.24123 9
      vertex 236.715 1.1363 9
    endloop
  endfacet
  facet normal 0 0 1
    outer loop
      vertex 7.03528 1.1363 9
      vertex 236.715 1.1363 9
      vertex 7.36808 1.24123 9
    endloop
  endfacet
  facet normal 0 0 1
    outer loop
      vertex 236.715 1.1363 9
      vertex 7.03528 1.1363 9
      vertex 240.75 0 9
    endloop
  endfacet
  facet normal 0 0 1
    outer loop
      vertex 3 0 9
      vertex 7.03528 1.1363 9
      vertex 6.69459 1.06077 9
    endloop
  endfacet
  facet normal 0 0 1
    outer loop
      vertex 3 0 9
      vertex 6.69459 1.06077 9
      vertex 6.34862 1.01522 9
    endloop
  endfacet
  facet normal 0 0 1
    outer loop
      vertex 3 0 9
      vertex 6.34862 1.01522 9
      vertex 6 1 9
    endloop
  endfacet
  facet normal 0 0 1
    outer loop
      vertex 7.03528 1.1363 9
      vertex 3 0 9
      vertex 240.75 0 9
    endloop
  endfacet
  facet normal 0 0 1
    outer loop
      vertex 5.65138 1.01522 9
      vertex 3 0 9
      vertex 6 1 9
    endloop
  endfacet
  facet normal 0 0 1
    outer loop
      vertex 5.30541 1.06077 9
      vertex 3 0 9
      vertex 5.65138 1.01522 9
    endloop
  endfacet
  facet normal 0 0 1
    outer loop
      vertex 4.96472 1.1363 9
      vertex 3 0 9
      vertex 5.30541 1.06077 9
    endloop
  endfacet
  facet normal 0 0 1
    outer loop
      vertex 4.63192 1.24123 9
      vertex 3 0 9
      vertex 4.96472 1.1363 9
    endloop
  endfacet
  facet normal 0 0 1
    outer loop
      vertex 4.30953 1.37477 9
      vertex 3 0 9
      vertex 4.63192 1.24123 9
    endloop
  endfacet
  facet normal 0 0 1
    outer loop
      vertex 4 1.5359 9
      vertex 3 0 9
      vertex 4.30953 1.37477 9
    endloop
  endfacet
  facet normal 0 0 1
    outer loop
      vertex 3.70569 1.72339 9
      vertex 3 0 9
      vertex 4 1.5359 9
    endloop
  endfacet
  facet normal 0 0 1
    outer loop
      vertex 3.42885 1.93582 9
      vertex 3 0 9
      vertex 3.70569 1.72339 9
    endloop
  endfacet
  facet normal 0 0 1
    outer loop
      vertex 3.17157 2.17157 9
      vertex 3 0 9
      vertex 3.42885 1.93582 9
    endloop
  endfacet
  facet normal 0 0 1
    outer loop
      vertex 3 0 9
      vertex 3.17157 2.17157 9
      vertex 3 2.35881 9
    endloop
  endfacet
  facet normal 0 1 -0
    outer loop
      vertex 234.286 3 3
      vertex 9.4641 3 9
      vertex 234.286 3 9
    endloop
  endfacet
  facet normal 0 1 0
    outer loop
      vertex 9.4641 3 9
      vertex 234.286 3 3
      vertex 9.4641 3 3
    endloop
  endfacet
  facet normal 0 0 1
    outer loop
      vertex 240.75 148.86 9
      vertex 240.578 146.688 9
      vertex 240.75 146.501 9
    endloop
  endfacet
  facet normal 0 0 1
    outer loop
      vertex 240.75 148.86 9
      vertex 240.321 146.924 9
      vertex 240.578 146.688 9
    endloop
  endfacet
  facet normal 0 0 1
    outer loop
      vertex 240.75 148.86 9
      vertex 240.044 147.137 9
      vertex 240.321 146.924 9
    endloop
  endfacet
  facet normal 0 0 1
    outer loop
      vertex 240.75 148.86 9
      vertex 239.75 147.324 9
      vertex 240.044 147.137 9
    endloop
  endfacet
  facet normal 0 0 1
    outer loop
      vertex 240.75 148.86 9
      vertex 239.44 147.485 9
      vertex 239.75 147.324 9
    endloop
  endfacet
  facet normal 0 0 1
    outer loop
      vertex 240.75 148.86 9
      vertex 239.118 147.619 9
      vertex 239.44 147.485 9
    endloop
  endfacet
  facet normal 0 0 1
    outer loop
      vertex 240.75 148.86 9
      vertex 238.785 147.724 9
      vertex 239.118 147.619 9
    endloop
  endfacet
  facet normal 0 0 1
    outer loop
      vertex 240.75 148.86 9
      vertex 238.445 147.799 9
      vertex 238.785 147.724 9
    endloop
  endfacet
  facet normal 0 0 1
    outer loop
      vertex 240.75 148.86 9
      vertex 238.099 147.845 9
      vertex 238.445 147.799 9
    endloop
  endfacet
  facet normal 0 0 1
    outer loop
      vertex 240.75 148.86 9
      vertex 237.75 147.86 9
      vertex 238.099 147.845 9
    endloop
  endfacet
  facet normal 0 0 1
    outer loop
      vertex 240.75 148.86 9
      vertex 237.401 147.845 9
      vertex 237.75 147.86 9
    endloop
  endfacet
  facet normal 0 0 1
    outer loop
      vertex 240.75 148.86 9
      vertex 237.055 147.799 9
      vertex 237.401 147.845 9
    endloop
  endfacet
  facet normal 0 0 1
    outer loop
      vertex 240.75 148.86 9
      vertex 236.715 147.724 9
      vertex 237.055 147.799 9
    endloop
  endfacet
  facet normal 0 0 1
    outer loop
      vertex 234.473 146.154 9
      vertex 9.4641 145.86 9
      vertex 234.286 145.86 9
    endloop
  endfacet
  facet normal 0 0 1
    outer loop
      vertex 9.27661 146.154 9
      vertex 234.473 146.154 9
      vertex 234.686 146.431 9
    endloop
  endfacet
  facet normal 0 0 1
    outer loop
      vertex 9.06418 146.431 9
      vertex 234.686 146.431 9
      vertex 234.922 146.688 9
    endloop
  endfacet
  facet normal 0 0 1
    outer loop
      vertex 8.82843 146.688 9
      vertex 234.922 146.688 9
      vertex 235.179 146.924 9
    endloop
  endfacet
  facet normal 0 0 1
    outer loop
      vertex 8.57115 146.924 9
      vertex 235.179 146.924 9
      vertex 235.456 147.137 9
    endloop
  endfacet
  facet normal 0 0 1
    outer loop
      vertex 8.2943 147.137 9
      vertex 235.456 147.137 9
      vertex 235.75 147.324 9
    endloop
  endfacet
  facet normal 0 0 1
    outer loop
      vertex 8 147.324 9
      vertex 235.75 147.324 9
      vertex 236.06 147.485 9
    endloop
  endfacet
  facet normal 0 0 1
    outer loop
      vertex 7.69047 147.485 9
      vertex 236.06 147.485 9
      vertex 236.382 147.619 9
    endloop
  endfacet
  facet normal 0 0 1
    outer loop
      vertex 7.36808 147.619 9
      vertex 236.382 147.619 9
      vertex 236.715 147.724 9
    endloop
  endfacet
  facet normal 0 0 1
    outer loop
      vertex 7.03528 147.724 9
      vertex 236.715 147.724 9
      vertex 240.75 148.86 9
    endloop
  endfacet
  facet normal 0 0 1
    outer loop
      vertex 234.473 146.154 9
      vertex 9.27661 146.154 9
      vertex 9.4641 145.86 9
    endloop
  endfacet
  facet normal 0 0 1
    outer loop
      vertex 234.686 146.431 9
      vertex 9.06418 146.431 9
      vertex 9.27661 146.154 9
    endloop
  endfacet
  facet normal 0 0 1
    outer loop
      vertex 234.922 146.688 9
      vertex 8.82843 146.688 9
      vertex 9.06418 146.431 9
    endloop
  endfacet
  facet normal 0 0 1
    outer loop
      vertex 235.179 146.924 9
      vertex 8.57115 146.924 9
      vertex 8.82843 146.688 9
    endloop
  endfacet
  facet normal 0 0 1
    outer loop
      vertex 235.456 147.137 9
      vertex 8.2943 147.137 9
      vertex 8.57115 146.924 9
    endloop
  endfacet
  facet normal 0 0 1
    outer loop
      vertex 235.75 147.324 9
      vertex 8 147.324 9
      vertex 8.2943 147.137 9
    endloop
  endfacet
  facet normal 0 0 1
    outer loop
      vertex 236.06 147.485 9
      vertex 7.69047 147.485 9
      vertex 8 147.324 9
    endloop
  endfacet
  facet normal 0 0 1
    outer loop
      vertex 236.382 147.619 9
      vertex 7.36808 147.619 9
      vertex 7.69047 147.485 9
    endloop
  endfacet
  facet normal 0 0 1
    outer loop
      vertex 236.715 147.724 9
      vertex 7.03528 147.724 9
      vertex 7.36808 147.619 9
    endloop
  endfacet
  facet normal -0 0 1
    outer loop
      vertex 3 148.86 9
      vertex 7.03528 147.724 9
      vertex 240.75 148.86 9
    endloop
  endfacet
  facet normal 0 0 1
    outer loop
      vertex 7.03528 147.724 9
      vertex 3 148.86 9
      vertex 6.69459 147.799 9
    endloop
  endfacet
  facet normal 0 0 1
    outer loop
      vertex 6.69459 147.799 9
      vertex 3 148.86 9
      vertex 6.34862 147.845 9
    endloop
  endfacet
  facet normal 0 0 1
    outer loop
      vertex 6.34862 147.845 9
      vertex 3 148.86 9
      vertex 6 147.86 9
    endloop
  endfacet
  facet normal 0 0 1
    outer loop
      vertex 3 148.86 9
      vertex 5.65138 147.845 9
      vertex 6 147.86 9
    endloop
  endfacet
  facet normal 0 0 1
    outer loop
      vertex 3 148.86 9
      vertex 5.30541 147.799 9
      vertex 5.65138 147.845 9
    endloop
  endfacet
  facet normal 0 0 1
    outer loop
      vertex 3 148.86 9
      vertex 4.96472 147.724 9
      vertex 5.30541 147.799 9
    endloop
  endfacet
  facet normal 0 0 1
    outer loop
      vertex 3 148.86 9
      vertex 4.63192 147.619 9
      vertex 4.96472 147.724 9
    endloop
  endfacet
  facet normal 0 0 1
    outer loop
      vertex 3 148.86 9
      vertex 4.30953 147.485 9
      vertex 4.63192 147.619 9
    endloop
  endfacet
  facet normal 0 0 1
    outer loop
      vertex 3 148.86 9
      vertex 4 147.324 9
      vertex 4.30953 147.485 9
    endloop
  endfacet
  facet normal 0 0 1
    outer loop
      vertex 3 148.86 9
      vertex 3.70569 147.137 9
      vertex 4 147.324 9
    endloop
  endfacet
  facet normal 0 0 1
    outer loop
      vertex 3 148.86 9
      vertex 3.42885 146.924 9
      vertex 3.70569 147.137 9
    endloop
  endfacet
  facet normal 0 0 1
    outer loop
      vertex 3 148.86 9
      vertex 3.17157 146.688 9
      vertex 3.42885 146.924 9
    endloop
  endfacet
  facet normal 0 0 1
    outer loop
      vertex 3.17157 146.688 9
      vertex 3 148.86 9
      vertex 3 146.501 9
    endloop
  endfacet
  facet normal 0 -1 0
    outer loop
      vertex 9.4641 145.86 3
      vertex 234.286 145.86 9
      vertex 9.4641 145.86 9
    endloop
  endfacet
  facet normal 0 -1 -0
    outer loop
      vertex 234.286 145.86 9
      vertex 9.4641 145.86 3
      vertex 234.286 145.86 3
    endloop
  endfacet
endsolid OpenSCAD_Model
